lookback,btc_ma,sl,tp,abs_mom,full_cagr,full_mdd,full_sharpe,full_calmar,full_total,is_cagr,is_mdd,is_sharpe,is_calmar,is_total,oos_cagr,oos_mdd,oos_sharpe,oos_calmar,oos_total,n_sl,n_tp,exposure,turnover_per_week
7,0,0.0,0.0,False,-0.6832617406324002,-0.7157153136287473,-2.012562960134532,-0.9546557515560142,-0.6772188323382295,-0.7689606264560207,-0.6177237857298186,-2.5356385702383517,-1.2448292330973159,-0.6168709538816233,-0.35142535954593024,-0.28956238526892,-0.6854301525230755,-1.2136429917150924,-0.1316520240023511,0,0,1.0,1.4292434241418641
7,0,0.0,0.0,True,-0.6432556427392773,-0.6489995484591193,-2.458535414147308,-0.9911495998210176,-0.6371596094886319,-0.6563193732592537,-0.5077418650198224,-2.6737823160433742,-1.2926241038517294,-0.5030909923285382,-0.6188151066399536,-0.3010527659064506,-2.0936027156030037,-2.055503807702085,-0.2698051657150379,0,0,0.9615384615384616,1.1100178681121977
7,0,0.0,0.1,False,-0.6768516357906029,-0.6812311365080772,-2.1561793759681844,-0.9935711970830882,-0.6707948753570749,-0.7301983338581248,-0.5768595615453347,-2.3656794438092654,-1.2658164699602357,-0.5759167304369637,-0.4954232848689405,-0.28210026574902713,-1.4739890321097053,-1.7561957396725671,-0.19989657428226504,0,49,1.0,1.4256727763321417
7,0,0.0,0.1,True,-0.6389519888723768,-0.6328547939859535,-2.701435724471507,-1.0096344294842439,-0.6328547939859535,-0.6128391946491046,-0.4678055162061685,-2.5369969108561805,-1.310029859457702,-0.4627783124401297,-0.6888718430703742,-0.3254403693814193,-3.0332878317758145,-2.116737528229049,-0.31658528589628043,0,37,0.9615384615384616,1.105653993025524
7,0,0.0,0.2,False,-0.6768129185983383,-0.6991094562619956,-2.0516729948260912,-0.968107229184293,-0.6707560809037022,-0.7480356193891188,-0.5953927660507928,-2.4258120504463965,-1.2563733757647033,-0.5944913189291061,-0.42091175302709727,-0.28956238523362166,-1.0143335524841433,-1.453613364482758,-0.1631487125939527,0,15,1.0,1.4331044238450603
7,0,0.0,0.2,True,-0.6428475464572201,-0.6420217650056559,-2.5953129971504967,-1.0012862203379616,-0.6367513665761163,-0.6335569828770404,-0.48662973735719794,-2.606128335075466,-1.3019282099729026,-0.4817804263969596,-0.6637233132423481,-0.3164718662020095,-2.5914854333487325,-2.0972585058119573,-0.2990449378468778,0,13,0.9615384615384616,1.1146158004368723
7,0,0.0,0.3,False,-0.6766060477879194,-0.7092608573636312,-2.001635105809166,-0.9539593800550452,-0.6705487985719034,-0.7609018445345441,-0.6090445102553075,-2.5119705882176,-1.2493370052963437,-0.608172315542598,-0.3553851992019267,-0.2895623852689203,-0.7071866681575141,-1.2273182474024582,-0.13338407710587752,0,7,1.0,1.4333498955826907
7,0,0.0,0.3,True,-0.6360942863082395,-0.6413500538300677,-2.451045197880681,-0.991805149948236,-0.6299967866778446,-0.644851067703249,-0.49704711905280485,-2.6495385545733243,-1.2973640586270894,-0.4922952020142083,-0.6210819257471643,-0.30100658045615414,-2.123891246405168,-2.0633499932325687,-0.2712237213631571,0,7,0.9615384615384616,1.1140905815602902
7,0,0.05,0.0,False,-0.5968533696883487,-0.6357141039634644,-2.5765098207689334,-0.9388707375959853,-0.5907877997566136,-0.7023405871766695,-0.547733425832106,-3.5333885952402366,-1.2822671651080764,-0.547733425832106,-0.19095442044943656,-0.1812090883643892,-0.4698885540131529,-1.053779488506949,-0.06675284805016002,157,0,1.0,1.0642388647394623
7,0,0.05,0.0,True,-0.49349417885263347,-0.495637564773622,-2.3595776981798577,-0.9956754974333564,-0.4877988052723694,-0.515654909769839,-0.3779272823943707,-2.5250916561969414,-1.3644289094528725,-0.3779272823943707,-0.4490346218623483,-0.19773995587589877,-2.0394945157408557,-2.2708340348986504,-0.17662167101765291,117,0,0.9615384615384616,0.7772510242985896
7,0,0.05,0.1,False,-0.5956385576721936,-0.5981054376734465,-2.912957537508762,-0.9958755098250759,-0.5895750101765912,-0.6652465935806882,-0.5115810141154085,-3.481359462334284,-1.3003738904012845,-0.5115810141154085,-0.35512480239626165,-0.1656143335920759,-1.4262424147221264,-2.1442878444988245,-0.13326995834948618,157,35,1.0,1.0610950163192021
7,0,0.05,0.1,True,-0.4957770801766396,-0.49006951166752677,-2.7227371041507404,-1.011646446826884,-0.49006951166752677,-0.4742633656746491,-0.3436120888676195,-2.5010278022485566,-1.3802289879776741,-0.3436120888676195,-0.539022409644909,-0.23319236767299345,-3.206477873221448,-2.31149250305131,-0.22312632563150547,117,26,0.9615384615384616,0.7753656219807904
7,0,0.05,0.2,False,-0.5929584390693046,-0.6202055160044211,-2.7274136732958407,-0.9560676642951329,-0.58689956503937,-0.6827720132259967,-0.5284792740169213,-3.521367401809127,-1.2919560837955115,-0.5284792740169213,-0.2671177304621124,-0.18120908836438931,-0.862421494692277,-1.4740857253526451,-0.09635581879338329,157,11,1.0,1.0650550120275588
7,0,0.05,0.2,True,-0.4907301189046861,-0.4850497356153052,-2.54763152057888,-1.0117109295651405,-0.4850497356153052,-0.4840130894661099,-0.3516083918957369,-2.465410079442939,-1.376568650300119,-0.3516083918957369,-0.506762413108444,-0.21414669305132739,-2.7298046936248257,-2.3664265176720782,-0.20580362554308473,117,10,0.9615384615384616,0.7795916437360331
7,0,0.05,0.3,False,-0.5920131630709236,-0.6280928460536067,-2.6053824212529557,-0.9425567681444285,-0.5859560065444589,-0.6927779089174794,-0.5382715162626079,-3.54155158559328,-1.2870417400639345,-0.5382715162626079,-0.2129027218845463,-0.18120908836438898,-0.5636301424836593,-1.1749009048399677,-0.0750837423296703,157,5,1.0,1.0649807154977209
7,0,0.05,0.3,True,-0.4876042833518146,-0.4853237632276558,-2.3861255133247106,-1.0046989665393513,-0.48194114780744846,-0.500447572558548,-0.3652064013206946,-2.5039708846652604,-1.370314350320206,-0.3652064013206946,-0.4638248564587374,-0.1977399558758991,-2.166702543900825,-2.345630423574243,-0.18389401961459861,117,5,0.9615384615384616,0.7776799473762495
7,0,0.1,0.0,False,-0.6558929206952087,-0.6989101658644254,-2.25382781251479,-0.9384509665616149,-0.6498052726321253,-0.7623473793886985,-0.6097250839476388,-3.161591209803767,-1.2503132960397711,-0.6097250839476388,-0.21317342595833133,-0.2613145688982602,-0.32567108245030557,-0.8157732148540402,-0.07518746489084216,76,0,1.0,1.220475329717471
7,0,0.1,0.0,True,-0.5719991570234466,-0.5852072067452088,-2.236162037354604,-0.9774301314653618,-0.5659866694358817,-0.5913425774073555,-0.44342940322240354,-2.5013232717616685,-1.3335664552464637,-0.44342940322240354,-0.5336770717139285,-0.26256367247943513,-1.7938671545460418,-2.032562489221459,-0.22020075606410727,56,0,0.9615384615384616,0.9246050483493964
7,0,0.1,0.1,False,-0.6557337368426792,-0.6639633173308386,-2.510381297515906,-0.9876053687404861,-0.6496459362544438,-0.7299265766646121,-0.5756370789574404,-3.0518380857860334,-1.2680325909279708,-0.5756370789574404,-0.39054763457179886,-0.24368134004664344,-1.1395305684024182,-1.6026981569333274,-0.14908834555926176,76,46,1.0,1.2143906086405463
7,0,0.1,0.1,True,-0.5702540083316295,-0.5642461537968031,-2.513783940474215,-1.0106475772929948,-0.5642461537968031,-0.5441007473240576,-0.4020990932836974,-2.3562076386032165,-1.353150893429576,-0.4020990932836974,-0.6210343171071373,-0.2806370948879815,-2.8315392881558896,-2.2129445052694408,-0.2711938695721744,56,35,0.9615384615384616,0.9194368375338574
7,0,0.1,0.2,False,-0.6494098731229614,-0.6817170255794136,-2.320596921427805,-0.9526091453723144,-0.6433169870481021,-0.7413130665951458,-0.5874392049073867,-3.049912257484068,-1.2619400618860948,-0.5874392049073867,-0.29796268870917886,-0.2613145688928854,-0.6568347196336068,-1.140245222344705,-0.10893535166923496,76,15,1.0,1.2249892057036844
7,0,0.1,0.2,True,-0.5719683006227583,-0.5677757503145923,-2.3817102841229008,-1.0073841658539362,-0.5659558939416025,-0.5648264392733133,-0.4200398066188492,-2.420044045267051,-1.3446974081336196,-0.4200398066188492,-0.5889018099568704,-0.2625636724794356,-2.3283491076596134,-2.2428914266614477,-0.25159672851349835,56,13,0.9615384615384616,0.9295300080836266
7,0,0.1,0.3,False,-0.6489574669591418,-0.6923315424104614,-2.24678692643733,-0.9373507159585625,-0.6428642893999782,-0.7543718019327915,-0.6011978225619893,-3.146413105954505,-1.2547813275804214,-0.6011978225619893,-0.21795567536473714,-0.26131456889826,-0.3467296295666487,-0.8340739526451578,-0.07702380291984834,76,7,1.0,1.2249043676634175
7,0,0.1,0.3,True,-0.5637722122226683,-0.5765474163212154,-2.223226396375914,-0.9778418847489386,-0.5577825790537987,-0.5782415230188025,-0.4318096624683968,-2.4657637664207575,-1.3391120516232606,-0.4318096624683968,-0.5364380024218244,-0.26256367247943513,-1.828019812856083,-2.0430777698839506,-0.22170900887309652,56,7,0.9615384615384616,0.9288198006474276
7,0,0.15,0.0,False,-0.7377855339490484,-0.7593501033451449,-2.5780327137502286,-0.971601282068576,-0.7319517497600312,-0.8255360975159775,-0.6812332822798173,-3.393352007581779,-1.2118258443762993,-0.6812332822798173,-0.3552564139220723,-0.27715266894653123,-0.7218711417886515,-1.281807659556073,-0.13332763314559315,39,0,1.0,1.3264474003118374
7,0,0.15,0.0,True,-0.6388697919118858,-0.6369599358518225,-2.485677557722207,-1.0029983927599921,-0.6327725830798885,-0.6487224151629487,-0.49592588477166044,-2.6683923629111836,-1.3081035595906443,-0.49592588477166044,-0.6214925603656378,-0.28735417747480596,-2.175256511815284,-2.162810249800972,-0.27148130438365836,26,0,0.9615384615384616,1.025930456289369
7,0,0.15,0.1,False,-0.734522377182856,-0.7314982562999104,-2.7995536318399328,-1.004134146400078,-0.7286711623500819,-0.7985976746915893,-0.6498087946056307,-3.2702848070300807,-1.2289733246473813,-0.6498087946056307,-0.49840950351139723,-0.2676861885169163,-1.54080032539555,-1.8619171436254378,-0.20144347618324276,39,47,1.0,1.3218472160832255
7,0,0.15,0.1,True,-0.6331415624647353,-0.6270441354423196,-2.737820211012165,-1.0097240794989886,-0.6270441354423196,-0.6020441604805573,-0.4530166921173858,-2.52359522161247,-1.3289668371084116,-0.4530166921173858,-0.6910635499315468,-0.3269932976298795,-3.170816628844242,-2.113387506534629,-0.3181585997543478,26,36,0.9615384615384616,1.0224555397304127
7,0,0.15,0.2,False,-0.7326318399492356,-0.7454652223864102,-2.6449340117067037,-0.9827847335438508,-0.7267708302952429,-0.8099314293435795,-0.6628412606223505,-3.2951603318735,-1.2219085887669758,-0.6628412606223505,-0.4243399139902625,-0.2771526689389212,-1.0619988738137267,-1.5310691959592073,-0.16476711767687624,39,15,1.0,1.3307808550049671
7,0,0.15,0.2,True,-0.638607875765965,-0.6325106245484478,-2.628929368929927,-1.009639760947684,-0.6325106245484478,-0.6256895893654306,-0.4745219366329285,-2.599839230675335,-1.3185683127847458,-0.4745219366329285,-0.6660898691543974,-0.3080036848258082,-2.698538369834229,-2.162603572522534,-0.30065705674407306,26,13,0.9615384615384616,1.0308212318096024
7,0,0.15,0.3,False,-0.7323935936673764,-0.7539911641141009,-2.57462958661054,-0.9713556716913249,-0.7265313653698546,-0.8195681263183024,-0.6741347898520735,-3.3822242034696735,-1.2157333201838487,-0.6741347898520735,-0.35920801839946415,-0.27715266894653123,-0.7445453164558287,-1.2960655214500683,-0.13506301325076708,39,7,1.0,1.3308325510382712
7,0,0.15,0.3,True,-0.6317707698150341,-0.629194075223773,-2.477615273216652,-1.004095230220254,-0.625673509465519,-0.6372188357168687,-0.48517718816122646,-2.641542922852729,-1.3133734463729942,-0.48517718816122646,-0.6237524731843582,-0.28730704244834115,-2.2073384754984366,-2.17103092172379,-0.27290228419072404,26,7,0.9615384615384616,1.030253650812236
7,0,0.2,0.0,False,-0.7070168227315107,-0.7342438592229629,-2.2557415489038912,-0.9629182646208767,-0.7010442476776055,-0.796019226026856,-0.6468795946435857,-2.9325724844825536,-1.2305523819551651,-0.6468795946435857,-0.34167174239689,-0.27941397991893135,-0.6552651030754125,-1.2228154886739095,-0.12741593080672742,13,0,1.0,1.3847860276295616
7,0,0.2,0.0,True,-0.641412099809697,-0.6472149322090924,-2.454334303684438,-0.9910341493828194,-0.6353154650292188,-0.6561202051996018,-0.5043301454845794,-2.6849751692841815,-1.300973600475888,-0.5029024524968362,-0.6132916674115174,-0.2977655048992157,-2.063352627231902,-2.0596464577691678,-0.2663722909064239,10,0,0.9615384615384616,1.076505301812778
7,0,0.2,0.1,False,-0.7009435132154505,-0.7046159099759945,-2.4279044525491433,-0.9947880870860989,-0.6949500330811473,-0.7616825574197197,-0.609010540001756,-2.7763560091300707,-1.2506886291615305,-0.609010540001756,-0.4875837444713814,-0.2784459558491208,-1.4388170211985796,-1.7510893379093802,-0.19586473303915908,13,49,1.0,1.3813243207389538
7,0,0.2,0.1,True,-0.6370147753754634,-0.6309173334865776,-2.696113651366654,-1.009664406991626,-0.6309173334865776,-0.6125951560168591,-0.4640998763091273,-2.5467392989431907,-1.3199640579279581,-0.4625566058860081,-0.6842082919825949,-0.32216039175460887,-2.998120555576418,-2.1238125775056784,-0.31326225132624874,10,37,0.9615384615384616,1.0723017788070057
7,0,0.2,0.2,False,-0.7010969499510289,-0.7187620641408268,-2.306265009132767,-0.9754228623474809,-0.6951039727404983,-0.7775953253000543,-0.6263083356608297,-2.8264932087275665,-1.2415535304661063,-0.6263083356608297,-0.41220410513104544,-0.27941397989685945,-0.9827583661230366,-1.4752451014913535,-0.15906673501593083,13,15,1.0,1.3889312364835396
7,0,0.2,0.2,True,-0.6410155563329333,-0.6402151386240866,-2.590411307819069,-1.0012502323993258,-0.6349188125584369,-0.6333654508013417,-0.48309164263373205,-2.6156332992689926,-1.3110668761486801,-0.48160308311501454,-0.6588508480048219,-0.3132572857986392,-2.5601768482205522,-2.103225935591899,-0.2957496938150923,10,13,0.9615384615384616,1.0812858634329545
7,0,0.2,0.3,False,-0.7009390580148157,-0.7282803306355636,-2.2470284089406376,-0.962457763212021,-0.6949455632969797,-0.7889875869872407,-0.638955624849398,-2.9128072023543807,-1.234808109206653,-0.638955624849398,-0.34569208195668544,-0.27941397991893224,-0.6768308631516796,-1.237203958287924,-0.1291568455376515,13,7,1.0,1.3890455503733332
7,0,0.2,0.3,True,-0.6343000363952755,-0.639610194027455,-2.4445508290222855,-0.9916978220770016,-0.628202534143188,-0.6447710577209205,-0.49367868313871255,-2.656891001752026,-1.3060540787817536,-0.49222031041936587,-0.615591600694988,-0.29771926156200157,-2.0935174092399356,-2.0676915476185536,-0.2677976817783465,10,7,0.9615384615384616,1.080713448404268
7,20,0.0,0.0,False,-0.4711125814390582,-0.47951059133980245,-1.9350043393725065,-0.9824862890363291,-0.46554555969988964,-0.4818329894768083,-0.34981587227726285,-2.485427766995936,-1.3773903006176609,-0.34981587227726285,-0.4518489574237272,-0.19947383138495545,-1.3388297468076265,-2.265204183859709,-0.1779952516342852,0,0,0.4423076923076923,0.7046363526285492
7,20,0.0,0.0,True,-0.4680709616659732,-0.47656661253751187,-2.0407057251430403,-0.982173214304076,-0.46252259224492476,-0.47387748847954825,-0.34329666723267394,-2.634613354739234,-1.3803731108125539,-0.34329666723267394,-0.45909171223592193,-0.2029378239078562,-1.4406509723090832,-2.2622284175293625,-0.18155218507851456,0,0,0.4423076923076923,0.6359196798989377
7,20,0.0,0.1,False,-0.4818614875108076,-0.47623085060545367,-2.1954158358191984,-1.0118233350447488,-0.47623085060545367,-0.44135497937471835,-0.31699168019182433,-2.2446392575096046,-1.3923235433423262,-0.31699168019182433,-0.5570125355932429,-0.23314382240373288,-2.204228399734927,-2.389137013584129,-0.23314382240373288,0,20,0.4423076923076923,0.6973945460229364
7,20,0.0,0.1,True,-0.47725667201679833,-0.471652845963597,-2.2996951417126827,-1.011881251435582,-0.471652845963597,-0.43475723876391004,-0.31172048867103863,-2.3786316573507214,-1.3947021596732871,-0.31172048867103863,-0.555631885846825,-0.2323654193682938,-2.2890319085031248,-2.391198687641905,-0.2323654193682938,0,17,0.4423076923076923,0.6267297461277881
7,20,0.0,0.2,False,-0.4846050668361318,-0.48306965831222215,-2.119049537340318,-1.0031784412402844,-0.4789587734366293,-0.4772273346668253,-0.34603755100170464,-2.4697306945657687,-1.379120078978002,-0.34603755100170464,-0.5018916412126211,-0.2095412473918279,-1.730460363839441,-2.3951925812206216,-0.20325512976857663,0,7,0.4423076923076923,0.7060166316802676
7,20,0.0,0.2,True,-0.48188828552538043,-0.4803896918342955,-2.234527646279464,-1.0031195375682662,-0.4762574945442962,-0.4692011223145588,-0.3394804618408026,-2.620447037484033,-1.3821152468402966,-0.3394804618408026,-0.509180114749268,-0.21333090370981733,-1.844727037766436,-2.3868089709209626,-0.20707492330155386,0,7,0.4423076923076923,0.6369015209226648
7,20,0.0,0.3,False,-0.47680532468062375,-0.48398484529020924,-1.9858699226029688,-0.9851658152534084,-0.47120416229659745,-0.4818329894768083,-0.34981587227726285,-2.485427766995936,-1.3773903006176609,-0.34981587227726285,-0.46945589582050684,-0.206355349649755,-1.444582684281645,-2.2749877656058346,-0.18669832874034586,0,4,0.4423076923076923,0.7094000280985876
7,20,0.0,0.3,True,-0.4739124629211746,-0.4811787093545966,-2.0932225593505573,-0.9848990691147408,-0.468328523879318,-0.47387748847954825,-0.34329666723267394,-2.634613354739234,-1.3803731108125539,-0.34329666723267394,-0.47681416335662985,-0.20996092945180034,-1.5492850796121396,-2.270966148804793,-0.19039321168017231,0,4,0.4423076923076923,0.6403854921016395
7,20,0.05,0.0,False,-0.32716562686844397,-0.32276861418505254,-1.7177027148321509,-1.013622801258088,-0.32276861418505254,-0.2671189437789697,-0.2235575627978016,-1.4451861542651858,-1.1948553224324043,-0.1841230330018777,-0.435193883603457,-0.16993442245746582,-2.1946948169821434,-2.56095190903647,-0.16993442245746582,69,0,0.4423076923076923,0.48932927356247075
7,20,0.05,0.0,True,-0.3444548014619503,-0.3398883584641079,-2.0100117960422352,-1.0134351262234378,-0.3398883584641079,-0.28182248861749026,-0.19708547252657116,-1.687739520463132,-1.4299505945548312,-0.19487859763115545,-0.45616125319479006,-0.1801091865230533,-2.576418574550837,-2.532692873699716,-0.1801091865230533,64,0,0.4423076923076923,0.43167575748667936
7,20,0.05,0.1,False,-0.3348590271290143,-0.330385716534322,-1.9200826542640392,-1.0135396609805543,-0.330385716534322,-0.2091559846437464,-0.20486771325197217,-1.1084716291868792,-1.0209319044162901,-0.14242831042870685,-0.5317911932964685,-0.2191739867247443,-3.4214362743773212,-2.4263426570067055,-0.2191739867247443,69,15,0.4423076923076923,0.4836314126527936
7,20,0.05,0.1,True,-0.34977252712150875,-0.34515545524473434,-2.202929548578901,-1.013376789520828,-0.34515545524473434,-0.2277041730577979,-0.17775840976231438,-1.335837973648926,-1.2809755294405893,-0.1556522043673274,-0.5414044845561703,-0.224437431894296,-3.8200702990931004,-2.412273567678128,-0.224437431894296,64,12,0.4423076923076923,0.424299265547762
7,20,0.05,0.2,False,-0.3411998430058424,-0.33666473661414187,-1.9206305387258966,-1.0134706902698227,-0.33666473661414187,-0.26062856196442485,-0.21906194562761294,-1.4172352719662233,-1.1897482295143662,-0.17939908911903857,-0.47929520080811894,-0.19164693264387156,-2.8540443409937297,-2.5009281087674413,-0.19164693264387156,69,4,0.4423076923076923,0.48566451623758683
7,20,0.05,0.2,True,-0.3583848066333175,-0.3536872439071157,-2.232639205085622,-1.0132816854639957,-0.3536872439071157,-0.2754623211388446,-0.19243658142665887,-1.6615234944034714,-1.4314446821735314,-0.1902169286816603,-0.4992293767278051,-0.2018692672339064,-3.291209404799606,-2.4730330850676085,-0.2018692672339064,64,4,0.4423076923076923,0.4276997827414591
7,20,0.05,0.3,False,-0.33909824831452395,-0.33458351386983065,-1.8235664006913441,-1.0134935950444042,-0.33458351386983065,-0.2671189437789697,-0.2235575627978016,-1.4451861542651858,-1.1948553224324043,-0.1841230330018777,-0.46487532155166766,-0.18441564960651624,-2.488965647686153,-2.520801908859483,-0.18441564960651624,69,2,0.4423076923076923,0.4898679223270163
7,20,0.05,0.3,True,-0.35620038280743016,-0.3515230586305089,-2.124398083084773,-1.0133058815405838,-0.3515230586305089,-0.28182248861749026,-0.19708547252657116,-1.687739520463132,-1.4299505945548312,-0.19487859763115545,-0.4850294407108152,-0.1945600508674481,-2.895840039215426,-2.4929549439790244,-0.1945600508674481,64,2,0.4423076923076923,0.4319764210383272
7,20,0.1,0.0,False,-0.41402251153657965,-0.43790910355149726,-1.7754998004100542,-0.9454530818811613,-0.4088515054433781,-0.42001539192627346,-0.30001876168980823,-2.248071674278012,-1.399963754135252,-0.30001876168980823,-0.40447939072243133,-0.19699148250682663,-1.2684910971273864,-2.053283652547842,-0.1554795154457289,35,0,0.4423076923076923,0.5787956586096509
7,20,0.1,0.0,True,-0.41537082610225395,-0.4235200618020185,-1.8871215236879095,-0.9807583242572012,-0.4101893839783606,-0.415327716553324,-0.29631938631744636,-2.343841866338441,-1.401621816631276,-0.29631938631744636,-0.41808817708944535,-0.18076478591458722,-1.4128483883559388,-2.312885084194414,-0.1618205695123549,32,0,0.4423076923076923,0.5214680357199433
7,20,0.1,0.1,False,-0.4268271593579881,-0.4215591030993332,-2.0638637575241336,-1.012496601828602,-0.4215591030993332,-0.3751436702964779,-0.2822019448139498,-1.977421281088661,-1.3293447376622538,-0.2650158448400365,-0.5203215921908677,-0.2129886163671464,-2.2574906038143046,-2.442954938464625,-0.2129886163671464,35,20,0.4423076923076923,0.5716107503089125
7,20,0.1,0.1,True,-0.42636388734638264,-0.4210992616128105,-2.1712877710570897,-1.012502101555364,-0.4210992616128105,-0.37228433585697274,-0.2628153247196483,-2.060238832866535,-1.4165244597288906,-0.2628153247196483,-0.5235399841143837,-0.2147140902419964,-2.4049207216754094,-2.4383121923871927,-0.2147140902419964,32,17,0.4423076923076923,0.5123281047239119
7,20,0.1,0.2,False,-0.42910255068342673,-0.4346427057692458,-1.976426623402737,-0.9872535417889645,-0.42381773396539557,-0.41486028006920306,-0.29595106164541896,-2.230785842797902,-1.4017867608336207,-0.29595106164541896,-0.4592214084488815,-0.1969914825068274,-1.7046268903806248,-2.3311739299843364,-0.18161617091393012,35,7,0.4423076923076923,0.5799640284815192
7,20,0.1,0.2,True,-0.430688021433268,-0.4253916136345067,-2.0972267778189377,-1.0124506634099089,-0.4253916136345067,-0.41013093895105857,-0.2922301886263451,-2.327641622063918,-1.4034516450162688,-0.2922301886263451,-0.47233973230800785,-0.1881422785604816,-1.8715156209251516,-2.5105454017139803,-0.1881422785604816,32,7,0.4423076923076923,0.5222391108607463
7,20,0.1,0.3,False,-0.4203241042352521,-0.43790910355149726,-1.832425386132343,-0.9598432661627069,-0.41510475980990236,-0.42001539192627346,-0.30001876168980823,-2.248071674278012,-1.399963754135252,-0.30001876168980823,-0.4235909300205515,-0.19699148250682663,-1.3870050614551475,-2.1503007370172575,-0.16441297540762734,35,4,0.4423076923076923,0.5833117372981139
7,20,0.1,0.3,True,-0.42178563857630336,-0.4235200618020185,-1.9457427830703085,-0.9959047436422837,-0.41655524220222273,-0.415327716553324,-0.29631938631744636,-2.343841866338441,-1.401621816631276,-0.29631938631744636,-0.43713813934293744,-0.18076478591458722,-1.5366202045119774,-2.4182704453813733,-0.17086708592915334,32,4,0.4423076923076923,0.525687171305239
7,20,0.15,0.0,False,-0.48412803783910574,-0.48224530105527763,-2.0809252473770603,-1.0039041060217864,-0.4784844495419791,-0.4765314353957151,-0.34546766023391684,-2.522310020192268,-1.3793807358785906,-0.34546766023391684,-0.5018322650255206,-0.20897002716510915,-1.635601437592952,-2.401455710339829,-0.203224166670817,13,0,0.4423076923076923,0.6576047644952998
7,20,0.15,0.0,True,-0.4716825987835508,-0.46865450656368113,-2.1257307102989165,-1.006461246349838,-0.46611211323910107,-0.4538363427358435,-0.3270227123144178,-2.5350708708230547,-1.3877823332940251,-0.3270227123144178,-0.5084255601433876,-0.21045553370210346,-1.7540091672249678,-2.415833649986396,-0.2066777043888387,11,0,0.4423076923076923,0.5964464629028832
7,20,0.15,0.1,False,-0.4946934486432695,-0.4889916477132511,-2.3688576372837726,-1.0116603237635706,-0.4889916477132511,-0.43578276231403024,-0.31253841953727857,-2.277519782223496,-1.394333416541935,-0.31253841953727857,-0.5973956136954701,-0.25667358466374834,-2.5861967356316358,-2.3274526456552977,-0.25667358466374834,13,20,0.4423076923076923,0.6506301780526665
7,20,0.15,0.1,True,-0.48088795398828355,-0.4752629297835922,-2.4060187709644425,-1.0118356047824995,-0.4752629297835922,-0.4133726388984691,-0.2947795244218201,-2.2730608596377486,-1.402311234843252,-0.2947795244218201,-0.596150362323588,-0.2559247946024277,-2.6926020686103653,-2.3293966622096605,-0.2559247946024277,11,17,0.4423076923076923,0.587523625353007
7,20,0.15,0.2,False,-0.497290710251445,-0.49157514927704904,-2.2798049096038486,-1.0116270340004,-0.49157514927704904,-0.47187865846572496,-0.3416640708206524,-2.506974428856063,-1.3811187618654386,-0.3416640708206524,-0.5473178377335806,-0.2277121326847057,-2.06702993077244,-2.403551498467614,-0.2277121326847057,13,7,0.4423076923076923,0.6589823800569512
7,20,0.15,0.2,True,-0.4854084322185337,-0.4797575994657397,-2.3314312373002384,-1.0117785163988788,-0.4797575994657397,-0.4489818436573,-0.323111936434767,-2.5202605266179,-1.3895551139688238,-0.323111936434767,-0.5539517013168931,-0.23142033589114464,-2.199599746390345,-2.393703643993761,-0.23142033589114464,11,7,0.4423076923076923,0.597425901349119
7,20,0.15,0.3,False,-0.4896847108172335,-0.4854295850084642,-2.1347236865206574,-1.0087656911325154,-0.4840100610713364,-0.4765314353957151,-0.34546766023391684,-2.522310020192268,-1.3793807358785906,-0.34546766023391684,-0.5178451772177943,-0.21383500290385493,-1.7488964279750152,-2.421704445883583,-0.21166624232338438,13,4,0.4423076923076923,0.6623641914541485
7,20,0.15,0.3,True,-0.47748859312576664,-0.4733362860610637,-2.180576951313515,-1.008772424990395,-0.47188340084463454,-0.4538363427358435,-0.3270227123144178,-2.5350708708230547,-1.3877823332940251,-0.3270227123144178,-0.5245430314480284,-0.21741235019955696,-1.870180276807097,-2.4126643724083037,-0.21525345829783227,11,4,0.4423076923076923,0.6009082216658254
7,20,0.2,0.0,False,-0.480130010211665,-0.48824018795017377,-2.006039546479937,-0.9833889590847519,-0.4745093764323979,-0.4878481361730641,-0.3547679986948319,-2.5685048149486254,-1.3751187761236225,-0.3547679986948319,-0.46721268325055276,-0.20685922115666278,-1.4129149495407831,-2.2586021577288733,-0.1855787956817927,3,0,0.4423076923076923,0.6941667681982998
7,20,0.2,0.0,True,-0.47690226538866476,-0.4851151874503278,-2.0973969173901574,-0.9830701609140943,-0.4713005303631149,-0.47963137572141756,-0.3480083037820014,-2.674613391025407,-1.3782181933850266,-0.3480083037820014,-0.4742484615636898,-0.2102893096087587,-1.5177597459901628,-2.2552190715068905,-0.18910091538940377,3,0,0.4423076923076923,0.6255167736787715
7,20,0.2,0.1,False,-0.49061207970016807,-0.48493234204145674,-2.2745711567700706,-1.0117124331918157,-0.48493234204145674,-0.44784009807517955,-0.32219387844154523,-2.327111051396087,-1.3899708468745162,-0.32219387844154523,-0.5692154036298274,-0.24009588940526672,-2.2879956075216,-2.3707836274907135,-0.24009588940526672,3,20,0.4423076923076923,0.6869649452418007
7,20,0.2,0.1,True,-0.48585029168733807,-0.4801969709786895,-2.359685384157376,-1.0117729203854129,-0.4801969709786895,-0.44093900384979023,-0.31665870868219737,-2.4198428639420237,-1.3924739530606818,-0.31665870868219737,-0.5678674824208578,-0.23932149918983192,-2.3760359166273632,-2.3728226855641594,-0.23932149918983192,3,17,0.4423076923076923,0.6163667711778917
7,20,0.2,0.2,False,-0.4933927421675215,-0.4917398495975631,-2.195084079581828,-1.0033613150760734,-0.48769791435666765,-0.4832959461509806,-0.3510184549975084,-2.5534377366307717,-1.376839135578815,-0.3510184549975084,-0.5158535956575999,-0.2168342007314159,-1.810803459262641,-2.379023207213366,-0.2106060802678672,3,7,0.4423076923076923,0.69554684365894
7,20,0.2,0.2,True,-0.49049031067150417,-0.4888759498957712,-2.29353462744377,-1.003302188982864,-0.48481123951281124,-0.4750061521763047,-0.3442194784442688,-2.6607490802173404,-1.3799514028756832,-0.3442194784442688,-0.5229336862619152,-0.2205867156717749,-1.9280704232510082,-2.370649042347689,-0.2143884370566721,3,7,0.4423076923076923,0.6264985295816667
7,20,0.2,0.3,False,-0.4857259403684854,-0.4926396399218964,-2.057829290060739,-0.9859660104604917,-0.48007331921116114,-0.4878481361730641,-0.3547679986948319,-2.5685048149486254,-1.3751187761236225,-0.3547679986948319,-0.48432687707031474,-0.21367762440204352,-1.5197437334063042,-2.266624212177842,-0.19420196187241656,3,4,0.4423076923076923,0.6989302732793141
7,20,0.2,0.3,True,-0.482646903000458,-0.48965207652955167,-2.150241036954433,-0.9856935692405444,-0.4770117597349952,-0.47963137572141756,-0.3480083037820014,-2.674613391025407,-1.3782181933850266,-0.3480083037820014,-0.49147466717102106,-0.21724781706451457,-1.6273872040795923,-2.2622766654777076,-0.1978605812026485,3,4,0.4423076923076923,0.629982504066374
7,50,0.0,0.0,False,-0.41248089873044447,-0.46255891765045287,-1.5843719201886768,-0.8917369939069006,-0.40732188680537207,-0.5166177176634645,-0.3832431118868851,-2.7141493907364596,-1.3480156632689728,-0.3787372731263213,-0.13452295739251252,-0.1525557128218057,-0.17888876950726085,-0.8817956070228814,-0.04601050802273998,0,0,0.4423076923076923,0.72012478770824
7,50,0.0,0.0,True,-0.43857292231945166,-0.45171469086647886,-1.9052177752647064,-0.9709069268439805,-0.43321994372283246,-0.49363484926789347,-0.36419001918931104,-2.8426951225782946,-1.3554321185592273,-0.3595510449328857,-0.3125796457994251,-0.1613559272911127,-0.8433938413270212,-1.9372058470184357,-0.11502696383075017,0,0,0.4423076923076923,0.5822816818103085
7,50,0.0,0.1,False,-0.42971475700272266,-0.4426719710558995,-1.85726138818898,-0.970729535863158,-0.42442545603208726,-0.4847914214965794,-0.35905613508261114,-2.516732559882074,-1.3501828102311613,-0.3522489842855411,-0.3039647282848621,-0.15713430905612735,-0.9164310205178228,-1.9344262249964002,-0.11142625792247773,0,18,0.4423076923076923,0.7136903191092614
7,50,0.0,0.1,True,-0.45247765663815087,-0.44702933809577994,-2.188045867183275,-1.0121878321579054,-0.44702933809577994,-0.4621950831187909,-0.3407770044674834,-2.6254263767367805,-1.356297746208087,-0.3337847427622309,-0.4352931540094521,-0.18690159407575435,-1.6417501902024576,-2.3289964762580917,-0.16998199021000882,0,14,0.4423076923076923,0.5759374171736539
7,50,0.0,0.2,False,-0.41544672406105654,-0.4552001375576181,-1.685434342658472,-0.9126682744213149,-0.4102646959895243,-0.4968418510963345,-0.3688417371531232,-2.5871330541267668,-1.3470326187355326,-0.3622099375720682,-0.21358636130235664,-0.1632131726352657,-0.48574911902368195,-1.3086343329631884,-0.07534573090480878,0,7,0.4423076923076923,0.7213291215852714
7,50,0.0,0.2,True,-0.44168297052151273,-0.44448681626121633,-2.0283013767792824,-0.9936919484737746,-0.43630817430771474,-0.4729457391145553,-0.3493631223123581,-2.706755204873454,-1.3537368683455508,-0.34253537077372187,-0.3762433139065483,-0.17229120327063474,-1.2195825637968958,-2.1837639227322936,-0.1426279063017386,0,7,0.4423076923076923,0.5831121351234951
7,50,0.0,0.3,False,-0.4188047517689295,-0.46717889318263317,-1.632604570487592,-0.8964547797008611,-0.4135969602336701,-0.5166177176634645,-0.3832431118868851,-2.7141493907364596,-1.3480156632689728,-0.3787372731263213,-0.16232268590094057,-0.159840552035312,-0.270912130038851,-1.0155288118942445,-0.05611102292064074,0,4,0.4423076923076923,0.7248646144542445
7,50,0.0,0.3,True,-0.4447383674466113,-0.4565457639870981,-1.9584142499277186,-0.9741375400411766,-0.4393424123838102,-0.49363484926789347,-0.36419001918931104,-2.8426951225782946,-1.3554321185592273,-0.3595510449328857,-0.3351024697584587,-0.1687454209907221,-0.9490677591186316,-1.985846299064217,-0.12458661509185065,0,4,0.4423076923076923,0.5867426680830596
7,50,0.05,0.0,False,-0.32116780766091324,-0.3459691030254457,-1.676494691969203,-0.9283135541652447,-0.31683127122001553,-0.370584062801975,-0.2615084492774714,-2.2444044578237916,-1.417101679987287,-0.2615084492774714,-0.21245768988320723,-0.13242240435116792,-0.820945148385311,-1.6043938404848441,-0.07491327678484228,71,0,0.4423076923076923,0.4965825101592292
7,50,0.05,0.0,True,-0.3427120598713964,-0.33816236220565266,-2.078393265584956,-1.0134541811101285,-0.33816236220565266,-0.3325719980246423,-0.23260144214876488,-2.1655750940970195,-1.4297933622094194,-0.23260144214876488,-0.3648580357430391,-0.15513741757239297,-1.9678214180564746,-2.351837754246377,-0.13755683924200357,62,0,0.4423076923076923,0.3848299891992887
7,50,0.05,0.1,False,-0.33531066174034085,-0.3308329169855102,-1.9599263762417396,-1.0135347618841288,-0.3308329169855102,-0.3289089270381921,-0.24380123498843098,-2.0025362895305396,-1.3490863861038263,-0.22984622182341563,-0.350218063085471,-0.14883704636879813,-1.9009482332658365,-2.3530301872403316,-0.13112536486049653,71,13,0.4423076923076923,0.49157998048606805
7,50,0.05,0.1,True,-0.3532455352872751,-0.3485957795794363,-2.3455289581503562,-1.0133385312738108,-0.3485957795794363,-0.29085366853005445,-0.20152254310281315,-1.8967620832891885,-1.4432810545749524,-0.20152254310281315,-0.4644252966794441,-0.20082203232294626,-3.188152507856732,-2.3126212363621126,-0.18419209610267118,62,9,0.4423076923076923,0.3801687053043973
7,50,0.05,0.2,False,-0.3213364873849647,-0.33110376744418124,-1.789245157903771,-0.9705008489193251,-0.31699823831926055,-0.34481638959310057,-0.24380123498843098,-2.0886409892456403,-1.414334056221918,-0.24184934427409976,-0.27397548777040115,-0.1357113123099145,-1.2976594158452899,-2.0188109827185396,-0.09912132038349108,71,4,0.4423076923076923,0.4951580680371265
7,50,0.05,0.2,True,-0.34314327565843505,-0.3385894275946453,-2.223854357665943,-1.0134494691583862,-0.3385894275946453,-0.3052661049480633,-0.2121861479774696,-1.9970409668945477,-1.438671222687341,-0.2121861479774696,-0.4151607508110646,-0.17756210321538535,-2.6510889576859453,-2.338115753829908,-0.16044815573204818,62,4,0.4423076923076923,0.38310508219198286
7,50,0.05,0.3,False,-0.33321468556278555,-0.3459691030254457,-1.7819267877922458,-0.9631342297588866,-0.3287575613001641,-0.370584062801975,-0.2615084492774714,-2.2444044578237916,-1.417101679987287,-0.2615084492774714,-0.25387088224242516,-0.13242240435116792,-1.0687462755178916,-1.9171293821942004,-0.09106280492565855,71,2,0.4423076923076923,0.4971105298652413
7,50,0.05,0.3,True,-0.3544904108912843,-0.34982901374488273,-2.198749887847428,-1.0133247871481608,-0.34982901374488273,-0.3325719980246423,-0.23260144214876488,-2.1655750940970195,-1.4297933622094194,-0.23260144214876488,-0.3985771452496033,-0.17003037134964516,-2.283912546424673,-2.3441526480582793,-0.15275969754798935,62,2,0.4423076923076923,0.38512850237126095
7,50,0.1,0.0,False,-0.37758536522521413,-0.43285851493407246,-1.5718224620908532,-0.8723066595622433,-0.3727151693897337,-0.4841029143302963,-0.3527890437037776,-2.792957081490347,-1.3722164079924701,-0.35168230362385466,-0.09620937852131728,-0.14304279669086495,-0.10604994310522718,-0.6725915652309211,-0.0324422206634879,35,0,0.4423076923076923,0.5942067893140679
7,50,0.1,0.0,True,-0.40608603129818266,-0.4162171898515924,-1.8991837554058522,-0.9756589617141422,-0.40097747569894826,-0.46080669451063616,-0.3337968317704266,-2.830414319134472,-1.380500504053802,-0.332659068988029,-0.2819859888823124,-0.14304279669086462,-0.832922689709176,-1.9713400143575448,-0.10237406928917092,32,0,0.4423076923076923,0.4674232554733119
7,50,0.1,0.1,False,-0.3966530438746295,-0.40607791346111577,-1.8989312435129218,-0.976790489524152,-0.3916209620078186,-0.4503398130951609,-0.3275844398144224,-2.5840718146518804,-1.3747289503441609,-0.32420471176422994,-0.2755491104848571,-0.14155069749061344,-0.9314894949978126,-1.9466460806604602,-0.09975839047292767,35,18,0.4423076923076923,0.5877148765080681
7,50,0.1,0.1,True,-0.42157445562561824,-0.4163456524703789,-2.236673687244172,-1.0125588033025308,-0.4163456524703789,-0.4275342434722178,-0.30944059687404024,-2.6018846160516285,-1.3816359191106664,-0.3059740508007701,-0.4121273676730941,-0.17617378053854893,-1.7634301163565056,-2.339322948132544,-0.15903094372329452,32,14,0.4423076923076923,0.46101272452536535
7,50,0.1,0.2,False,-0.38110932725898383,-0.417992434396359,-1.6923711548891514,-0.9117613045062892,-0.37620848675597884,-0.4633087555955875,-0.33798112409704695,-2.6593709754626333,-1.3708125175137127,-0.3346884081989201,-0.17934290623786098,-0.14304279669086462,-0.4397688452466402,-1.253770971952163,-0.062406967004225544,35,7,0.4423076923076923,0.5954187178219333
7,50,0.1,0.2,True,-0.40973967833539526,-0.40543478323052606,-2.044744983438601,-1.0106179718241428,-0.4046021567000434,-0.43910142396364726,-0.3185738357672039,-2.6900435372795193,-1.3783348620145888,-0.3151888227276848,-0.34893506716288714,-0.14948054506754127,-1.2583670007039254,-2.334317599693153,-0.1305664056601743,32,7,0.4423076923076923,0.46826248979807866
7,50,0.1,0.3,False,-0.3842788246828789,-0.43285851493407246,-1.6274212877944005,-0.8877700482371413,-0.37935070122084513,-0.4841029143302963,-0.3527890437037776,-2.792957081490347,-1.3722164079924701,-0.35168230362385466,-0.12521406203644236,-0.14304279669086495,-0.20614990935315639,-0.8753608355899744,-0.04267722098540028,35,4,0.4423076923076923,0.5986984386582537
7,50,0.1,0.3,True,-0.41260272514139273,-0.41810621111735646,-1.9604633968425418,-0.9868371102135601,-0.40744276297043325,-0.46080669451063616,-0.3337968317704266,-2.830414319134472,-1.380500504053802,-0.332659068988029,-0.30549152445118266,-0.14581576354216508,-0.952142225702352,-2.0950514336047394,-0.11206220165306002,32,4,0.4423076923076923,0.4716374479927472
7,50,0.15,0.0,False,-0.42625102086768385,-0.4634089061373696,-1.721310928078276,-0.9198162038373278,-0.4209872318343747,-0.5104201239574169,-0.37616129805545684,-2.763995266615592,-1.3569182332047527,-0.3735330483054575,-0.21463762304946477,-0.16092479338042476,-0.4505423937821186,-1.3337759741102377,-0.07574890167878368,12,0,0.4423076923076923,0.6764493890686598
7,50,0.15,0.0,True,-0.44170703072303386,-0.4427593551284319,-1.9925098409803756,-0.99762325879011,-0.4363320668223566,-0.47301392912926177,-0.3453455890668189,-2.7565107941124456,-1.3696828455444412,-0.3425910704388321,-0.3761623116692435,-0.16964695778781969,-1.1536302538996193,-2.21732423955233,-0.14259160800583937,10,0,0.4423076923076923,0.5461987423358378
7,50,0.15,0.1,False,-0.4431444290022275,-0.44361770808672807,-2.024442288077646,-0.9989331375283873,-0.43775947793305603,-0.47828323418628305,-0.35178440082441487,-2.5668565536244974,-1.359591934905059,-0.3469027561310203,-0.36837489526427203,-0.16545253559405315,-1.2638788538676258,-2.226468720721815,-0.1391166823240536,12,18,0.4423076923076923,0.6702046494210911
7,50,0.15,0.1,True,-0.4555954918614109,-0.45012658161062724,-2.302269973893935,-1.0121497162669555,-0.45012658161062724,-0.44039575214748583,-0.32132847736068504,-2.5378844667467373,-1.3705469112628634,-0.316223986513812,-0.48751224850693076,-0.21222089446902037,-2.042726482617096,-2.2971925065469785,-0.1958281549159958,10,14,0.4423076923076923,0.5400426488007786
7,50,0.15,0.2,False,-0.429262766156036,-0.4561675259944137,-1.8364499752890988,-0.9410200018518916,-0.423976774865799,-0.4905421433598023,-0.36174833572412934,-2.638491850094611,-1.3560315139470098,-0.35699241456844244,-0.28639176058566795,-0.17147687469713424,-0.7895338608894169,-1.6701480073712482,-0.10417351492424409,12,7,0.4423076923076923,0.6777576938283436
7,50,0.15,0.2,True,-0.44491177103327273,-0.4395146233540166,-2.129420911822845,-1.0122797909158734,-0.4395146233540166,-0.451644857051989,-0.3302401854703295,-2.6216696788106537,-1.367625373661762,-0.3252557758203032,-0.43394512890201686,-0.18626929419382732,-1.571248616205814,-2.3296653953628237,-0.16933653292493267,10,7,0.4423076923076923,0.5471331166717021
7,50,0.15,0.3,False,-0.43243110654522265,-0.46802150567410994,-1.7724064121191496,-0.923955633026681,-0.427122038537051,-0.5104201239574169,-0.37616129805545684,-2.763995266615592,-1.3569182332047527,-0.3735330483054575,-0.2398819896583846,-0.16813758157913206,-0.5488170019867233,-1.4267006067616528,-0.08554160772031094,12,4,0.4423076923076923,0.6811850018595391
7,50,0.15,0.3,True,-0.44784244368451454,-0.4476693014506563,-2.0483902380698424,-1.0003867636965438,-0.44242527374069296,-0.47301392912926177,-0.3453455890668189,-2.7565107941124456,-1.3696828455444412,-0.3425910704388321,-0.3966163549020839,-0.17696334596459606,-1.2668557699067928,-2.241234492601832,-0.1518601266467463,10,4,0.4423076923076923,0.5506556823429664
7,50,0.2,0.0,False,-0.4244054133049959,-0.47327935650748176,-1.6648930161964315,-0.8967334143556435,-0.41915535744861243,-0.5245876381835937,-0.3880698800302613,-2.822462390259901,-1.351786534277504,-0.3854637395190611,-0.15881561225479468,-0.16036908617073542,-0.25266113067158913,-0.9903131335780835,-0.054824458858105496,4,0,0.4423076923076923,0.7063091523420096
7,50,0.2,0.0,True,-0.4497112221317042,-0.46241422632047957,-1.9765238336724076,-0.9725289503096485,-0.4442814172695685,-0.5016461663411309,-0.3688884463265901,-2.9092726119270402,-1.3598858173427466,-0.36620412098905086,-0.3318434348444975,-0.16909006824172013,-0.9222975374452681,-1.962524696424605,-0.12318997151316113,4,0,0.4423076923076923,0.568549331637058
7,50,0.2,0.1,False,-0.44116882888407394,-0.45367505433233946,-1.9495845063139106,-0.9724335174948718,-0.4357976200095399,-0.49324712356322364,-0.3640705864071563,-2.6303422175270277,-1.3548117919408176,-0.3592299799353321,-0.3231651028511734,-0.16477316184496604,-1.000916868271099,-1.9612726929112234,-0.11949316865118076,4,18,0.4423076923076923,0.6999587961377469
7,50,0.2,0.1,True,-0.46322370244033917,-0.4577056447171133,-2.2672234839301555,-1.0120559092659571,-0.4577056447171133,-0.47066317512658573,-0.3456467636670437,-2.6997194133149094,-1.3616883610690145,-0.340672336125205,-0.4508435793932134,-0.19427028679471026,-1.7314920355986774,-2.320702701538861,-0.17750401659793347,4,14,0.4423076923076923,0.5622884536826988
7,50,0.2,0.2,False,-0.4272623628483626,-0.46602272598360595,-1.7725475806196687,-0.9168273112573336,-0.42199108947733666,-0.5050742228708145,-0.3737781617420415,-2.7002036122518462,-1.3512673413472065,-0.369062248122374,-0.23566113658494758,-0.1709287528578306,-0.5654640668684536,-1.3787097410168196,-0.08388916528999935,4,7,0.4423076923076923,0.7075909593506042
7,50,0.2,0.2,True,-0.45271298591225617,-0.4552817983948354,-2.105289646443099,-0.9943577527332831,-0.4472631030040337,-0.4812178705297465,-0.3541679731390658,-2.7805244253772723,-1.3587277987464834,-0.34931058100517387,-0.39372347353965276,-0.17992469052858973,-1.3050787303980471,-2.1882681714385983,-0.15053652194033718,4,7,0.4423076923076923,0.5694571756899565
7,50,0.2,0.3,False,-0.43060118893263943,-0.4778074231401924,-1.7141087044560863,-0.9012023842214307,-0.42530541408693,-0.5245876381835937,-0.3880698800302613,-2.822462390259901,-1.351786534277504,-0.3854637395190611,-0.18583622541277278,-0.16758715284739634,-0.3456828614593498,-1.108893028226298,-0.06483209719258642,4,4,0.4423076923076923,0.7110488146769897
7,50,0.2,0.3,True,-0.45575447493322907,-0.4671511441664409,-2.030203161616103,-0.9756038931392378,-0.4502845224797748,-0.5016461663411309,-0.3688884463265901,-2.9092726119270402,-1.3598858173427466,-0.36620412098905086,-0.3537355446929341,-0.17641160143109857,-1.0290006656231043,-2.005171665714362,-0.13266164119263935,4,4,0.4423076923076923,0.573010237389799
7,100,0.0,0.0,False,-0.2972737370230628,-0.3590609394218711,-1.0466915623181796,-0.8279200112986594,-0.29318661045506345,-0.406430033649377,-0.2944799453071508,-1.9542358380579592,-1.38016201145874,-0.28932562977365817,-0.016570361482974083,-0.141634208549267,0.1386784722236173,-0.11699406275292693,-0.0054328407540228385,0,0,0.3269230769230769,0.5276100383804649
7,100,0.0,0.0,True,-0.2924331338422338,-0.31161862308900057,-1.35299331358039,-0.9384327898744125,-0.28839815868428376,-0.32739914070369824,-0.23429881242319484,-2.5070868904440133,-1.397357235052237,-0.22871213054576667,-0.21889372316105282,-0.14163193742101465,-0.5423295530896867,-1.5455110418377602,-0.07738489155903772,0,0,0.3269230769230769,0.38167155302357736
7,100,0.0,0.1,False,-0.32581949778204256,-0.3429474075510508,-1.32650671577098,-0.9500567451688388,-0.32143598272235807,-0.374000559362598,-0.27186882445125227,-1.7838952818198572,-1.3756654891103874,-0.26413569994018904,-0.22014757669946416,-0.14140707850858603,-0.6357314547830225,-1.5568356196970516,-0.07786800199100796,0,15,0.3269230769230769,0.5194805171798497
7,100,0.0,0.1,True,-0.32305636670183935,-0.31870069446989946,-1.7614682448126269,-1.0136669681225037,-0.31870069446989946,-0.3010336578821552,-0.21734820168685254,-2.3309437851000916,-1.385029439147942,-0.20904675250352844,-0.36729068167056034,-0.14140677070837004,-1.4003150359950658,-2.5974052008304573,-0.13863517510478418,0,11,0.3269230769230769,0.37768495345746117
7,100,0.0,0.2,False,-0.3008211337744523,-0.3502850386680927,-1.1285058827921737,-0.8587895586927732,-0.29669613255133676,-0.3821462299566436,-0.2780059360408733,-1.8176114740853602,-1.374597375145469,-0.2704196930765632,-0.1064090179685675,-0.14139572033190484,-0.15991234865696594,-0.7525618011548624,-0.03601582886136079,0,7,0.3269230769230769,0.5288143722574964
7,100,0.0,0.2,True,-0.29635272936481283,-0.30254390561977973,-1.4882393110748156,-0.9795362717940594,-0.2922754838411422,-0.2999179579108223,-0.21644289180319143,-2.3218216137182184,-1.3856678563670903,-0.20822028187349628,-0.29123387203967244,-0.14139538980395505,-0.9214960625744871,-2.0597126429897656,-0.10615983213934299,0,7,0.3269230769230769,0.38250200633676407
7,100,0.0,0.3,False,-0.3048376402285021,-0.36457060899261573,-1.0931126426708817,-0.8361552816087721,-0.300670109205492,-0.406430033649377,-0.2944799453071508,-1.9542358380579592,-1.38016201145874,-0.28932562977365817,-0.04815880994781885,-0.14164130615841342,0.0461600655072378,-0.3400054069958761,-0.015962978133319594,0,4,0.3269230769230769,0.5323498651264695
7,100,0.0,0.3,True,-0.30020344785187336,-0.3176841162024039,-1.4146218220422426,-0.9449746856736356,-0.29608502050007623,-0.32739914070369824,-0.23429881242319484,-2.5070868904440133,-1.397357235052237,-0.22871213054576667,-0.24448609769438923,-0.14164073432336466,-0.6508437253911277,-1.7261001848255701,-0.08735115982309283,0,4,0.3269230769230769,0.3861325392963285
7,100,0.05,0.0,False,-0.2252039203569075,-0.25513206751079776,-1.336245144059718,-0.882695470444445,-0.22194734086481283,-0.30137899553132064,-0.20930265855579644,-2.406465015739282,-1.4399195768025959,-0.20930265855579644,-0.04824435031032914,-0.0990346136380914,-0.09520955711384531,-0.48714634750463703,-0.015991810831083697,56,0,0.3269230769230769,0.37660443376599806
7,100,0.05,0.0,True,-0.20368682144946126,-0.20069980089120754,-1.5432591680305656,-1.0148830270134293,-0.20069980089120754,-0.18975306017324267,-0.1287091085936759,-1.9902795937491242,-1.474278411579071,-0.1287091085936759,-0.23242225202235733,-0.09903338478560342,-1.2449226355394354,-2.346908090898099,-0.08262532411113999,43,0,0.3269230769230769,0.25707329011297503
7,100,0.05,0.1,False,-0.255530170262559,-0.2519102138208632,-1.7999266821922282,-1.0143700264740754,-0.2519102138208632,-0.2759420527038825,-0.19056805282620826,-2.299260371012636,-1.4479974403450115,-0.19056805282620826,-0.21472964489617608,-0.09869120158162581,-1.15894999547317,-2.1757729306657274,-0.07578421040686234,56,10,0.3269230769230769,0.3699258621264438
7,100,0.05,0.1,True,-0.22772132251830335,-0.2244338346157565,-2.051236177811338,-1.0146479157573332,-0.2244338346157565,-0.15764487168796715,-0.10625282707271044,-1.7817469276667224,-1.4836769621206252,-0.10625282707271044,-0.3527506482278844,-0.13223091621757854,-2.547287975198653,-2.6676866372721264,-0.13223091621757854,43,7,0.3269230769230769,0.25258136142568766
7,100,0.05,0.2,False,-0.225396445682585,-0.2382021153764332,-1.4746000744076206,-0.9462403191776392,-0.22213749768857127,-0.2727781345169913,-0.1882538028903118,-2.2223332121154242,-1.4489913634091554,-0.1882538028903118,-0.12258945017794354,-0.09868789115953003,-0.532156728560049,-1.2421934316113452,-0.04174173518632551,56,4,0.3269230769230769,0.37517999164389537
7,100,0.05,0.2,True,-0.20420924517436745,-0.20121556704133448,-1.7624937639698994,-1.0148779648466164,-0.20121556704133448,-0.1566041418793538,-0.10552994090454626,-1.7504179860676257,-1.4839782959890508,-0.10552994090454626,-0.2932137709613496,-0.10697465517577165,-1.9457515999165653,-2.7409648619999354,-0.10697465517577165,43,4,0.3269230769230769,0.2553483831056692
7,100,0.05,0.3,False,-0.23895381889685086,-0.25513206751079776,-1.4637836432536502,-0.9365887292342732,-0.23553004938112387,-0.30137899553132064,-0.20930265855579644,-2.406465015739282,-1.4399195768025959,-0.20930265855579644,-0.09829275951100547,-0.09897995224166167,-0.34367605826869,-0.9930572533619898,-0.03316994942391405,56,2,0.3269230769230769,0.37713245347201013
7,100,0.05,0.3,True,-0.21795645210310732,-0.21478959628168548,-1.7092469938600712,-1.014743990753019,-0.21478959628168548,-0.18975306017324267,-0.1287091085936759,-1.9902795937491242,-1.474278411579071,-0.1287091085936759,-0.2731722568958962,-0.098979424394119,-1.578922547074478,-2.7598893261711783,-0.09879649671198742,43,2,0.3269230769230769,0.25737180328494735
7,100,0.1,0.0,False,-0.2841256269232093,-0.3491967835171139,-1.2556101844110918,-0.8136547652629924,-0.28018140770529665,-0.4117037599392098,-0.294672599973133,-2.893219308554056,-1.3971565730127173,-0.29346647993532504,0.058801997630594016,-0.14181520555642269,0.3373971410194618,0.41463817226001914,0.01880317331414405,31,0,0.3269230769230769,0.4236645266656962
7,100,0.1,0.0,True,-0.2555421184390875,-0.2709538522135293,-1.325122328099548,-0.9431204478233571,-0.25192202273309705,-0.3003271758796908,-0.20987276727813686,-2.763205909995496,-1.4309964068929342,-0.20852336306989983,-0.15883762098089838,-0.14181311488936021,-0.4016785047641328,-1.120048883383038,-0.054832521439328374,25,0,0.3269230769230769,0.2926752839195823
7,100,0.1,0.1,False,-0.3222402782886389,-0.33410182167893265,-1.7274260749404862,-0.9644972202465494,-0.31789286455304466,-0.3907379816687355,-0.28069429913977306,-2.792554472310935,-1.3920410313505003,-0.27707888956598226,-0.16326417547064453,-0.14155069749061333,-0.5076557835955984,-1.1533971811157702,-0.05645702469880698,31,14,0.3269230769230769,0.41768064144736783
7,100,0.1,0.1,True,-0.28875310593338255,-0.2847581389417184,-1.8391953663053382,-1.01402933382874,-0.2847581389417184,-0.2731615162961478,-0.19258718210231374,-2.5912999058439836,-1.4183784887149355,-0.18853404240032545,-0.32101112877712346,-0.14155061189178508,-1.3879416097966772,-2.26781872919444,-0.11858057092872376,25,11,0.3269230769230769,0.2886131995219636
7,100,0.1,0.2,False,-0.28817873552754747,-0.33213773690317694,-1.387713965503287,-0.8676482781345495,-0.28419004089121835,-0.3879914232374507,-0.2785350001157507,-2.738548257328465,-1.3929718817247858,-0.27494661410210297,-0.038589968079720705,-0.14154753762723282,0.024693915366957846,-0.27262903139543027,-0.012748615438390676,31,7,0.3269230769230769,0.42487645517356193
7,100,0.1,0.2,True,-0.26012188331520203,-0.2574884471445492,-1.4956020130075554,-1.0102273954418408,-0.25644863721174405,-0.2721617892042685,-0.19181805922604656,-2.5789563904184956,-1.41885383629881,-0.187803381552342,-0.2372693021008273,-0.14154744579445044,-0.8218361665258268,-1.6762527982693542,-0.08451802691644161,25,7,0.3269230769230769,0.2935145182443489
7,100,0.1,0.3,False,-0.29182415427982356,-0.3491967835171139,-1.3178162189962503,-0.8357011520569216,-0.2877957783208759,-0.4117037599392098,-0.294672599973133,-2.893219308554056,-1.3971565730127173,-0.29346647993532504,0.024822648745325138,-0.14180026907062027,0.2391082199590188,0.17505360820551621,0.008026089992064556,31,4,0.3269230769230769,0.42815617600988215
7,100,0.1,0.3,True,-0.2637106484770343,-0.2733129207796997,-1.3988402972069616,-0.9648671117513496,-0.2599960747566751,-0.3003271758796908,-0.20987276727813686,-2.763205909995496,-1.4309964068929342,-0.20852336306989983,-0.18637464938574855,-0.14179992172296196,-0.522551875239076,-1.314349451827437,-0.06503377267890353,25,4,0.3269230769230769,0.29688947643901753
7,100,0.15,0.0,False,-0.3452337509764244,-0.38896674998452063,-1.4498369322959104,-0.887566227679264,-0.3406598477326306,-0.4503636352232747,-0.3270590091020191,-2.7810276221552406,-1.3770103335780404,-0.3242238900470794,-0.07274071538038218,-0.16006311146271457,-0.03205584576701909,-0.4544502147662333,-0.02432160214526702,14,0,0.3269230769230769,0.47637096960282094
7,100,0.15,0.0,True,-0.29599775391503635,-0.2999982361778444,-1.4532277298320497,-0.9866649807219651,-0.2919243219860983,-0.312673620515834,-0.22097439481936965,-2.585363821197869,-1.4149767024881854,-0.21769657295593825,-0.26344919800408373,-0.16006085968686412,-0.7488156833124743,-1.6459314195830506,-0.094883579010551,10,0,0.3269230769230769,0.34545095644430557
7,100,0.15,0.1,False,-0.3793405829740064,-0.3809729092248053,-1.8723672521386818,-0.9957153744760479,-0.3744550828636377,-0.4306707203932576,-0.3136352043608689,-2.681503744643989,-1.3731580970665767,-0.30846626201109184,-0.2647969143374853,-0.15984452623936485,-0.8716070201703754,-1.6565904417706228,-0.09542386325857644,14,14,0.3269230769230769,0.47065610370363054
7,100,0.15,0.1,True,-0.32658197422947854,-0.3221908084489904,-1.91448568942332,-1.0136290845838434,-0.3221908084489904,-0.28586097785079534,-0.20383419679477344,-2.4151405909724994,-1.402419134501798,-0.1978459964364474,-0.4034711834014346,-0.15984422736550907,-1.6911711317789355,-2.524152357900508,-0.1550136400992126,10,11,0.3269230769230769,0.3416651556202819
7,100,0.15,0.2,False,-0.3486707752452093,-0.3807207613835977,-1.5737465738929417,-0.9158176033744159,-0.34406413493650945,-0.42804723389752897,-0.3115116037826855,-2.6396035248448673,-1.3740972365066062,-0.3063813444942436,-0.15745917426386158,-0.1598334915763131,-0.3565241482447901,-0.9851450575906496,-0.054327821408997834,14,7,0.3269230769230769,0.47767927436250457
7,100,0.15,0.2,True,-0.3000389016648447,-0.29592222703148385,-1.6120135554627202,-1.0139113397282011,-0.29592222703148385,-0.2848028137608474,-0.2029992678184246,-2.4047383401793114,-1.4029745861723653,-0.19706792040942334,-0.3316720405326652,-0.15983317063692704,-1.1650921280225564,-2.075113940435324,-0.12311664851212245,10,7,0.3269230769230769,0.34638533078017
7,100,0.15,0.3,False,-0.35228650691133845,-0.3942192629654313,-1.5057598725647785,-0.8936308800877396,-0.3476457461581318,-0.4503636352232747,-0.3270590091020191,-2.7810276221552406,-1.3770103335780404,-0.3242238900470794,-0.10254615807723266,-0.1600766418893651,-0.12993802709480198,-0.6406066298423858,-0.034659195206951154,14,4,0.3269230769230769,0.48110658239370024
7,100,0.15,0.3,True,-0.30373445264354615,-0.3061660760823104,-1.5196461935026546,-0.9920578286468599,-0.2995785654972689,-0.312673620515834,-0.22097439481936965,-2.585363821197869,-1.4149767024881854,-0.21769657295593825,-0.28759881613234883,-0.16007608206270874,-0.8644043253517143,-1.7966382761647297,-0.10466781776825684,10,4,0.3269230769230769,0.34990789645143433
7,100,0.2,0.0,False,-0.3292838181810974,-0.38777571403649014,-1.2362754674890204,-0.8491604973232322,-0.3248656551908915,-0.4386745067889648,-0.31775317974110984,-2.2874479203578035,-1.3805511156375394,-0.3148475684320897,-0.04417377048600901,-0.1465390353289242,0.06139430930331232,-0.30144712217366354,-0.014621690440295487,5,0,0.3269230769230769,0.5104620652341864
7,100,0.2,0.0,True,-0.3064707394455606,-0.32505206882341753,-1.438120081150551,-0.9428358372087423,-0.3022860237482953,-0.33804051035266713,-0.2399570929569207,-2.604347146161785,-1.4087539825853586,-0.2367243801011385,-0.2407829012263505,-0.1416319372634255,-0.6254146454598808,-1.7000607763947417,-0.08589511041351494,4,0,0.3269230769230769,0.3679392028498759
7,100,0.2,0.1,False,-0.35619296321857385,-0.3720637165605324,-1.5442495740291382,-0.9573439907318227,-0.3515157079896021,-0.4076884584301289,-0.2956738015550854,-2.1202182411907007,-1.3788453907174278,-0.2903125682458636,-0.24166007648545607,-0.1414070784058411,-0.7256034233257094,-1.7089673247606947,-0.08623957112001057,5,15,0.3269230769230769,0.5023982292338762
7,100,0.2,0.1,True,-0.3363425227395036,-0.3318546658954069,-1.8594637919405985,-1.0135235610805338,-0.3318546658954069,-0.3120393424867899,-0.22312974422929666,-2.4450589763446033,-1.3984659175072882,-0.21722393589495126,-0.38471370233012614,-0.14644128155798108,-1.496388904114219,-2.627085055779199,-0.14644128155798108,4,11,0.3269230769230769,0.3640359899660537
7,100,0.2,0.2,False,-0.3326129014172319,-0.37934109979482533,-1.3321419661525717,-0.8768174648018172,-0.3281617174165107,-0.4156347662302041,-0.30181920453711764,-2.153859874824454,-1.377098474789365,-0.2965613867461043,-0.1314922809643132,-0.14659166516085465,-0.2440385383708544,-0.8969969801490901,-0.044922655758450114,5,7,0.3269230769230769,0.5117438722427812
7,100,0.2,0.2,True,-0.31025386404997235,-0.3160971862569948,-1.58189187643769,-0.9815141593754281,-0.3060295800632652,-0.3109057652050553,-0.22222933758724894,-2.4351189157857926,-1.3990311476449022,-0.21637961669939165,-0.3110963365799384,-0.1413953897810203,-1.0123006435694868,-2.2001872696255145,-0.11440483845796345,4,7,0.3269230769230769,0.3688470469027745
7,100,0.2,0.3,False,-0.3365034951350466,-0.3930388310136892,-1.2853242128858773,-0.8561583960220116,-0.33201406313834414,-0.4386745067889648,-0.31775317974110984,-2.2874479203578035,-1.3805511156375394,-0.3148475684320897,-0.0748769209132023,-0.14658294225306578,-0.03225427815825527,-0.510816059237863,-0.02505500077839673,5,4,0.3269230769230769,0.5152017275691665
7,100,0.2,0.3,True,-0.31408705439754037,-0.3309993484145455,-1.5005410373984593,-0.9489053555603256,-0.3098230227550426,-0.33804051035266713,-0.2399570929569207,-2.604347146161785,-1.4087539825853586,-0.2367243801011385,-0.2656586040061262,-0.14164073428368518,-0.7351095018839674,-1.8755805337329852,-0.09576965482480648,4,4,0.3269230769230769,0.372400108602617
7,200,0.0,0.0,False,-0.1718158908021099,-0.2466709345509518,-0.560275488325241,-0.6965388569791955,-0.16924540421599876,-0.24031731249670285,-0.21366357047482742,-1.232256217786243,-1.1247463101109958,-0.1647073924964193,-0.016570361482974083,-0.14163420854926723,0.13867847222361748,-0.11699406275292674,-0.0054328407540228385,0,0,0.21153846153846154,0.32732692229524696
7,200,0.0,0.0,True,-0.15361046991292804,-0.17898147306368473,-0.6903173051247312,-0.8582478805405225,-0.15128689543596596,-0.11971281931970112,-0.09154697243685284,-1.5280184865468132,-1.3076655200397425,-0.0801005784544414,-0.21889372316105282,-0.14163193742101465,-0.5423295530896867,-1.5455110418377602,-0.07738489155903772,0,0,0.21153846153846154,0.2196306288695776
7,200,0.0,0.1,False,-0.22395832388012105,-0.24542144099984664,-0.9091396899519906,-0.9125458760559596,-0.22071708683426083,-0.22666961743717307,-0.21366357047482742,-1.156097411551994,-1.0608716166889944,-0.1549117535794049,-0.22014757669946305,-0.14140707850858603,-0.6357314547830186,-1.5568356196970439,-0.07786800199100752,0,10,0.21153846153846154,0.3261097366085997
7,200,0.0,0.1,True,-0.21070701280142,-0.20763099583919897,-1.2033107522836277,-1.0148148254541114,-0.20763099583919897,-0.11971281931970112,-0.09154697243685284,-1.5280184865468132,-1.3076655200397425,-0.0801005784544414,-0.3672906816705589,-0.1414067707083697,-1.4003150359950551,-2.5974052008304533,-0.13863517510478351,0,7,0.21153846153846154,0.22062241571205485
7,200,0.0,0.2,False,-0.19770149791624436,-0.25614480128509154,-0.7240870232080345,-0.7718349032436569,-0.19479114809742826,-0.24031731249670285,-0.21366357047482742,-1.232256217786243,-1.1247463101109958,-0.1647073924964193,-0.10640901796856816,-0.14139572033190495,-0.15991234865696696,-0.7525618011548665,-0.03601582886136101,0,6,0.21153846153846154,0.33096263505625895
7,200,0.0,0.2,True,-0.18044217007076202,-0.18968692543437748,-0.9229148562425632,-0.9512630860432513,-0.17775694663079666,-0.11971281931970112,-0.09154697243685284,-1.5280184865468132,-1.3076655200397425,-0.0801005784544414,-0.29123387203967277,-0.14139538980395527,-0.921496062574487,-2.0597126429897648,-0.1061598321393431,0,6,0.21153846153846154,0.2228887564517392
7,200,0.0,0.3,False,-0.18073017900832955,-0.25314673620504113,-0.6074582554988076,-0.7139344623504986,-0.17804115012492283,-0.24031731249670285,-0.21366357047482742,-1.232256217786243,-1.1247463101109958,-0.1647073924964193,-0.04815880994782007,-0.1416413061584133,0.04616006550723401,-0.340005406995885,-0.015962978133320038,0,4,0.21153846153846154,0.3320667490412515
7,200,0.0,0.3,True,-0.1629052980596445,-0.18621566385986077,-0.7535764149880212,-0.8748205960925026,-0.16045485984703722,-0.11971281931970112,-0.09154697243685284,-1.5280184865468132,-1.3076655200397425,-0.0801005784544414,-0.24448609769438667,-0.14164073432336421,-0.6508437253911195,-1.7261001848255577,-0.08735115982309183,0,4,0.21153846153846154,0.22409161514232884
7,200,0.05,0.0,False,-0.18553788299443763,-0.21764058854906276,-1.2480924859454336,-0.8524966975661885,-0.1827855732161402,-0.24697011327621177,-0.1695044454110991,-2.965396369484364,-1.4570126032814963,-0.1695044454110991,-0.048244350310327255,-0.09903461363809107,-0.09520955711383784,-0.4871463475046196,-0.01599181083108303,42,0,0.21153846153846154,0.22974953646741442
7,200,0.05,0.0,True,-0.1541623499051109,-0.15183119650473198,-1.3539860691107477,-1.0153535864436547,-0.15183119650473198,-0.11289121115665379,-0.07543904820191072,-2.8211248139848735,-1.4964559316085657,-0.07543904820191072,-0.23242225202235767,-0.09903338478560342,-1.2449226355394367,-2.346908090898102,-0.0826253241111401,31,0,0.21153846153846154,0.14099206875970238
7,200,0.05,0.1,False,-0.2358290208449081,-0.23244289526202833,-1.9267261670303157,-1.0145675589656662,-0.23244289526202833,-0.24697011327621177,-0.1695044454110991,-2.965396369484364,-1.4570126032814963,-0.1695044454110991,-0.2147296448961764,-0.09869120158162559,-1.1589499954731735,-2.175772930665736,-0.07578421040686245,42,5,0.21153846153846154,0.22772932000127571
7,200,0.05,0.1,True,-0.20064270693227215,-0.19769458995716904,-2.155840247984151,-1.0149124818020656,-0.19769458995716904,-0.11289121115665379,-0.07543904820191072,-2.8211248139848735,-1.4964559316085657,-0.07543904820191072,-0.3527506482278857,-0.1322309162175791,-2.5472879751986577,-2.667686637272125,-0.1322309162175791,31,3,0.21153846153846154,0.1392321768163969
7,200,0.05,0.2,False,-0.20720248640072925,-0.22060644210248115,-1.5729640051541014,-0.9392404157648071,-0.2041707709241699,-0.24697011327621177,-0.1695044454110991,-2.965396369484364,-1.4570126032814963,-0.1695044454110991,-0.12258945017794443,-0.09868789115952992,-0.5321567285600535,-1.2421934316113556,-0.041741735186325846,42,3,0.21153846153846154,0.2283250943453117
7,200,0.05,0.2,True,-0.17698302711070402,-0.17434363720949508,-1.815322528034468,-1.0151390090481902,-0.17434363720949508,-0.11289121115665379,-0.07543904820191072,-2.8211248139848735,-1.4964559316085657,-0.07543904820191072,-0.29321377096135093,-0.1069746551757722,-1.9457515999165764,-2.7409648619999336,-0.1069746551757722,31,3,0.21153846153846154,0.1392671617523966
7,200,0.05,0.3,False,-0.19999171383804892,-0.21764058854906276,-1.3984315410002317,-0.9189081649306639,-0.19705194095359846,-0.24697011327621177,-0.1695044454110991,-2.965396369484364,-1.4570126032814963,-0.1695044454110991,-0.09829275951100547,-0.09897995224166167,-0.3436760582686897,-0.9930572533619898,-0.03316994942391405,42,2,0.21153846153846154,0.2302775561734265
7,200,0.05,0.3,True,-0.16931944033751056,-0.1667824312362629,-1.5550767318150969,-1.0152114888986943,-0.1667824312362629,-0.11289121115665379,-0.07543904820191072,-2.8211248139848735,-1.4964559316085657,-0.07543904820191072,-0.27317225689589697,-0.09897942439411911,-1.5789225470744828,-2.759889326171183,-0.09879649671198776,31,2,0.21153846153846154,0.1412905819316747
7,200,0.1,0.0,False,-0.20375752656595802,-0.27739889247439364,-0.9176606376939769,-0.7345289836900363,-0.20076960464230642,-0.30975140738080675,-0.21799579288524407,-2.777010687430996,-1.4209054371240277,-0.21552031217392587,0.05880199763059468,-0.14181520555642269,0.337397141019462,0.41463817226002386,0.018803173314144273,24,0,0.21153846153846154,0.2500719910329729
7,200,0.1,0.0,True,-0.15948772116251386,-0.1785283429192761,-0.8320501924027229,-0.8933467849115044,-0.15708373540295262,-0.16042178647629302,-0.1081831699492406,-2.4850698559346704,-1.4828719342533845,-0.1081831699492406,-0.15883762098089815,-0.1418131148893601,-0.4016785047641308,-1.1200488833830373,-0.05483252143932826,18,0,0.21153846153846154,0.15727860401866686
7,200,0.1,0.1,False,-0.263522110900386,-0.27739889247439364,-1.5039072465828036,-0.9499753533612663,-0.25980970128523484,-0.30975140738080675,-0.21799579288524407,-2.777010687430996,-1.4209054371240277,-0.21552031217392587,-0.1632641754706442,-0.1415506974906131,-0.5076557835955982,-1.1533971811157695,-0.05645702469880687,24,9,0.21153846153846154,0.25085063246487027
7,200,0.1,0.1,True,-0.21709139215804818,-0.21393531882050443,-1.4743524377787764,-1.0147524651607047,-0.21393531882050443,-0.16042178647629302,-0.1081831699492406,-2.4850698559346704,-1.4828719342533845,-0.1081831699492406,-0.321011128777124,-0.14155061189178508,-1.3879416097966817,-2.267818729194444,-0.11858057092872398,18,7,0.21153846153846154,0.15804886607250415
7,200,0.1,0.2,False,-0.22882230584527619,-0.27739889247439364,-1.157916983985026,-0.8248854341276741,-0.22552134203324936,-0.30975140738080675,-0.21799579288524407,-2.777010687430996,-1.4209054371240277,-0.21552031217392587,-0.03858996807972137,-0.14154753762723293,0.024693915366956098,-0.27262903139543476,-0.012748615438390898,24,6,0.21153846153846154,0.25349501864031637
7,200,0.1,0.2,True,-0.18632033401401693,-0.18469951203534896,-1.115837221823564,-1.0087754534963675,-0.1835577687960065,-0.16042178647629302,-0.1081831699492406,-2.4850698559346704,-1.4828719342533845,-0.1081831699492406,-0.23726930210082786,-0.14154744579445078,-0.8218361665258276,-1.6762527982693542,-0.08451802691644184,18,6,0.21153846153846154,0.16032580912434288
7,200,0.1,0.3,False,-0.212320334084663,-0.27739889247439364,-0.9827504763070993,-0.7653971945986123,-0.20922400760248705,-0.30975140738080675,-0.21799579288524407,-2.777010687430996,-1.4209054371240277,-0.21552031217392587,0.024822648745325138,-0.14180026907062016,0.23910821995901999,0.17505360820551635,0.008026089992064556,24,4,0.21153846153846154,0.25456364037715873
7,200,0.1,0.3,True,-0.16871020367898826,-0.1811864846159339,-0.9074935606992574,-0.9311412163915429,-0.16618138294598184,-0.16042178647629302,-0.1081831699492406,-2.4850698559346704,-1.4828719342533845,-0.1081831699492406,-0.18637464938574788,-0.14179992172296185,-0.5225518752390738,-1.3143494518274335,-0.06503377267890331,18,4,0.21153846153846154,0.161492796538102
7,200,0.15,0.0,False,-0.24640736778123928,-0.29836437030891716,-1.0387429029743602,-0.8258605661464095,-0.24289464950555328,-0.3211423486284415,-0.23516292107528247,-2.368789719257491,-1.3656164294949988,-0.2240216118762831,-0.07274071538038052,-0.16006311146271446,-0.032055845767013945,-0.45445021476622327,-0.024321602145266463,11,0,0.21153846153846154,0.28707867881608434
7,200,0.15,0.0,True,-0.1775673432689734,-0.18432826179993556,-0.870042603969356,-0.9633213134820299,-0.17492019461607522,-0.1318520705292764,-0.08842687387997028,-1.8925301024019132,-1.4910859645253436,-0.08842687387997028,-0.2634491980040843,-0.16006085968686434,-0.7488156833124744,-1.6459314195830517,-0.09488357901055122,7,0,0.21153846153846154,0.19438186807354765
7,200,0.15,0.1,False,-0.30220819851711167,-0.3053821994258885,-1.557408873705214,-0.9896064639172031,-0.2980684674762113,-0.3211423486284415,-0.23516292107528247,-2.368789719257491,-1.3656164294949988,-0.2240216118762831,-0.26479691433748553,-0.15984452623936496,-0.8716070201703757,-1.656590441770623,-0.09542386325857655,11,9,0.21153846153846154,0.2882039304243064
7,200,0.15,0.1,True,-0.23308605281873596,-0.2297331423764546,-1.4462202209540653,-1.0145948051186584,-0.2297331423764546,-0.1318520705292764,-0.08842687387997028,-1.8925301024019132,-1.4910859645253436,-0.08842687387997028,-0.4034711834014346,-0.15984422736550896,-1.6911711317789395,-2.5241523579005096,-0.1550136400992126,7,7,0.21153846153846154,0.19550376565867988
7,200,0.15,0.2,False,-0.26996474184747965,-0.30718803255133875,-1.2576727808408192,-0.8788257133759332,-0.26617882716351093,-0.3211423486284415,-0.23516292107528247,-2.368789719257491,-1.3656164294949988,-0.2240216118762831,-0.15745917426386347,-0.15983349157631332,-0.35652414824479767,-0.9851450575906601,-0.0543278214089985,11,6,0.21153846153846154,0.2907117659158028
7,200,0.15,0.2,True,-0.20364316601931076,-0.2006567020415866,-1.1315854541276598,-1.0148834499288502,-0.2006567020415866,-0.1318520705292764,-0.08842687387997028,-1.8925301024019132,-1.4910859645253436,-0.08842687387997028,-0.3316720405326652,-0.1598331706369268,-1.1650921280225552,-2.075113940435327,-0.12311664851212245,7,6,0.21153846153846154,0.1976376009458481
7,200,0.15,0.3,False,-0.25452462324044267,-0.30439571189749437,-1.0971114037156549,-0.8361636294211469,-0.2509163983066385,-0.3211423486284415,-0.23516292107528247,-2.368789719257491,-1.3656164294949988,-0.2240216118762831,-0.10254615807723333,-0.16007664188936543,-0.1299380270948028,-0.6406066298423887,-0.034659195206951376,11,4,0.21153846153846154,0.2918142916069637
7,200,0.15,0.3,True,-0.18660554410569052,-0.19151529039875725,-0.9386247592040331,-0.9743636850987508,-0.18383924372714178,-0.1318520705292764,-0.08842687387997028,-1.8925301024019132,-1.4910859645253436,-0.08842687387997028,-0.28759881613234883,-0.16007608206270885,-0.8644043253517143,-1.7966382761647284,-0.10466781776825684,7,4,0.21153846153846154,0.19883880808067633
7,200,0.2,0.0,False,-0.20715134799402846,-0.27828157976840906,-0.7467193557513381,-0.7443947535673168,-0.20412028083322076,-0.2783210815634385,-0.23056569972634744,-1.6017590035331324,-1.2071226634914503,-0.19231049491803698,-0.04417377048600868,-0.1465390353289242,0.06139430930331388,-0.30144712217366126,-0.014621690440295376,3,0,0.21153846153846154,0.31708736906651885
7,200,0.2,0.0,True,-0.16789346504478808,-0.1926089930422359,-0.7726206249128929,-0.8716803010748927,-0.16537563294347024,-0.12970169273728782,-0.0983101962452545,-1.675917286109267,-1.3193106889311963,-0.08694901803436383,-0.24078290122634993,-0.1416319372634255,-0.6254146454598799,-1.7000607763947377,-0.08589511041351472,2,0,0.21153846153846154,0.21279568184365827
7,200,0.2,0.1,False,-0.25671880861593,-0.27675191714568337,-1.1266098816136887,-0.9276134787561097,-0.2530850130387928,-0.2650177180666127,-0.23056569972634744,-1.5203543535507487,-1.1494238665211498,-0.18259210690846717,-0.24166007648545718,-0.14140707840584144,-0.7256034233257143,-1.7089673247606985,-0.08623957112001102,3,10,0.21153846153846154,0.31589102400670765
7,200,0.2,0.1,True,-0.22389786549359747,-0.22065737396118468,-1.2973893333971025,-1.014685625384914,-0.22065737396118468,-0.12970169273728782,-0.0983101962452545,-1.675917286109267,-1.3193106889311963,-0.08694901803436383,-0.38471370233012614,-0.14644128155798108,-1.4963889041142184,-2.627085055779199,-0.14644128155798108,2,7,0.21153846153846154,0.2138267493561109
7,200,0.2,0.2,False,-0.23193295223780697,-0.2873583131688331,-0.9260560495810093,-0.8071210805776766,-0.228594052514547,-0.2783210815634385,-0.23056569972634744,-1.6017590035331324,-1.2071226634914503,-0.19231049491803698,-0.13149228096431353,-0.14659166516085453,-0.2440385383708558,-0.8969969801490931,-0.044922655758450225,3,6,0.21153846153846154,0.32072288476553806
7,200,0.2,0.2,True,-0.1942725672655582,-0.20313694109515157,-1.0119678578536526,-0.9563625710724806,-0.1914064681300277,-0.12970169273728782,-0.0983101962452545,-1.675917286109267,-1.3193106889311963,-0.08694901803436383,-0.3110963365799392,-0.1413953897810205,-1.0123006435694906,-2.2001872696255167,-0.11440483845796379,2,6,0.21153846153846154,0.2160537257260723
7,200,0.2,0.3,False,-0.2156856748762792,-0.2844859864823638,-0.7969769679999823,-0.7581592244426784,-0.21254715609656893,-0.2783210815634385,-0.23056569972634744,-1.6017590035331324,-1.2071226634914503,-0.19231049491803698,-0.0748769209132043,-0.14658294225306567,-0.03225427815826082,-0.510816059237877,-0.025055000778397396,3,4,0.21153846153846154,0.3218270314014988
7,200,0.2,0.3,True,-0.17703163095108743,-0.19972329006566647,-0.8369151307523364,-0.8863845117556479,-0.17439159541466331,-0.12970169273728782,-0.0983101962452545,-1.675917286109267,-1.3193106889311963,-0.08694901803436383,-0.26565860400612584,-0.14164073428368507,-0.7351095018839674,-1.8755805337329843,-0.09576965482480637,2,4,0.21153846153846154,0.21725658759639938
14,0,0.0,0.0,False,-0.7801784973182387,-0.8350588524922608,-2.5244586884468485,-0.9342796558467349,-0.7746355252842844,-0.8877785783244104,-0.7612217214820545,-3.7972034474077256,-1.1662549205715742,-0.7612217214820545,-0.11094266683960374,-0.3305999539205786,0.0521007842044123,-0.33557980127927045,-0.037613094286397475,0,0,1.0,1.0698775318199987
14,0,0.0,0.0,True,-0.707688014239716,-0.7816914318597528,-2.5079862748759973,-0.9053291175982672,-0.7017178761742162,-0.8266636122160502,-0.6854656534558177,-4.079003054726168,-1.2059883789193147,-0.6825837376132783,-0.1500149822916721,-0.3117832161849543,-0.057178977334683294,-0.4811515646264969,-0.05161180322155445,0,0,0.9423076923076923,0.9014976152231088
14,0,0.0,0.1,False,-0.7718524673141433,-0.8013221183261081,-2.78578270496333,-0.9632237144863487,-0.7662424460802378,-0.8489096011765366,-0.7098859257086831,-3.482016184930349,-1.1958394587539756,-0.7098859257086831,-0.4526992892237355,-0.33800405733849215,-1.1244074413785239,-1.3393309322626932,-0.17841120416177914,0,50,1.0,1.0940248570934037
14,0,0.0,0.1,True,-0.7120174263636674,-0.7501742463786577,-2.8968984446528965,-0.9491360571238134,-0.7060636212714353,-0.7837791581797446,-0.6331448985816346,-3.7427661448625407,-1.2379143541005535,-0.6331448985816346,-0.47876129571843506,-0.3185621564979332,-1.3154081710584573,-1.5028818896181138,-0.19137679962843568,0,41,0.9423076923076923,0.9158070471958317
14,0,0.0,0.2,False,-0.7900639305369274,-0.8280172297620817,-2.806869584105166,-0.9541636358991471,-0.7846073714734444,-0.8752035148439391,-0.7440245862943938,-3.7295063613829753,-1.1763099378246094,-0.7440245862943938,-0.37482817050691497,-0.3489120156326315,-0.7339084781495433,-1.0742770489783604,-0.14199421618103514,0,15,1.0,1.0807620326273981
14,0,0.0,0.2,True,-0.7224462703663013,-0.773665045300048,-2.8333909203808623,-0.9337972223963115,-0.71653625096967,-0.8107674030300792,-0.6638130048722846,-3.952227914727111,-1.2213792093242708,-0.6638130048722846,-0.3904634961902391,-0.32631896016383843,-0.8539846540678869,-1.1965700552434801,-0.1490500478540191,0,13,0.9423076923076923,0.9100684745168789
14,0,0.0,0.3,False,-0.7756032797323895,-0.8233521660788822,-2.6006739103480516,-0.9420067277239446,-0.7700228292143982,-0.8757897657336532,-0.7448126062032792,-3.7126905908348387,-1.1758525009371645,-0.7448126062032792,-0.22841991290392638,-0.3291860068562571,-0.25160013271721504,-0.693893142923504,-0.08106853141500803,0,11,1.0,1.0749248350947682
14,0,0.0,0.3,True,-0.7089172145529139,-0.770545796240633,-2.633130146896784,-0.920019573153997,-0.7029516054807299,-0.8147486209645196,-0.6684613158433881,-3.9900401834797306,-1.218841841186521,-0.6684613158433881,-0.26565184297936306,-0.3074591251389873,-0.392820058569365,-0.8640232839382301,-0.09576694059590085,0,9,0.9423076923076923,0.9040543812667127
14,0,0.05,0.0,False,-0.6127385241214415,-0.7035144961462723,-2.3596824469212314,-0.8709678726990198,-0.606652106829987,-0.7818944939370791,-0.6310542323489254,-4.172060112318555,-1.2390289991823562,-0.6310542323489254,0.24880532236177544,-0.2014413139628345,0.7448187135138242,1.235125592993697,0.07512739779961652,161,0,1.0,0.9692532435132709
14,0,0.05,0.0,True,-0.4387450543652702,-0.5520072972844281,-1.644272314752469,-0.7948174897753241,-0.4333908608617202,-0.6151656493612172,-0.46489430050091174,-3.2228076845537355,-1.3232376664940653,-0.46489430050091174,0.19179670440722663,-0.16279586792864054,0.648236619309734,1.1781423376869629,0.05887330235630417,120,0,0.9423076923076923,0.7324982153546421
14,0,0.05,0.1,False,-0.6141005066686963,-0.6458661236768568,-2.860334333559112,-0.9508170256285904,-0.6080127938045695,-0.723408990791991,-0.568958962456865,-3.9336653973820157,-1.2714607529305515,-0.568958962456865,-0.2332233846493491,-0.18560143528314776,-0.6815927532421838,-1.2565817947126905,-0.08293759801929212,161,37,1.0,0.9801199554826607
14,0,0.05,0.1,True,-0.46023969797479636,-0.49076429042616876,-2.1221772742446583,-0.9378019284474314,-0.4547406563102496,-0.5364871787545116,-0.39557966838378544,-2.8068427841155836,-1.3562051380103282,-0.39557966838378544,-0.27090403232117966,-0.1574808408377999,-0.9244808667052822,-1.7202348608247648,-0.09788053914114425,120,30,0.9423076923076923,0.7428367973814543
14,0,0.05,0.2,False,-0.6304125278036661,-0.6844488335489927,-2.788546469339148,-0.9210513582656888,-0.6243155153259379,-0.7601154888507818,-0.607328987156303,-4.144570902972096,-1.2515712322737487,-0.607328987156303,-0.10407013764097861,-0.2014413138267469,-0.1482634309637998,-0.5166275758630423,-0.03519394480776461,161,13,1.0,0.9759949097086845
14,0,0.05,0.2,True,-0.4670099438516938,-0.5285372404241542,-2.019610200002546,-0.8835894770194729,-0.4614681479071475,-0.5839537260395473,-0.4368604483480254,-3.031696339122475,-1.336705413016332,-0.4368604483480254,-0.12807008074987913,-0.16279586792864076,-0.2749922646099378,-0.7866912249026912,-0.043697338407389985,120,11,0.9423076923076923,0.7362182284098607
14,0,0.05,0.3,False,-0.6122134894988325,-0.68613181740277,-2.5219456481710885,-0.8922680365068302,-0.6061275926637822,-0.7620666585828413,-0.6094232839982512,-4.0798560862139555,-1.250471845419395,-0.6094232839982512,0.05287027744774475,-0.2014413138619463,0.3228203204445445,0.26245995140787415,0.01693880382226931,161,9,1.0,0.9718019291870095
14,0,0.05,0.3,True,-0.45061780809647156,-0.5355438676698652,-1.8276811679542975,-0.8414209092844173,-0.445181911060365,-0.5933593914669721,-0.4452295270198847,-3.076573675129571,-1.332704493878888,-0.4452295270198847,0.00026328349420023933,-0.16279586792864065,0.17128549774929155,0.0016172615285029598,8.583001770801069e-05,120,7,0.9423076923076923,0.7321323254040929
14,0,0.1,0.0,False,-0.7189626827841726,-0.7911626496703543,-2.4729040078634124,-0.9087419421072714,-0.7130373297628506,-0.8486681782943587,-0.7095824697360614,-4.0831911534500565,-1.1960106322948367,-0.7095824697360614,0.014966493150686544,-0.2991843374182639,0.28353194731579534,0.0500243203900182,0.00485508058673112,82,0,1.0,0.9753498011398436
14,0,0.1,0.0,True,-0.6116130479677151,-0.7047007521098103,-2.17195392539551,-0.8679046334725782,-0.6055277606464337,-0.749532320651447,-0.5960701926727507,-3.8901116576144155,-1.2574564705048903,-0.5960701926727507,-0.051078946640729095,-0.26409411102853586,0.13593870039645423,-0.19341191078361425,-0.01694824470396339,67,0,0.9423076923076923,0.7745817245649659
14,0,0.1,0.1,False,-0.7118660954835112,-0.7449909784265376,-2.829831386947355,-0.9555365314450008,-0.7059117014653069,-0.7995308796060927,-0.6508721311123533,-3.758960235862935,-1.2283993143778926,-0.6508721311123533,-0.3778944990117703,-0.2899131849161072,-0.9305135273185311,-1.3034746906082333,-0.14336852010970413,82,49,1.0,1.000796813888627
14,0,0.1,0.1,True,-0.6188442401872398,-0.6642111480055217,-2.606657376186429,-0.9316980632521622,-0.6127526330611412,-0.6887920786054726,-0.5343577932546155,-3.4839086947521842,-1.2890091382596733,-0.5343577932546155,-0.4202828605427882,-0.27409502173178557,-1.181898414045526,-1.5333472964498205,-0.16285251933617506,67,40,0.9423076923076923,0.7916179329980297
14,0,0.1,0.2,False,-0.7320432764310217,-0.7764168362961341,-2.813277428624083,-0.9428482771228988,-0.7261792626046601,-0.8320489950632102,-0.6890763076445471,-4.003746524751887,-1.2074845497262605,-0.6890763076445471,-0.28694896462425823,-0.2991843366684277,-0.5206300472496171,-0.9591042359355552,-0.10440162617433191,82,15,1.0,0.988328303892502
14,0,0.1,0.2,True,-0.6316085442369773,-0.6940972634481897,-2.5260140663999513,-0.9099712352980963,-0.6255113091686697,-0.7268637476360822,-0.5724919624657199,-3.7105763205980256,-1.2696488252961384,-0.5724919624657199,-0.3201587252192064,-0.27971409267777125,-0.6893301618042258,-1.1445927595361707,-0.11821996266557433,67,13,0.9423076923076923,0.7850844183261967
14,0,0.1,0.3,False,-0.713643279657971,-0.7772074713887496,-2.559362493481388,-0.9182146414300429,-0.7076958847401239,-0.832955151821433,-0.6901757812582594,-3.968301316037633,-1.2068739217462434,-0.6901757812582594,-0.11925084168752842,-0.29918433642640496,-0.021693372925465047,-0.3985865139596384,-0.04055448223249669,82,11,1.0,0.9823457064030965
14,0,0.1,0.3,True,-0.6135282297539717,-0.6898496461190147,-2.2960001770204586,-0.8893651438477714,-0.6074410516623272,-0.7325917433679139,-0.5783838811524972,-3.743671884835746,-1.2666185335389009,-0.5783838811524972,-0.18027468896547827,-0.2595070726479892,-0.2067005054171748,-0.6946812166850402,-0.06275417333769662,67,9,0.9423076923076923,0.7790351089832128
14,0,0.15,0.0,False,-0.8081785050461345,-0.8526251370942135,-2.9828032613511524,-0.9478708401683357,-0.8029006185333939,-0.9078404571801235,-0.7901124539952286,-4.594003413222785,-1.149001578939301,-0.7901124539952286,-0.12460171693000877,-0.3195621328210275,0.015078245370603262,-0.3899138982145692,-0.042458794885675166,47,0,1.0,1.0294012802633448
14,0,0.15,0.0,True,-0.7237132271971299,-0.7889161887585439,-2.797798268387421,-0.917351218683928,-0.717808963088767,-0.8384292875808128,-0.6968621302423785,-4.660030539062582,-1.203149448355294,-0.6968621302423785,-0.17426014347790075,-0.3032159375361392,-0.12337860571765215,-0.5747064118525476,-0.06051766089891575,37,0,0.9423076923076923,0.8311463764786494
14,0,0.15,0.1,False,-0.7990863809601182,-0.8207865555601789,-3.325993883809092,-0.9735617323979551,-0.7937154240130815,-0.8742133206699874,-0.7426964940724232,-4.299198677903406,-1.1770801769595258,-0.7426964940724232,-0.461040859353104,-0.32671594685933514,-1.1990010800833446,-1.411136688566969,-0.18251489221003425,47,49,1.0,1.054566607223673
14,0,0.15,0.1,True,-0.7248926313930706,-0.7558708071812731,-3.250272088498596,-0.959016573343104,-0.7189938110723051,-0.7952148582159116,-0.6459684273460149,-4.312086867182249,-1.2310429187430743,-0.6459684273460149,-0.4935905546018837,-0.30998076588221257,-1.4295567046349107,-1.5923263922428006,-0.19895024834131325,37,40,0.9423076923076923,0.8482916091403475
14,0,0.15,0.2,False,-0.8156368997706446,-0.8453064857915664,-3.31189243948023,-0.964900794540647,-0.8104406918946273,-0.8965295508973495,-0.7735839894612655,-4.528935475329145,-1.1589298164271795,-0.7735839894612655,-0.38443838345055115,-0.337910319628727,-0.7927218136351193,-1.1376935273031794,-0.14631677828341694,47,15,1.0,1.0424324515568995
14,0,0.15,0.2,True,-0.7359353564868003,-0.7797360721774416,-3.1558500105950062,-0.9438262288310888,-0.7300916074454262,-0.821861955327422,-0.6768534079500299,-4.504918092695119,-1.214239221778577,-0.6768534079500299,-0.4078671563380365,-0.31793262733282357,-0.9473054786746912,-1.282872914804891,-0.15704884896637816,37,13,0.9423076923076923,0.8420020922546168
14,0,0.15,0.3,False,-0.8029436662397416,-0.8415131853776113,-3.069757394073346,-0.9541664708193937,-0.7976113410447503,-0.8970198044610811,-0.7742870170634486,-4.495822991334024,-1.1585107133309653,-0.7742870170634486,-0.24028764569902983,-0.3195621311900462,-0.2967250327946464,-0.751927785699141,-0.0857007454257186,47,11,1.0,1.036410481643047
14,0,0.15,0.3,True,-0.7230104020248609,-0.7766588365407572,-2.9249303641785103,-0.9309240660225451,-0.7171029334367975,-0.8255600705610502,-0.6812619640483799,-4.532318281587247,-1.2118100145429855,-0.6812619640483799,-0.2866122059612619,-0.2988380214912414,-0.47022251408685845,-0.9590888218675421,-0.10426374770633584,37,9,0.9423076923076923,0.8359253678674711
14,0,0.2,0.0,False,-0.8022812957993888,-0.851395560595817,-2.8476516522372735,-0.9423132242291028,-0.7969422483065874,-0.9050056101386953,-0.7859071200221568,-4.399163109874993,-1.1515427040706552,-0.7859071200221568,-0.0974885370757691,-0.3273623874632283,0.07916387545532605,-0.2978000552574773,-0.03288889891172486,17,0,1.0,1.0533419500725925
14,0,0.2,0.0,True,-0.7216617799580076,-0.7919750791362161,-2.682936825692371,-0.9112177882479621,-0.7157482448292523,-0.8401584479917961,-0.7010711240936252,-4.466833046970906,-1.1983926011472645,-0.6989903831840263,-0.13716396184676516,-0.308457865629306,-0.028942615106599824,-0.444676492742137,-0.046960584120569915,14,0,0.9423076923076923,0.8819197026534188
14,0,0.2,0.1,False,-0.794752772783941,-0.8208908863516624,-3.17175876121922,-0.9681588454661877,-0.7893398789313273,-0.8720967241191674,-0.739869659207818,-4.114756407762859,-1.1787167013348345,-0.739869659207818,-0.44415110864595186,-0.3344183478060203,-1.0918002612771682,-1.3281302044575083,-0.17424937516221173,17,50,1.0,1.0774458330397385
14,0,0.2,0.1,True,-0.7256388804140337,-0.7617181433481355,-3.1134218766757074,-0.9526343658094906,-0.7197435476717047,-0.8005008150345462,-0.6519791326197184,-4.148924002681885,-1.2278012822558486,-0.6519791326197184,-0.4706308677078006,-0.314875822009966,-1.2815519891501193,-1.4946554635525648,-0.18728600228726544,14,41,0.9423076923076923,0.8961589806930337
14,0,0.2,0.2,False,-0.811113793321741,-0.8450013366179026,-3.171210224154235,-0.9598964619017106,-0.8058674661307179,-0.8943087768569382,-0.7704136650659543,-4.353161763429171,-1.1608163476440638,-0.7704136650659543,-0.36539888226892736,-0.34576319374266407,-0.7044910175640935,-1.056789412180399,-0.1377963430819713,17,15,1.0,1.0643100523076976
14,0,0.2,0.2,True,-0.735596285820246,-0.7842284639383664,-3.034483871885584,-0.9379872315856895,-0.7297507338547091,-0.8253782382569522,-0.681044450676564,-4.349081155264286,-1.211930054546372,-0.681044450676564,-0.38127841127438467,-0.32306402781712795,-0.8232137191317285,-1.180194569635618,-0.14489047206194383,14,13,0.9423076923076923,0.890527474362634
14,0,0.2,0.3,False,-0.7981188089837599,-0.8399109718003902,-2.9420620740164076,-0.9502421515853676,-0.7927383553539016,-0.894818223142995,-0.7711388896206481,-4.326515729340069,-1.160385288807298,-0.7711388896206481,-0.21677285443266614,-0.3221358880642483,-0.22329641516510618,-0.6729236401919675,-0.07656890808174965,17,11,1.0,1.0583750973586432
14,0,0.2,0.3,True,-0.7226949983286344,-0.7812454016774908,-2.8196701489892773,-0.9250550425984755,-0.7167861012580548,-0.8290408607945812,-0.6854410140794712,-4.382339222513528,-1.2094999332772065,-0.6854410140794712,-0.2545769044682823,-0.30411304446683685,-0.36321794277066605,-0.8371127417917898,-0.09134330365130727,14,9,0.9423076923076923,0.8844496025861142
14,20,0.0,0.0,False,-0.569116348921141,-0.5784304918925872,-2.455848590238179,-0.9838975588216816,-0.5631115772524158,-0.6129111390603414,-0.4628436823945309,-3.2257471638459605,-1.3242292427746527,-0.4628436823945309,-0.4693877572643388,-0.21518281682568363,-1.4283335933975938,-2.181344050554849,-0.1866642755033736,0,0,0.4423076923076923,0.6309864847488593
14,20,0.0,0.0,True,-0.5461339313699549,-0.5563240224240248,-2.3275375067993225,-0.9816831726775532,-0.5402018069941337,-0.587223122455085,-0.4397620497579947,-3.0699476255240508,-1.3353201413770004,-0.4397620497579947,-0.4544735827399866,-0.2080579736086764,-1.3626728591968038,-2.1843603244679213,-0.17928053105426378,0,0,0.4423076923076923,0.5918790861839274
14,20,0.0,0.1,False,-0.5594006526749853,-0.5534242014789353,-2.613236706603001,-1.0107990420008357,-0.5534242014789353,-0.5621859735482673,-0.4177380074952498,-2.9139902406544627,-1.3457860272737094,-0.4177380074952498,-0.5568159495837786,-0.23303288851122894,-2.192780044023734,-2.3894307500589034,-0.23303288851122894,0,20,0.4423076923076923,0.6359991779958857
14,20,0.0,0.1,True,-0.5359051593791526,-0.5300115583807437,-2.479100496602245,-1.011119759381125,-0.5300115583807437,-0.5331317301525644,-0.3927181818528317,-2.7480227327026014,-1.3575427744069963,-0.3927181818528317,-0.5443743815940105,-0.2260785230600143,-2.121623994316604,-2.4078995838516786,-0.2260785230600143,0,20,0.4423076923076923,0.5969482626079882
14,20,0.0,0.2,False,-0.5850861961615066,-0.5860714203694531,-2.675617404175134,-0.9983189349050232,-0.5790427166154175,-0.6129111390603414,-0.4628436823945309,-3.2257471638459605,-1.3242292427746527,-0.4628436823945309,-0.5265270166416192,-0.2294075931643993,-1.8797829157877721,-2.295159499207581,-0.21632256833332575,0,5,0.4423076923076923,0.6371652807485172
14,20,0.0,0.2,True,-0.5629555762976721,-0.5643656296711452,-2.546585420948016,-0.9975015250764036,-0.5569683512883614,-0.587223122455085,-0.4397620497579947,-3.0699476255240508,-1.3353201413770004,-0.4397620497579947,-0.5132188828715303,-0.2224118874119928,-1.8108507939021625,-2.3075155237581817,-0.20920807217671944,0,5,0.4423076923076923,0.5980578821835851
14,20,0.0,0.3,False,-0.5738658511711914,-0.5821619104629919,-2.5054328865900977,-0.9857495670144364,-0.5678485369981492,-0.6129111390603414,-0.4628436823945309,-3.2257471638459605,-1.3242292427746527,-0.4628436823945309,-0.4868370052848121,-0.22212943263956553,-1.5347419795136958,-2.1916816673041692,-0.19548286255239078,0,4,0.4423076923076923,0.635435967637463
14,20,0.0,0.3,True,-0.5511367619688474,-0.560251110958966,-2.377171553827767,-0.9837316717239208,-0.5451871657677353,-0.587223122455085,-0.4397620497579947,-3.0699476255240508,-1.3353201413770004,-0.4397620497579947,-0.4724132852003238,-0.21506765321578758,-1.468701107562328,-2.196579904679246,-0.18817917630214132,0,4,0.4423076923076923,0.5963285690725312
14,20,0.05,0.0,False,-0.3722280179432613,-0.3674050322498822,-1.848507201760078,-1.0131271628585068,-0.3674050322498822,-0.3588208493819469,-0.2593711653707318,-1.7863676425234531,-1.383426137092251,-0.25250005777306594,-0.4006634852571753,-0.15371904128111913,-1.9769417476301843,-2.6064661990992244,-0.15371904128111913,66,0,0.4423076923076923,0.45888099669356297
14,20,0.05,0.0,True,-0.3372011149502986,-0.33270486392953413,-1.6362566856251852,-1.013514232907989,-0.33270486392953413,-0.31537586712704435,-0.226884362667779,-1.5258438337508042,-1.3900291030142136,-0.21971186210991667,-0.38109831181067966,-0.14480932918595057,-1.8556268397792743,-2.631724861602728,-0.14480932918595057,62,0,0.4423076923076923,0.43570729386549767
14,20,0.05,0.1,False,-0.3553526771504648,-0.35068323944594837,-1.896461613143381,-1.0133152577006355,-0.35068323944594837,-0.2735710322618322,-0.2090725513681253,-1.343187337426607,-1.308498081032842,-0.1888334415130376,-0.49470847183336997,-0.19952720713092875,-3.0377886569085213,-2.47940358082968,-0.19952720713092875,66,16,0.4423076923076923,0.46474198709610676
14,20,0.05,0.1,True,-0.31939093362096127,-0.31609262530466453,-1.6687034626580972,-1.0104346259679982,-0.31507247938683025,-0.22434969750319222,-0.17560915695775559,-1.0623860414774449,-1.277551247268738,-0.15325258547198228,-0.47822893326306115,-0.1911076327349016,-2.908193502179439,-2.5024062431166474,-0.1911076327349016,62,16,0.4423076923076923,0.4416323437385804
14,20,0.05,0.2,False,-0.3893880862788279,-0.3844165428142554,-2.043614932586878,-1.012932699066946,-0.3844165428142554,-0.3588208493819469,-0.2593711653707318,-1.7863676425234531,-1.383426137092251,-0.25250005777306594,-0.4487374681175377,-0.17647691670475185,-2.607531677380227,-2.542754466116842,-0.17647691670475185,66,3,0.4423076923076923,0.46097304325858934
14,20,0.05,0.2,True,-0.35531863928282326,-0.35064951862255356,-1.8260420940786881,-1.0133156340228593,-0.35064951862255356,-0.31537586712704435,-0.226884362667779,-1.5258438337508042,-1.3900291030142136,-0.21971186210991667,-0.430741656439915,-0.16780680130124148,-2.477038451180053,-2.5668903351936323,-0.16780680130124148,62,3,0.4423076923076923,0.43779934043052404
14,20,0.05,0.3,False,-0.38349248212058906,-0.37857110272944827,-1.9421937113946286,-1.0129998812789944,-0.37857110272944827,-0.3588208493819469,-0.2593711653707318,-1.7863676425234531,-1.383426137092251,-0.25250005777306594,-0.43252344783128416,-0.16865692936482968,-2.2579571917807666,-2.564516319964966,-0.16865692936482968,66,2,0.4423076923076923,0.4592293416755077
14,20,0.05,0.3,True,-0.34909408646035933,-0.3444834345788311,-1.7291308504167424,-1.0133842484680438,-0.3444834345788311,-0.31537586712704435,-0.226884362667779,-1.5258438337508042,-1.3900291030142136,-0.21971186210991667,-0.41399833398140606,-0.15990448452324246,-2.1352727555881392,-2.589035168186484,-0.15990448452324246,62,2,0.4423076923076923,0.4360556388474424
14,20,0.1,0.0,False,-0.488737434753287,-0.4898480986471013,-2.122048191599341,-0.9977326361031474,-0.48306801058245274,-0.49914691180612814,-0.3641246546931127,-2.554671750877994,-1.3708132788393943,-0.3641246546931127,-0.4701682554511444,-0.19771712314669432,-1.5800982651346296,-2.3779845061892164,-0.1870545174729732,35,0,0.4423076923076923,0.5334964826113129
14,20,0.1,0.0,True,-0.46195916095407386,-0.4635783504703199,-1.9700460005953149,-0.9965071934127137,-0.4564491287346951,-0.46665024063349914,-0.33740367745922584,-2.3486979459109825,-1.3830621057468835,-0.33740367745922584,-0.4552572998035542,-0.19042465030181277,-1.509819440213184,-2.390747726630959,-0.1796651252439505,35,0,0.4423076923076923,0.4948890744401035
14,20,0.1,0.1,False,-0.4781183429795115,-0.47250944938215467,-2.278903553754603,-1.0118704368869045,-0.47250944938215467,-0.43389611594764177,-0.3110340751505699,-2.1893374213228127,-1.3950115135700003,-0.3110340751505699,-0.5591877617997579,-0.23437352764126096,-2.4696567795509274,-2.3858827719471254,-0.23437352764126096,35,20,0.4423076923076923,0.5384135253077323
14,20,0.1,0.1,True,-0.4507900779574793,-0.4453530260444398,-2.1157276412579753,-1.0122084090487282,-0.4453530260444398,-0.3971658008048573,-0.28208210692487845,-1.970053385164494,-1.4079794182430256,-0.28208210692487845,-0.546797505979054,-0.22742283023509635,-2.393174807075257,-2.4043210851514196,-0.22742283023509635,35,20,0.4423076923076923,0.49986252658915764
14,20,0.1,0.2,False,-0.507849136399531,-0.502079909252992,-2.3564174249831358,-1.011490655252712,-0.502079909252992,-0.49914691180612814,-0.3641246546931127,-2.554671750877994,-1.3708132788393943,-0.3641246546931127,-0.5276948666750448,-0.21695330001086788,-2.1000009914550564,-2.4322970272801148,-0.21695330001086788,35,5,0.4423076923076923,0.5392744000993311
14,20,0.1,0.2,True,-0.48207187150306274,-0.4764400255999156,-2.200968602649254,-1.011820681723908,-0.4764400255999156,-0.46665024063349914,-0.33740367745922584,-2.3486979459109825,-1.3830621057468835,-0.33740367745922584,-0.5144028716830613,-0.2098356773360055,-2.0258795126406652,-2.4514557210371746,-0.2098356773360055,35,5,0.4423076923076923,0.5006669919281218
14,20,0.1,0.3,False,-0.49439970401062405,-0.49438837232821675,-2.1761994138202456,-1.0000229206086582,-0.4886994730723191,-0.49914691180612814,-0.3641246546931127,-2.554671750877994,-1.3708132788393943,-0.3641246546931127,-0.4876736880432655,-0.20485731770624926,-1.700948322423533,-2.38055293071129,-0.19591075404737368,35,4,0.4423076923076923,0.5376130792944048
14,20,0.1,0.3,True,-0.4679180014974875,-0.4683524208812727,-2.0237473916734303,-0.9990724519306043,-0.46237057760133216,-0.46665024063349914,-0.33740367745922584,-2.3486979459109825,-1.3830621057468835,-0.33740367745922584,-0.4732553845095949,-0.19762974675125622,-1.6301753045610912,-2.3946566359023413,-0.18860186193444528,35,4,0.4423076923076923,0.4990056711231954
14,20,0.15,0.0,False,-0.5612947588019076,-0.5614478256465326,-2.4831454131189123,-0.9997273712041742,-0.5553125084410049,-0.5824565848499688,-0.43553435897354764,-3.068688532008947,-1.3373378537176317,-0.43553435897354764,-0.5188409377941667,-0.2230666625589781,-1.7325216279259381,-2.325945669523732,-0.2121974142653691,15,0,0.4423076923076923,0.5902905711882589
14,20,0.15,0.0,True,-0.5381364941047642,-0.5386878989581563,-2.345243912755172,-0.9989763927230246,-0.5322341718165391,-0.5551019992455759,-0.4115861687176551,-2.889004381725022,-1.3486896339958683,-0.4115861687176551,-0.5053051334769996,-0.21600738032194988,-1.666072822424501,-2.339295688526307,-0.205039373115946,15,0,0.4423076923076923,0.5515020155637045
14,20,0.15,0.1,False,-0.5514668230027298,-0.5455161061089704,-2.656633474892319,-1.0109084165015847,-0.5455161061089704,-0.5278429186436793,-0.3882223160886189,-2.744625296408809,-1.359640846929545,-0.3882223160886189,-0.5981191809222228,-0.25710939473093997,-2.575407966872477,-2.3263217648975565,-0.25710939473093997,15,20,0.4423076923076923,0.5954285160020031
14,20,0.15,0.1,True,-0.5277950521993928,-0.5219346231831241,-2.5106812428840617,-1.011228281773161,-0.5219346231831241,-0.49691041957399296,-0.3622668507710538,-2.5539849032128825,-1.371669581460081,-0.3622668507710538,-0.586827565544078,-0.2503676853008461,-2.503352586529389,-2.3438630462191474,-0.2503676853008461,15,20,0.4423076923076923,0.5566964461087786
14,20,0.15,0.2,False,-0.5775592473328955,-0.5715327790478316,-2.714073844931096,-1.0105443965875482,-0.5715327790478316,-0.5824565848499688,-0.43553435897354764,-3.068688532008947,-1.3373378537176317,-0.43553435897354764,-0.5706693677479029,-0.24093303505059704,-2.2265028973629852,-2.3685808283951584,-0.24093303505059704,15,5,0.4423076923076923,0.5964636982172543
14,20,0.15,0.2,True,-0.5552595484680993,-0.5492962400279982,-2.574182910783876,-1.0108562702701136,-0.5492962400279982,-0.5551019992455759,-0.4115861687176551,-2.889004381725022,-1.3486896339958683,-0.4115861687176551,-0.5585915833269086,-0.23403608819022514,-2.156709151614185,-2.3867754227411453,-0.23403608819022514,15,5,0.4423076923076923,0.5576751425926998
14,20,0.15,0.3,False,-0.5661339462804154,-0.5653295357053905,-2.5348775655982725,-1.0014229056226847,-0.5601374898341851,-0.5824565848499688,-0.43553435897354764,-3.068688532008947,-1.3373378537176317,-0.43553435897354764,-0.5346751399617957,-0.2299434496948598,-1.8459768688258134,-2.325246231937991,-0.22074528864866427,15,4,0.4423076923076923,0.5947359849897771
14,20,0.15,0.3,True,-0.5432311314252669,-0.5427710615271867,-2.396801104103234,-1.0008476315903536,-0.5373095594993325,-0.5551019992455759,-0.4115861687176551,-2.889004381725022,-1.3486896339958683,-0.4115861687176551,-0.5215847780749906,-0.22294665052933427,-1.7791374171106062,-2.3395048853015306,-0.21366491421128786,15,4,0.4423076923076923,0.5559474293652227
14,20,0.2,0.0,False,-0.5707164539333434,-0.5799703209717746,-2.482703098610193,-0.9840442403622899,-0.5647073603552479,-0.6096033029152947,-0.45984244434504007,-3.2311867265143652,-1.325678632783803,-0.45984244434504007,-0.48420062104591477,-0.22239414291090542,-1.5016628991986423,-2.1772184047126326,-0.19413764541913248,4,0,0.4423076923076923,0.6172061272965131
14,20,0.2,0.0,True,-0.5479253681172179,-0.5580465071107473,-2.3513224918323643,-0.9818632697014251,-0.5419868830101091,-0.5838423318124885,-0.43676172450646267,-3.0668974975009227,-1.336752510701861,-0.43676172450646267,-0.4697027988365875,-0.21533476661899253,-1.4361749527632395,-2.181267828746237,-0.18682174682010566,4,0,0.4423076923076923,0.5782755200939157
14,20,0.2,0.1,False,-0.5609646474759619,-0.5549833981864638,-2.64351784765569,-1.0107773481315714,-0.5549833981864638,-0.5584446739376698,-0.41448475552160435,-2.9177064509715893,-1.347322589065792,-0.41448475552160435,-0.5689743371469835,-0.23995727522008792,-2.27436369021414,-2.3711485164395305,-0.23995727522008792,4,20,0.4423076923076923,0.6222578548475646
14,20,0.2,0.1,True,-0.5376609480490067,-0.5317604696858461,-2.5055603680960914,-1.0110961207151152,-0.5317604696858461,-0.5293079161732616,-0.38946591948470777,-2.743239780178334,-1.3590609336847115,-0.38946591948470777,-0.5568740932761047,-0.2330656956627899,-2.2034579038342703,-2.3893438787397336,-0.2330656956627899,4,20,0.4423076923076923,0.5833837308220015
14,20,0.2,0.2,False,-0.5866271041978048,-0.5875834458394553,-2.705255612112077,-0.9983724156144593,-0.5805804169955857,-0.6096033029152947,-0.45984244434504007,-3.2311867265143652,-1.325678632783803,-0.45984244434504007,-0.5397451112641678,-0.23648841001497223,-1.9592056234899051,-2.2823321922203132,-0.22352362081494304,4,5,0.4423076923076923,0.6233848308703289
14,20,0.2,0.2,True,-0.5646807304580919,-0.5660570056423225,-2.572652734507823,-0.9975686632785881,-0.5586884476263438,-0.5838423318124885,-0.43676172450646267,-3.0668974975009227,-1.336752510701861,-0.43676172450646267,-0.5268085048622824,-0.22955698637945887,-1.8904772364606854,-2.2948920578329304,-0.21647449831608656,4,5,0.4423076923076923,0.5844542236677316
14,20,0.2,0.3,False,-0.5754484142589007,-0.5836882022866514,-2.5327890004561917,-0.9858832369825694,-0.5694271131525945,-0.6096033029152947,-0.45984244434504007,-3.2311867265143652,-1.325678632783803,-0.45984244434504007,-0.5011630849600064,-0.22927710007026392,-1.608973517782171,-2.185840124488755,-0.20287537897101016,4,4,0.4423076923076923,0.6216555303693009
14,20,0.2,0.3,True,-0.5529085528720517,-0.5619584464695542,-2.4013651721349256,-0.9838957957579292,-0.5469529874034634,-0.5838423318124885,-0.43676172450646267,-3.0668974975009227,-1.336752510701861,-0.43676172450646267,-0.4871420349146117,-0.222280209656185,-1.543108138864148,-2.1915672819820777,-0.19563880455468996,4,4,0.4423076923076923,0.5827249231667034
14,50,0.0,0.0,False,-0.37947694639813967,-0.5422712466257491,-1.1394794428042134,-0.6997917532220501,-0.37459026067694623,-0.6150795640064342,-0.46481592446583153,-3.1689109829158886,-1.3232755842289317,-0.46481592446583153,0.6126237155167646,-0.16530956608733438,1.2415817364510757,3.7059181148241027,0.1685880950378258,0,0,0.4423076923076923,0.5998773756413598
14,50,0.0,0.0,True,-0.32882837608290494,-0.5055484842475431,-0.9599296787843994,-0.6504388527093147,-0.32441475154217714,-0.5728700712890595,-0.4270816738142269,-3.017317052864593,-1.341359525387287,-0.4270816738142269,0.6579633735634474,-0.1636229779813514,1.3022169768583787,4.02121622330109,0.17919992707435095,0,0,0.4230769230769231,0.5518047364143813
14,50,0.0,0.1,False,-0.4180447429001931,-0.500956628963803,-1.5722279391006544,-0.8344928856713447,-0.41284275466168563,-0.5647254128020152,-0.41995164927346784,-2.8863732656059615,-1.3447391236086617,-0.41995164927346784,0.03806925771130065,-0.160357295317351,0.2879393915239383,0.23740271769962612,0.012255693172608995,0,23,0.4423076923076923,0.5970635887381794
14,50,0.0,0.1,True,-0.3706753616221967,-0.4610297788975486,-1.385475355945176,-0.8040160930788145,-0.3658661977919673,-0.517137371795366,-0.3804169351989889,-2.716586432027887,-1.3593962937661048,-0.3791746789979442,0.06721938459675814,-0.15919736956070063,0.3613183000979688,0.42223929190694287,0.021436756452678285,0,23,0.4230769230769231,0.5491984560048835
14,50,0.0,0.2,False,-0.4275202273081231,-0.5386863817815069,-1.5142072539817097,-0.7936347414134685,-0.42224705029627874,-0.5994313697335374,-0.45066782813509776,-3.057920479318839,-1.33009576524252,-0.45066782813509776,0.16733137866970194,-0.18043828018711927,0.5823051714404051,0.927360749039366,0.05173696225060809,0,8,0.4423076923076923,0.6049555692451404
14,50,0.0,0.2,True,-0.38099471172660493,-0.5018356264272447,-1.3330016002089837,-0.7592022002085596,-0.37609486279538573,-0.5557233443371872,-0.4132887408664756,-2.8952358039969104,-1.3446370282725149,-0.4121243952089738,0.20015143769946286,-0.1787822613894965,0.65110515431114,1.1195262670014634,0.061287680794979815,0,8,0.4230769230769231,0.5571177443881535
14,50,0.0,0.3,False,-0.41787604972882564,-0.5463227137808302,-1.3902431071586412,-0.7648886623016485,-0.41267535179879167,-0.6150795640064342,-0.46481592446583153,-3.1689109829158886,-1.3232755842289317,-0.46481592446583153,0.3299625837228364,-0.1726976116333666,0.8676096262322321,1.9106377940150092,0.09742549349025054,0,6,0.4423076923076923,0.6055584704765413
14,50,0.0,0.3,True,-0.370361705730884,-0.5099249933942454,-1.211474341131584,-0.7263062421506787,-0.3655553416710431,-0.5728700712890595,-0.4270816738142269,-3.017317052864593,-1.341359525387287,-0.4270816738142269,0.36735509394122623,-0.17102595192387415,0.9323162987046344,2.1479494182540244,0.10739110503376259,0,6,0.4230769230769231,0.5574858312495629
14,50,0.05,0.0,False,-0.23119702597750103,-0.3645384058119673,-0.8200319277747455,-0.6342185687199029,-0.2278670828056858,-0.43289837716374646,-0.3102392136390911,-2.2928480583360096,-1.3953696313430828,-0.3102392136390911,0.4134302628507387,-0.10089330523440765,1.1857047189997563,4.097697680636064,0.11942130150365649,69,0,0.4423076923076923,0.46375315364991976
14,50,0.05,0.0,True,-0.12066040035340875,-0.29011621589175585,-0.34238472212650084,-0.41590367495496317,-0.1187997645149288,-0.31711873445372274,-0.23748998145084121,-1.5574759442635968,-1.3352931038034719,-0.22101311938534196,0.45959716339743384,-0.09777928105943057,1.2834260528653294,4.7003532692993435,0.1312131916647452,58,0,0.4230769230769231,0.421346457280779
14,50,0.05,0.1,False,-0.27602224248230833,-0.31735421560693755,-1.2960711569050316,-0.8697607559881247,-0.2721680594376614,-0.3537609582056783,-0.24864271605186428,-1.8903771732126853,-1.4227682347705994,-0.24864271605186428,-0.09296287573460615,-0.11331505270938003,-0.26617258745435207,-0.820392997327802,-0.031310461598481054,69,17,0.4423076923076923,0.4659867955879748
14,50,0.05,0.1,True,-0.17224093587291966,-0.2352894342970535,-0.7329877221409749,-0.7320385481290462,-0.1696647615665533,-0.2222512298738396,-0.17563990459425505,-1.0857101531996027,-1.2653800421223251,-0.15175327138325234,-0.06336427177450388,-0.11081057096128522,-0.13949972399070304,-0.5718251537269127,-0.02111589656527113,58,17,0.4230769230769231,0.4236442293398064
14,50,0.05,0.2,False,-0.2858635048661584,-0.35957338537567785,-1.2528218186620994,-0.7950074073682949,-0.2819001698189164,-0.40967461109637204,-0.2918717123176562,-2.155663738711855,-1.4036119082705283,-0.2918717123176562,0.043823096790687854,-0.11737169145837079,0.2938355001297582,0.3733702415478179,0.0140815480361276,69,6,0.4423076923076923,0.4659962512836536
14,50,0.05,0.2,True,-0.1836754560490509,-0.28499077889052926,-0.7250097779118198,-0.6444961369069571,-0.18094760578959557,-0.2897924233262047,-0.2176459768363177,-1.4033254979287482,-1.3314853209721642,-0.2007403113204943,0.07791751118414258,-0.11431473959012284,0.4142054642798024,0.681605114646781,0.024763798063679676,58,6,0.4230769230769231,0.42358955491451283
14,50,0.05,0.3,False,-0.2856591897977625,-0.3702230545187979,-1.1776401287595322,-0.7715867132290064,-0.28169809855560624,-0.43289837716374646,-0.3102392136390911,-2.2928480583360096,-1.3953696313430828,-0.3102392136390911,0.13242464426286737,-0.10893644388582013,0.5663012816445222,1.2156137977265533,0.041378280191983974,69,4,0.4423076923076923,0.4642829719294239
14,50,0.05,0.3,True,-0.18295300190127195,-0.29646662317402017,-0.6742773425396851,-0.6171116328123118,-0.18023465829927543,-0.31711873445372274,-0.23748998145084121,-1.5574759442635968,-1.3352931038034719,-0.22101311938534196,0.16941305274852314,-0.10585027683653125,0.6761293563429185,1.6004970209965004,0.05234807170807598,58,4,0.4230769230769231,0.4218762755602832
14,50,0.1,0.0,False,-0.304303662747365,-0.4760908625461534,-0.9168362263333701,-0.6391713991735455,-0.30014176417389105,-0.5324085914824204,-0.3928334718607279,-2.8219396988590066,-1.3553035309353076,-0.39210242890362457,0.5404653270363471,-0.15890318387779223,1.1802378995008633,3.401224027405285,0.15127657865761424,35,0,0.4423076923076923,0.5329818094008847
14,50,0.1,0.0,True,-0.21892952015362122,-0.41764234193367433,-0.5878592896310121,-0.5242033629540114,-0.215750554153198,-0.45125234373410583,-0.33333363222224877,-2.2997961915629643,-1.3537558173344935,-0.3249395603995846,0.5838422933292544,-0.15719218760234321,1.2440708298095446,3.7141940845446397,0.16174700788423957,32,0,0.4230769230769231,0.4818705072322684
14,50,0.1,0.1,False,-0.3485654761348067,-0.43113628942442184,-1.3751271979892996,-0.8084809483334161,-0.34395983440493194,-0.47148105173126686,-0.3413395697097257,-2.5082088537498617,-1.3812669071218822,-0.3413395697097257,-0.012151854996269362,-0.15711741595581485,0.14008271842169087,-0.07734250797306107,-0.0039781723247765965,35,23,0.4423076923076923,0.5299705801347502
14,50,0.1,0.1,True,-0.26877057816975103,-0.3658094364219381,-0.996912380923923,-0.734728389728419,-0.2649982183841848,-0.3799274912531385,-0.27378819874418403,-1.9449090487792982,-1.387669348042742,-0.26870522358681315,0.01562968588777669,-0.15594172157386743,0.2189583422824677,0.10022773719586726,0.005069098429514751,32,23,0.4230769230769231,0.47906029416176793
14,50,0.1,0.2,False,-0.3586703084532552,-0.4722876384972312,-1.3151385251951828,-0.7594319207559737,-0.3539701095115584,-0.513742611060787,-0.3763201506338364,-2.7017504138757973,-1.3651743341287725,-0.3763201506338364,0.11403967819774685,-0.17423593602949483,0.47309352685044226,0.6545129598204248,0.03583575955675333,35,8,0.4423076923076923,0.5377954170872454
14,50,0.1,0.2,True,-0.2801942125803072,-0.4135961546498842,-0.9596639615632698,-0.677458456589124,-0.27629348986477253,-0.4296160405950483,-0.314582084695894,-2.166815982075621,-1.3656723046080563,-0.30762769698240044,0.14540920058947404,-0.17255613031537143,0.5466172389443226,0.8426776859432208,0.045256297776590015,32,8,0.4230769230769231,0.4869088293372525
14,50,0.1,0.3,False,-0.3473814374493692,-0.4807535735760322,-1.1827479151221518,-0.7225769220297436,-0.34278704333413523,-0.5324085914824204,-0.3928334718607279,-2.8219396988590066,-1.3553035309353076,-0.39210242890362457,0.27029469529813643,-0.1663888166361528,0.7839322867174158,1.6244763365869572,0.0811244984587558,35,6,0.4423076923076923,0.53833317520684
14,50,0.1,0.3,True,-0.2672936933647141,-0.42282523583927967,-0.8414972610166798,-0.6321611642553786,-0.26353814146354326,-0.45125234373410583,-0.33333363222224877,-2.2997961915629643,-1.3537558173344935,-0.3249395603995846,0.3060641016021435,-0.16469304796533135,0.8526286334758021,1.8583911426945683,0.09095692079421269,32,6,0.4230769230769231,0.48722187303822356
14,50,0.15,0.0,False,-0.3782185842157172,-0.5312495415989416,-1.1769745488937744,-0.7119414787208369,-0.3733428578400929,-0.5943365435480308,-0.4467760003678737,-3.1340203669047986,-1.3302785804489414,-0.4461028001051951,0.46017829692835654,-0.17408955237515544,1.0407200510711752,2.64334240998387,0.13136001098926053,15,0,0.4423076923076923,0.5670464434553621
14,50,0.15,0.0,True,-0.31625923268457246,-0.48534369290408663,-0.9363723489565896,-0.6516191253917695,-0.31197283155858235,-0.5385422334142493,-0.40002746229861874,-2.8259576234576853,-1.3462631548336796,-0.3973357253913741,0.5012671883399014,-0.17241435972685804,1.1018956716483015,2.9073401376429318,0.14164253205190724,14,0,0.4230769230769231,0.5158206605440572
14,50,0.15,0.1,False,-0.4169310095219593,-0.48893639510265574,-1.6409945443867777,-0.8527305672027577,-0.4117375548016011,-0.5413551121972251,-0.3997437309490799,-2.8480124155577116,-1.3542554148677417,-0.3997437309490799,-0.06003003833630649,-0.16908103084571136,0.015358921909012144,-0.3550370969235732,-0.0199811721608254,15,23,0.4423076923076923,0.5642994195423252
14,50,0.15,0.1,True,-0.3589611394331257,-0.4390002190291219,-1.3774754813628112,-0.817678725142762,-0.35425825719680404,-0.47842620179709927,-0.34835959729265553,-2.514377622565441,-1.3733687991238988,-0.3470199503792186,-0.033612290442086246,-0.16792688048482007,0.089799617549523,-0.200160274192223,-0.011085035173416302,14,23,0.4230769230769231,0.5132777897110274
14,50,0.15,0.2,False,-0.4264777000538611,-0.5276691244200209,-1.5732371516977464,-0.8082294004270522,-0.42121223097236904,-0.5779689819960916,-0.4315692712972746,-3.0234892901229147,-1.3392264473759847,-0.4315692712972746,0.056945447954215744,-0.18905908549473727,0.33714598862000916,0.3012045033709893,0.018220408929233045,15,8,0.4423076923076923,0.5722245096273348
14,50,0.15,0.2,True,-0.3695296643684348,-0.4815763185937538,-1.3213481832475338,-0.7673335463161782,-0.36473073964565683,-0.5201548948007686,-0.382973459679933,-2.703821081306784,-1.3582008926558093,-0.3817178230643462,0.08668751221463555,-0.18741425552305047,0.40679103847847553,0.4625449220642326,0.027474645157784083,14,8,0.4230769230769231,0.5212282258496783
14,50,0.15,0.3,False,-0.41670012256261757,-0.5353985426177985,-1.4391377875474063,-0.7782989481540008,-0.4115084412623574,-0.5943365435480308,-0.4467760003678737,-3.1340203669047986,-1.3302785804489414,-0.4461028001051951,0.20420940710663582,-0.1813998455754413,0.6447267741144265,1.1257419015922392,0.062456280424251664,15,6,0.4423076923076923,0.5727236938671849
14,50,0.15,0.3,True,-0.35857538413081647,-0.4898990154733396,-1.1943121588415486,-0.73193734383067,-0.3538760614546438,-0.5385422334142493,-0.40002746229861874,-2.8259576234576853,-1.3462631548336796,-0.3973357253913741,0.23809542614242796,-0.17973948038145315,0.710119980487798,1.3246696031229674,0.07211256045491221,14,6,0.4230769230769231,0.5214979109558799
14,50,0.2,0.0,False,-0.3848099263206778,-0.546173481195803,-1.1682610186445685,-0.7045562253922826,-0.3798772571216579,-0.6143485794642325,-0.46480892628934645,-3.187570583243097,-1.321722851513821,-0.4641506464274845,0.5651983407565835,-0.17345294512748632,1.1784581437042323,3.2585110638575085,0.15727067457294597,5,0,0.4423076923076923,0.6042581977884459
14,50,0.2,0.0,True,-0.33435883022586865,-0.509591457566412,-0.986670773615746,-0.6561311522422718,-0.32989043640242655,-0.5718291677545577,-0.4287580655598082,-3.027215048052106,-1.3336872555573938,-0.42616784317420475,0.6092046125621566,-0.17178281165626785,1.2389259259495118,3.54636535919063,0.16777973424205683,5,0,0.4230769230769231,0.5494308821840609
14,50,0.2,0.1,False,-0.422925118534083,-0.5049005123335184,-1.6089211850198522,-0.83764050184745,-0.4176861473523772,-0.5638632377879877,-0.4191995884239679,-2.9099869448180695,-1.3450949222252353,-0.4191995884239679,0.008014081043222765,-0.16807153238381667,0.2100602598837746,0.04768256069041724,0.0026057851224379203,5,23,0.4423076923076923,0.6013584758815298
14,50,0.2,0.1,True,-0.3757307355534958,-0.4651018976075454,-1.419303135917774,-0.807846060156346,-0.3708767984266689,-0.5159220901530543,-0.3794411366794461,-2.731596789502049,-1.359689396537171,-0.3781520000610964,0.036320225499829606,-0.16692226347229377,0.2831558215955465,0.2175876647266896,0.011699324650304321,5,23,0.4230769230769231,0.5467385034678668
14,50,0.2,0.2,False,-0.4324016128767141,-0.5425812720490155,-1.5487840461100866,-0.7969342753828995,-0.4270927583583154,-0.598619704851239,-0.44993922990489166,-3.081032191755139,-1.330445680359491,-0.44993922990489166,0.13294561228044532,-0.1884342818720628,0.5089690444507369,0.7055277360342985,0.041534449989272915,5,8,0.4423076923076923,0.6094100870207065
14,50,0.2,0.2,True,-0.38605472969598875,-0.5058690144360583,-1.3649060200527745,-0.7631515642964647,-0.3811114354297702,-0.5545854824079995,-0.4123472271795158,-2.9098350184087436,-1.344947766961848,-0.4111389448763223,0.16479889966053007,-0.18679441991629298,0.5775459823186508,0.8822474447276336,0.05099252053652181,5,8,0.4230769230769231,0.5548172106038776
14,50,0.2,0.3,False,-0.422886128692856,-0.5501905144656866,-1.4215042991139764,-0.768617628938112,-0.4176474503111435,-0.6143485794642325,-0.46480892628934645,-3.187570583243097,-1.321722851513821,-0.4641506464274845,0.2908019418243959,-0.18076910423448567,0.7993777584875088,1.6086927191229565,0.08678408550146322,5,6,0.4423076923076923,0.6099362287423871
14,50,0.2,0.3,True,-0.3755576222284599,-0.5139322956381528,-1.2403933515138994,-0.7307531077846116,-0.37070520729394907,-0.5718291677545577,-0.4287580655598082,-3.027215048052106,-1.3336872555573938,-0.42616784317420475,0.32709343257030987,-0.1791137539049329,0.8638925134299876,1.826177082659544,0.09665306347948888,5,6,0.4230769230769231,0.5551089131380019
14,100,0.0,0.0,False,-0.24347920455298433,-0.44376743581347444,-0.638571258155467,-0.5486639732964187,-0.24000128808500143,-0.4965913994144392,-0.3620020804447297,-2.397913500895226,-1.371791562093684,-0.3620020804447297,0.7103681241596393,-0.13368432760274418,1.400318287851931,5.313772653070945,0.19122443603698813,0,0,0.3269230769230769,0.42258015555397765
14,100,0.0,0.0,True,-0.18917612583256227,-0.4045199990769267,-0.46162363942899526,-0.46765580506339083,-0.18637623395073932,-0.441347046169314,-0.3169853291827559,-2.1937237456218375,-1.3923264124153143,-0.3169853291827559,0.7103681241596393,-0.1336843276027443,1.4003182878519305,5.313772653070941,0.19122443603698813,0,0,0.3076923076923077,0.3896603373593964
14,100,0.0,0.1,False,-0.33199190061873207,-0.42846096749103113,-1.197737266482493,-0.7748474792530117,-0.3275468558283873,-0.4760756166805531,-0.34509451969051796,-2.295532169006006,-1.379551367861476,-0.34509451969051796,0.08448164319060703,-0.13370700499377974,0.4058339615620318,0.631841564281073,0.02679419303964048,0,15,0.3269230769230769,0.42463958382535133
14,100,0.0,0.1,True,-0.2841835577744296,-0.38825228126533295,-1.0184847459340276,-0.7319559252768887,-0.28023870023875774,-0.41875219396111296,-0.3004235123563519,-2.0816281278861624,-1.3938729052085768,-0.2990208703552193,0.08448164319060791,-0.13370700499377963,0.4058339615620341,0.6318415642810801,0.0267941930396407,0,15,0.3076923076923077,0.3918707577148044
14,100,0.0,0.2,False,-0.3020519535893561,-0.4394111034881054,-0.9909263549221924,-0.6874017319808863,-0.29791387953888615,-0.47612629846370225,-0.3451360030756181,-2.2752142816215635,-1.3795323994622046,-0.3451360030756181,0.23808571162441772,-0.14396134289754425,0.7437230731073253,1.6538169680305135,0.07210981785304149,0,8,0.3269230769230769,0.4276583491577583
14,100,0.0,0.2,True,-0.25219683299667905,-0.4000485139912877,-0.8103326092464759,-0.630415622546648,-0.2486158504072341,-0.4189204517859586,-0.30054184129569195,-2.0578810995889563,-1.3938839596507242,-0.29915374611767487,0.23808571162441683,-0.14396134289754436,0.7437230731073232,1.653816968030506,0.07210981785304127,0,8,0.3076923076923077,0.3949733453331685
14,100,0.0,0.3,False,-0.29029409729155764,-0.44869078386136474,-0.8805562475509108,-0.6469802985328353,-0.2862823393316579,-0.4965913994144392,-0.3620020804447297,-2.397913500895226,-1.371791562093684,-0.3620020804447297,0.41057432532895155,-0.1358761537609139,1.0276537736558937,3.0216805080558387,0.11868336681388203,0,6,0.3269230769230769,0.4282612503891592
14,100,0.0,0.3,True,-0.2393513925634574,-0.40979073561567925,-0.7034726215058946,-0.5840820003015691,-0.23592284846688982,-0.441347046169314,-0.3169853291827559,-2.1937237456218375,-1.3923264124153143,-0.3169853291827559,0.4105743253289533,-0.13587615376091322,1.027653773655897,3.0216805080558666,0.11868336681388247,0,6,0.3076923076923077,0.39534143219457785
14,100,0.05,0.0,False,-0.1373852345006027,-0.28834551113897877,-0.5517724771114803,-0.4764604586973605,-0.13528707077756996,-0.3599797828580297,-0.25338503255599887,-2.9734277143215437,-1.4206828999596612,-0.25338503255599887,0.5689647785449563,-0.09460412802081497,1.5454475008425166,6.014164396925382,0.1581778653363075,56,0,0.3269230769230769,0.35118914813834035
14,100,0.05,0.0,True,-0.023816391979768148,-0.19628729073154472,-0.0033733874047314877,-0.12133435583631849,-0.023429512547424425,-0.22931305738246932,-0.15680439362480592,-1.8695442470571642,-1.462414745413057,-0.15680439362480592,0.5689647785449554,-0.09460412802081519,1.5454475008425157,6.014164396925358,0.1581778653363073,46,0,0.3076923076923077,0.3203742809878867
14,100,0.05,0.1,False,-0.23166771499781924,-0.2762396796363574,-1.4332497054056723,-0.8386474937372762,-0.2283320420111522,-0.3288490466467784,-0.2298012252992605,-2.8397446514518054,-1.431015201152788,-0.2298012252992605,0.005862394981223984,-0.09453088327779036,0.14011173561106796,0.06201565856521865,0.0019075378153894373,56,10,0.3269230769230769,0.35416612766479777
14,100,0.05,0.1,True,-0.13082915820193908,-0.18290893404921482,-0.7557915066301627,-0.7152693709687096,-0.1288234839451039,-0.1922697411005373,-0.13048212217820643,-1.642890354644896,-1.4735332158220436,-0.13048212217820643,0.00586239498122465,-0.09453088327779025,0.14011173561107218,0.06201565856522577,0.0019075378153896594,46,10,0.3076923076923077,0.3233512605143441
14,100,0.05,0.2,False,-0.198722291536801,-0.28278517655213864,-1.105456707957023,-0.7027323495514323,-0.19579881416485867,-0.3337698776086718,-0.2335035726755652,-2.8081656035810347,-1.429399446801693,-0.2335035726755652,0.15868587007130008,-0.09453329983081693,0.7135369796358353,1.6786240441759133,0.04919104273234587,56,6,0.3269230769230769,0.3534322457720741
14,100,0.05,0.2,True,-0.09377146332341146,-0.1904843988347883,-0.45976403322612225,-0.4922789682358276,-0.09230347013813944,-0.19847309699926108,-0.13486058030194326,-1.634494321557591,-1.4716909608048099,-0.13486058030194326,0.1586858700712992,-0.09453329983081682,0.7135369796358336,1.6786240441759057,0.04919104273234565,46,6,0.3076923076923077,0.32261737862162043
14,100,0.05,0.3,False,-0.19849304529196665,-0.29471175861453724,-0.997657733717888,-0.6735158658924836,-0.19557251422333655,-0.3599797828580297,-0.25338503255599887,-2.9734277143215437,-1.4206828999596612,-0.25338503255599887,0.25703717254592684,-0.09455017069244287,0.9553965917227122,2.718526795493888,0.07743284136210193,56,4,0.3269230769230769,0.35171896641784445
14,100,0.05,0.3,True,-0.09296944337924906,-0.20347706341834926,-0.40181427397069386,-0.4569037994621718,-0.09151336199913385,-0.22931305738246932,-0.15680439362480592,-1.8695442470571642,-1.462414745413057,-0.15680439362480592,0.2570371725459286,-0.09455017069244254,0.9553965917227157,2.7185267954939163,0.07743284136210238,46,4,0.3076923076923077,0.3209040992673907
14,100,0.1,0.0,False,-0.19405755787503332,-0.39453348451540393,-0.5896628273428534,-0.4918658757529531,-0.19119424135609753,-0.4524737397145817,-0.32673442245706386,-3.130508066757519,-1.3848364562017987,-0.32592379467059607,0.7487419541587155,-0.14205166544114112,1.5039391889501492,5.270912888162902,0.199872881210307,31,0,0.3269230769230769,0.3702083316923233
14,100,0.1,0.0,True,-0.10338345303900343,-0.32759379586563564,-0.23790640392740497,-0.3155842825589002,-0.10177359747717152,-0.35737753324345833,-0.2547074292260163,-2.476736704035869,-1.4030903390977931,-0.25139869682129046,0.7487419541587135,-0.14205166544114123,1.503939188950147,5.270912888162885,0.19987288121030655,28,0,0.3076923076923077,0.33430191035262535
14,100,0.1,0.1,False,-0.28952437290189237,-0.3804629669073445,-1.306094774378486,-0.7609791177715367,-0.2855209952289899,-0.4304020897200661,-0.3082526256718918,-3.0422719152909927,-1.396264147894694,-0.3082526256718918,0.10425621674042529,-0.14204328357901297,0.4667000616465173,0.7339749836354054,0.03286117343774686,31,15,0.3269230769230769,0.3720641246081338
14,100,0.1,0.1,True,-0.2097414652553491,-0.3120965279077832,-0.8968258590605406,-0.6720403673229024,-0.20667762883278107,-0.3316636258753064,-0.23347734290153832,-2.3590420234591236,-1.420538805836826,-0.23191771404597705,0.10425621674042462,-0.14204328357901297,0.4667000616465137,0.7339749836354007,0.03286117343774664,28,15,0.3076923076923077,0.3363022493276872
14,100,0.1,0.2,False,-0.2570396160864973,-0.3901382093657867,-1.0310701446082067,-0.6588424561243154,-0.2534020906871657,-0.430616805928696,-0.3084233821778063,-2.98715802323644,-1.3961872893295915,-0.3084233821778063,0.26466197561868965,-0.14204995179088564,0.8312621134866273,1.8631613195357042,0.07955921306869107,31,8,0.3269230769230769,0.37502193937868405
14,100,0.1,0.2,True,-0.1737112126863095,-0.32292195649849464,-0.6397578688321178,-0.5379355884310062,-0.17111539125256814,-0.3320398860827819,-0.2337443362347008,-2.3027366319898133,-1.4205259106230634,-0.2322008846635717,0.26466197561869054,-0.14204995179088575,0.8312621134866289,1.8631613195357088,0.07955921306869129,28,8,0.3076923076923077,0.33934023245760947
14,100,0.1,0.3,False,-0.24396181219631974,-0.39992204371040585,-0.8834566674660104,-0.6100234183964587,-0.24047814715034588,-0.4524737397145817,-0.32673442245706386,-3.130508066757519,-1.3848364562017987,-0.32592379467059607,0.44204325071491435,-0.14204127338966077,1.1251214907380258,3.112076090040818,0.126759625758478,31,6,0.3269230769230769,0.37555969749827856
14,100,0.1,0.3,True,-0.15890228149310337,-0.33357810803055277,-0.5136860198894595,-0.47635704402565093,-0.15650627578804777,-0.35737753324345833,-0.2547074292260163,-2.476736704035869,-1.4030903390977931,-0.25139869682129046,0.4420432507149179,-0.14204127338966044,1.1251214907380322,3.11207609004085,0.12675962575847888,28,6,0.3076923076923077,0.3396532761585804
14,100,0.15,0.0,False,-0.2907897690609822,-0.46649349696547104,-0.9274772292850193,-0.6233522459639044,-0.2867726217148612,-0.529086155061866,-0.3900198507162066,-3.277782538656018,-1.3565621188005872,-0.38927758574397175,0.60946844336467,-0.15236580546780942,1.2821214589882353,4.000034269457089,0.16784215158367877,17,0,0.3269230769230769,0.3818319043094111
14,100,0.15,0.0,True,-0.22718232731289345,-0.41946476230355456,-0.6831235235446697,-0.5416005055234846,-0.223901445944366,-0.46423717483560867,-0.33841042640629515,-2.954760310511832,-1.371816996791482,-0.3354422487635099,0.6094684433646709,-0.15236580546780942,1.2821214589882364,4.000034269457095,0.167842151583679,16,0,0.3076923076923077,0.3457673470278722
14,100,0.15,0.1,False,-0.3738726082484809,-0.45183782463893585,-1.6231939899597454,-0.8274486726454187,-0.36903505052380825,-0.5099846784135981,-0.3731682550132023,-3.1933709711706117,-1.3666346790285133,-0.3731682550132023,0.020362850736675764,-0.15239713532346622,0.2310402241358595,0.13361701775729035,0.006593802120664849,17,15,0.3269230769230769,0.38396917164789035
14,100,0.15,0.1,True,-0.31784934847016455,-0.4036312703910224,-1.3617530924073489,-0.7874745387349309,-0.3135466432008822,-0.44266808579009176,-0.3194424255722229,-2.8583464109966474,-1.3857523307905408,-0.3180433305342074,0.02036285073667643,-0.15239713532346644,0.23104022413586042,0.1336170177572945,0.006593802120665071,16,15,0.3076923076923077,0.3480522505139062
14,100,0.15,0.2,False,-0.34583460928881715,-0.4624184591403424,-1.3630273968795907,-0.7478823616421799,-0.3412549617415137,-0.5100858945747644,-0.37325303858446535,-3.1525540363957343,-1.366595424137008,-0.37325303858446535,0.1650086488881084,-0.15239547193445646,0.592068684768479,1.0827660874273004,0.05105421934664456,17,8,0.3269230769230769,0.38700997048138397
14,100,0.15,0.2,True,-0.2873927652521132,-0.41521514268248794,-1.1045633625028433,-0.6921538636462505,-0.2834126659360586,-0.4428890619721053,-0.31960498180413266,-2.8097568349329456,-1.3857389189368967,-0.3182203916089258,0.16500864888810773,-0.1523954719344568,0.5920686847684764,1.0827660874272937,0.051054219346644336,16,8,0.3076923076923077,0.35117491233349324
14,100,0.15,0.3,False,-0.3346822045778426,-0.47121566626682465,-1.2141250749298655,-0.7102527113101746,-0.3302106313913524,-0.529086155061866,-0.3900198507162066,-3.277782538656018,-1.3565621188005872,-0.38927758574397175,0.32732902825503674,-0.15238152748847467,0.8929854071450046,2.148088640729725,0.09671653270589986,17,6,0.3269230769230769,0.387509154721234
14,100,0.15,0.3,True,-0.27501137487160776,-0.4246031920362976,-0.9645850719108753,-0.6476903142266018,-0.27116852728108654,-0.46423717483560867,-0.33841042640629515,-2.954760310511832,-1.371816996791482,-0.3354422487635099,0.32732902825503674,-0.15238152748847478,0.8929854071450032,2.148088640729723,0.09671653270589986,16,6,0.3076923076923077,0.351444597439695
14,100,0.2,0.0,False,-0.2958858564061291,-0.4817255778601759,-0.88786825122426,-0.6142207721675347,-0.29181362722503157,-0.54128450229453,-0.4004206988101958,-3.0226013044655087,-1.351789515134694,-0.39968322204918394,0.660068200820026,-0.13666510553152267,1.3347421900303686,4.829822493846296,0.17968778949068476,7,0,0.3269230769230769,0.4199369952767223
14,100,0.2,0.0,True,-0.24504216231627862,-0.44493779219646046,-0.7107401459191659,-0.5507335331229433,-0.24154564682953927,-0.4906383958540008,-0.35997407879912935,-2.861998360429091,-1.3629825722195514,-0.3570719643559983,0.660068200820028,-0.13666510553152278,1.3347421900303695,4.829822493846307,0.1796877894906852,7,0,0.3076923076923077,0.3802670290508345
14,100,0.2,0.1,False,-0.378136448641168,-0.4671293856078349,-1.520457396305589,-0.8094897480044675,-0.3732614390454867,-0.5225511965378489,-0.38374134176120056,-2.9341740913697643,-1.3617276526411601,-0.38374134176120056,0.053082690628189155,-0.13531338299562123,0.32335538659016183,0.3922944608509782,0.017005688399842178,7,15,0.3269230769230769,0.42191048854435675
14,100,0.2,0.1,True,-0.3333644491060216,-0.429417024211609,-1.3444311398227167,-0.7763186606727207,-0.3289058478882825,-0.4699949266477018,-0.3414953994472263,-2.7659552777672185,-1.3762847974188697,-0.34012743511039945,0.05308269062818849,-0.13531338299562123,0.32335538659016033,0.3922944608509733,0.017005688399841956,7,15,0.3076923076923077,0.38239135109954303
14,100,0.2,0.2,False,-0.3503567932032319,-0.47762323909720095,-1.2866824449751084,-0.7335421824647248,-0.34573420172990876,-0.522575693867421,-0.3837620462185495,-2.903467035740578,-1.361718020363635,-0.3837620462185495,0.201615753883448,-0.15231322949631154,0.6665600226372616,1.3236916750447496,0.06170967603551292,7,8,0.3269230769230769,0.42508888450898286
14,100,0.2,0.2,True,-0.3036746902506924,-0.4407245958028907,-1.1073670283070718,-0.6890350417077871,-0.29951943469411546,-0.47012492186641086,-0.3415871899543558,-2.727496483415553,-1.376295527736947,-0.34023341680230257,0.201615753883448,-0.15231322949631143,0.6665600226372617,1.3236916750447505,0.06170967603551292,7,8,0.3076923076923077,0.38565335747065116
14,100,0.2,0.3,False,-0.33946587138304185,-0.48631307001940705,-1.1541351126415158,-0.6980397861186313,-0.33494756549944016,-0.54128450229453,-0.4004206988101958,-3.0226013044655087,-1.351789515134694,-0.39968322204918394,0.369040077146793,-0.14430689121489237,0.9563434522723433,2.5573281638868006,0.10783582756210697,7,6,0.3269230769230769,0.42561502623066344
14,100,0.2,0.3,True,-0.291769066146479,-0.44985091045468184,-0.9778112131366824,-0.6485905871604809,-0.28774128756944806,-0.4906383958540008,-0.35997407879912935,-2.861998360429091,-1.3629825722195514,-0.3570719643559983,0.36904007714679055,-0.1443068912148926,0.9563434522723389,2.5573281638867797,0.1078358275621063,7,6,0.3076923076923077,0.3859450600047755
14,200,0.0,0.0,False,-0.07794324636084538,-0.3242585896133775,-0.09125051875076758,-0.2403737290468674,-0.07671244988590664,-0.32234977145715316,-0.2882681475289185,-1.586952730513453,-1.1182288928568345,-0.2249256125187269,0.7103681241596382,-0.1336843276027444,1.4003182878519291,5.313772653070928,0.1912244360369879,0,0,0.21153846153846154,0.2449389636524977
14,200,0.0,0.0,True,-0.02425233976365082,-0.2855754882346664,0.07620713142204744,-0.08492444471887556,-0.023858465575057886,-0.2622201164723311,-0.2474781658179962,-1.3710995535463777,-1.0595686920727247,-0.18055615306851158,0.7103681241596382,-0.1336843276027444,1.4003182878519296,5.313772653070928,0.1912244360369879,0,0,0.19230769230769232,0.22790110305550526
14,200,0.0,0.1,False,-0.20718967279542233,-0.32358900808985236,-0.6969641153298178,-0.6402864980441211,-0.20415811976047282,-0.32234977145715316,-0.2882681475289185,-1.586952730513453,-1.1182288928568345,-0.2249256125187269,0.08448164319060569,-0.13370700499377985,0.40583396156202944,0.6318415642810624,0.026794193039640035,0,10,0.21153846153846154,0.25030104923847324
14,200,0.0,0.1,True,-0.16102472138735457,-0.2848675762350782,-0.5277187534264526,-0.5652616683004804,-0.15859981644868382,-0.2622201164723311,-0.2474781658179962,-1.3710995535463777,-1.0595686920727247,-0.18055615306851158,0.08448164319060636,-0.13370700499377952,0.40583396156203017,0.631841564281069,0.026794193039640257,0,10,0.19230769230769232,0.2332631886414808
14,200,0.0,0.2,False,-0.17160277304413996,-0.3365063621860228,-0.5006219486549561,-0.5099540226501776,-0.1690351396148948,-0.32234977145715316,-0.2882681475289185,-1.586952730513453,-1.1182288928568345,-0.2249256125187269,0.23808571162441683,-0.1439613428975446,0.7437230731073227,1.6538169680305033,0.07210981785304127,0,7,0.21153846153846154,0.2524336657516889
14,200,0.0,0.2,True,-0.12336561414657776,-0.29852438970189854,-0.3305534238231198,-0.41325137376469845,-0.12146620652548634,-0.2622201164723311,-0.2474781658179962,-1.3710995535463777,-1.0595686920727247,-0.18055615306851158,0.23808571162441772,-0.14396134289754448,0.7437230731073244,1.6538169680305108,0.07210981785304149,0,7,0.19230769230769232,0.23539580515469644
14,200,0.0,0.3,False,-0.13500180744770574,-0.3302397391682782,-0.32208862879654965,-0.40879940066484155,-0.13293717468124167,-0.32234977145715316,-0.2882681475289185,-1.586952730513453,-1.1182288928568345,-0.2249256125187269,0.4105743253289533,-0.13587615376091344,1.0276537736558968,3.0216805080558617,0.11868336681388247,0,6,0.21153846153846154,0.25062005848767926
14,200,0.0,0.3,True,-0.08463339251037238,-0.29189903121260885,-0.1531443028063426,-0.28994064200483227,-0.08330179839976248,-0.2622201164723311,-0.2474781658179962,-1.3710995535463777,-1.0595686920727247,-0.18055615306851158,0.4105743253289549,-0.13587615376091333,1.027653773655899,3.0216805080558755,0.11868336681388292,0,6,0.19230769230769232,0.23358219789068682
14,200,0.05,0.0,False,-0.06168530260017624,-0.22696295865302785,-0.21397981321321474,-0.2717857705339413,-0.06070272177946834,-0.2737810692882142,-0.18898702320840688,-3.402577689720167,-1.4486765527085956,-0.18898702320840688,0.5689647785449563,-0.09460412802081475,1.5454475008425168,6.014164396925397,0.1581778653363075,42,0,0.21153846153846154,0.2044147408503962
14,200,0.05,0.0,True,0.037358177917941715,-0.1467738974404742,0.28247449386702644,0.25452875865133134,0.036732928663320896,-0.15563725769355186,-0.1048586234530755,-2.1430289970848984,-1.4842580664164442,-0.1048586234530755,0.5689647785449563,-0.09460412802081475,1.545447500842516,6.014164396925397,0.1581778653363075,34,0,0.19230769230769232,0.18129218139225017
14,200,0.05,0.1,False,-0.19025392213449455,-0.23788633378464474,-1.3080232902035291,-0.7997681880571115,-0.18743998528640515,-0.2737810692882142,-0.18898702320840688,-3.402577689720167,-1.4486765527085956,-0.18898702320840688,0.00586239498122465,-0.09453088327779036,0.14011173561107146,0.062015658565225694,0.0019075378153896594,42,5,0.21153846153846154,0.2065858833839499
14,200,0.05,0.1,True,-0.1047814573953848,-0.15883038153094575,-0.682148078555943,-0.659706640413564,-0.10315110742719213,-0.15563725769355186,-0.1048586234530755,-2.1430289970848984,-1.4842580664164442,-0.1048586234530755,0.005862394981225316,-0.09453088327779025,0.1401117356110735,0.06201565856523281,0.0019075378153898814,34,5,0.19230769230769232,0.18346332392580392
14,200,0.05,0.2,False,-0.15138540795283018,-0.2411308021435783,-0.9242263139066591,-0.6278144749947361,-0.14909244921056475,-0.2737810692882142,-0.18898702320840688,-3.402577689720167,-1.4486765527085956,-0.18898702320840688,0.1586858700712992,-0.09453329983081682,0.7135369796358331,1.6786240441759057,0.04919104273234565,42,5,0.21153846153846154,0.20665783848413
14,200,0.05,0.2,True,-0.06181019075999927,-0.16241140668848186,-0.32608311842100496,-0.3805778917890674,-0.060825685747865066,-0.15563725769355186,-0.1048586234530755,-2.1430289970848984,-1.4842580664164442,-0.1048586234530755,0.1586858700712992,-0.09453329983081693,0.7135369796358325,1.6786240441759037,0.04919104273234565,34,5,0.19230769230769232,0.18353527902598396
14,200,0.05,0.3,False,-0.12815571243401347,-0.23387831602099007,-0.6782079758696204,-0.5479589327234243,-0.1261879840338973,-0.2737810692882142,-0.18898702320840688,-3.402577689720167,-1.4486765527085956,-0.18898702320840688,0.25703717254592684,-0.09455017069244287,0.955396591722713,2.718526795493888,0.07743284136210193,42,4,0.21153846153846154,0.20494455912990023
14,200,0.05,0.3,True,-0.03612849283523589,-0.1544066020836974,-0.12564739935270203,-0.23398282422957628,-0.03554528324626405,-0.15563725769355186,-0.1048586234530755,-2.1430289970848984,-1.4842580664164442,-0.1048586234530755,0.2570371725459262,-0.09455017069244298,0.9553965917227102,2.7185267954938777,0.07743284136210171,34,4,0.19230769230769232,0.18182199967175422
14,200,0.1,0.0,False,-0.08494759113644346,-0.31399760986224245,-0.1887255455359346,-0.2705357890262662,-0.08361128254496308,-0.33742777591643625,-0.23626183089438713,-2.948247585041383,-1.4281941972559755,-0.23626183089438713,0.7487419541587186,-0.14205166544114112,1.5039391889501534,5.270912888162925,0.19987288121030766,25,0,0.21153846153846154,0.19288698056851092
14,200,0.1,0.0,True,0.005359405544916651,-0.24746087950573925,0.15203982331454344,0.02165758707243402,0.005271073947706872,-0.23681152391224292,-0.16218535339035778,-2.229384373818606,-1.4601289139979874,-0.16218535339035778,0.7487419541587175,-0.14205166544114112,1.5039391889501528,5.270912888162917,0.19987288121030744,22,0,0.19230769230769232,0.17267739286292164
14,200,0.1,0.1,False,-0.2142854911260712,-0.3159871697281236,-0.9878295517110655,-0.6781461769806767,-0.21116449845838003,-0.33742777591643625,-0.23626183089438713,-2.948247585041383,-1.4281941972559755,-0.23626183089438713,0.10425621674042684,-0.14204328357901286,0.4667000616465196,0.7339749836354169,0.032861173437747304,25,10,0.21153846153846154,0.19795149906832507
14,200,0.1,0.1,True,-0.1367429188558148,-0.24964341072307206,-0.5861541821161769,-0.5477529667606685,-0.13465378097943337,-0.23681152391224292,-0.16218535339035778,-2.229384373818606,-1.4601289139979874,-0.16218535339035778,0.10425621674042684,-0.14204328357901286,0.46670006164652117,0.7339749836354169,0.032861173437747304,22,10,0.19230769230769232,0.17774191136273582
14,200,0.1,0.2,False,-0.17815435964846504,-0.3265030722796981,-0.7134659389291633,-0.5456437466409183,-0.1754994231698216,-0.33742777591643625,-0.23626183089438713,-2.948247585041383,-1.4281941972559755,-0.23626183089438713,0.26466197561868965,-0.14204995179088564,0.8312621134866276,1.8631613195357042,0.07955921306869107,25,7,0.21153846153846154,0.199983901722723
14,200,0.1,0.2,True,-0.09704598727885227,-0.2611792714884785,-0.33107032989444773,-0.37156848905267464,-0.09552947940867107,-0.23681152391224292,-0.16218535339035778,-2.229384373818606,-1.4601289139979874,-0.16218535339035778,0.26466197561869054,-0.14204995179088564,0.8312621134866293,1.8631613195357104,0.07955921306869129,22,7,0.19230769230769232,0.1797743140171337
14,200,0.1,0.3,False,-0.14160797498324884,-0.3201029259988606,-0.4769483236882403,-0.44238263221546714,-0.13945066640109371,-0.33742777591643625,-0.23626183089438713,-2.948247585041383,-1.4281941972559755,-0.23626183089438713,0.4420432507149179,-0.14204127338966077,1.125121490738033,3.112076090040843,0.12675962575847888,25,6,0.21153846153846154,0.19823834637446605
14,200,0.1,0.3,True,-0.056892820961887525,-0.2541583623452194,-0.11460809871528559,-0.22384792078810645,-0.05598428233114727,-0.23681152391224292,-0.16218535339035778,-2.229384373818606,-1.4601289139979874,-0.16218535339035778,0.4420432507149179,-0.14204127338966055,1.125121490738033,3.1120760900408477,0.12675962575847888,22,6,0.19230769230769232,0.17802875866887677
14,200,0.15,0.0,False,-0.15775308301152824,-0.3682041123005414,-0.43575719599363777,-0.4284392209144164,-0.15537276109631115,-0.39033071267479513,-0.28504561059349687,-2.7737184847910927,-1.3693622991144572,-0.2767624993169554,0.609468443364668,-0.15236580546780953,1.2821214589882322,4.000034269457073,0.16784215158367832,13,0,0.21153846153846154,0.21176251645381697
14,200,0.15,0.0,True,-0.0937319484322755,-0.3209980649993561,-0.2012800857334754,-0.2920015995500269,-0.09226454186313415,-0.31940815462797156,-0.23161974947152342,-2.46823359722493,-1.3790195152043427,-0.22272418673541583,0.6094684433646709,-0.15236580546780953,1.2821214589882366,4.000034269457092,0.167842151583679,12,0,0.19230769230769232,0.19148092176392076
14,200,0.15,0.1,False,-0.2758458207264133,-0.36753132742907446,-1.1981634061257571,-0.7505368934288887,-0.27199361435120706,-0.39033071267479513,-0.28504561059349687,-2.7737184847910927,-1.3693622991144572,-0.2767624993169554,0.020362850736675764,-0.15239713532346622,0.23104022413585895,0.13361701775729035,0.006593802120664849,13,10,0.21153846153846154,0.21713241761625318
14,200,0.15,0.1,True,-0.2208011880512697,-0.32027501149669935,-0.9464548471105906,-0.6894112251200253,-0.21759898382956977,-0.31940815462797156,-0.23161974947152342,-2.46823359722493,-1.3790195152043427,-0.22272418673541583,0.020362850736677762,-0.15239713532346633,0.23104022413586517,0.13361701775730336,0.006593802120665515,12,10,0.19230769230769232,0.196850822926357
14,200,0.15,0.2,False,-0.24331412226066296,-0.37965534105413246,-0.9432743357496485,-0.6408815995715715,-0.239838173317365,-0.39033071267479513,-0.28504561059349687,-2.7737184847910927,-1.3693622991144572,-0.2767624993169554,0.16500864888810463,-0.1523954719344569,0.59206868476847,1.0827660874272726,0.05105421934664345,13,7,0.21153846153846154,0.21925180066359753
14,200,0.15,0.2,True,-0.18579668000491012,-0.3333048980022356,-0.6954176909877609,-0.5574375927822816,-0.18304097687216436,-0.31940815462797156,-0.23161974947152342,-2.46823359722493,-1.3790195152043427,-0.22272418673541583,0.16500864888810773,-0.1523954719344568,0.5920686847684768,1.0827660874272937,0.051054219346644336,12,7,0.19230769230769232,0.1989702059737013
14,200,0.15,0.3,False,-0.20987904916439082,-0.3737962599663086,-0.7163001363940269,-0.5614797996729766,-0.20681347592801091,-0.39033071267479513,-0.28504561059349687,-2.7737184847910927,-1.3693622991144572,-0.2767624993169554,0.3273290282550343,-0.1523815274884749,0.892985407144998,2.1480886407297057,0.0967165327058992,13,6,0.21153846153846154,0.2174397668656398
14,200,0.15,0.3,True,-0.14982012973467906,-0.3270080425249955,-0.47458536521793615,-0.4581542661086914,-0.14754876512030668,-0.31940815462797156,-0.23161974947152342,-2.46823359722493,-1.3790195152043427,-0.22272418673541583,0.3273290282550376,-0.1523815274884749,0.8929854071450047,2.1480886407297275,0.09671653270590008,12,6,0.19230769230769232,0.19715817217574358
14,200,0.2,0.0,False,-0.13874577833930413,-0.368155938667613,-0.3279324232817529,-0.37686687560015103,-0.13662852180332397,-0.3791897392142779,-0.29532070854138215,-2.2904045964492896,-1.2839930565219524,-0.2681356152974802,0.660068200820028,-0.13666510553152267,1.3347421900303702,4.829822493846311,0.1796877894906852,5,0,0.21153846153846154,0.24198895704253645
14,200,0.2,0.0,True,-0.08826742086705186,-0.33174933896564585,-0.15973496921693156,-0.26606660662010345,-0.08688140582265036,-0.32373828636125024,-0.25469655453785434,-2.1550781542830655,-1.2710744632909219,-0.22596588494691705,0.6600682008200252,-0.13666510553152322,1.3347421900303662,4.82982249384627,0.17968778949068454,5,0,0.19230769230769232,0.21818997137796453
14,200,0.2,0.1,False,-0.25935412558009396,-0.3671666610855866,-1.0126765601930545,-0.7063662174917305,-0.25568975762028634,-0.3791897392142779,-0.29532070854138215,-2.2904045964492896,-1.2839930565219524,-0.2681356152974802,0.053082690628191376,-0.13531338299562068,0.32335538659016727,0.39229446085099623,0.017005688399842844,5,10,0.21153846153846154,0.24722227056052362
14,200,0.2,0.1,True,-0.21594465800473928,-0.33070305960877133,-0.8469254354443564,-0.6529865743008436,-0.21280290197547613,-0.32373828636125024,-0.25469655453785434,-2.1550781542830655,-1.2710744632909219,-0.22596588494691705,0.053082690628191376,-0.1353133829956208,0.32335538659016805,0.3922944608509959,0.017005688399842844,5,10,0.19230769230769232,0.22342328489595167
14,200,0.2,0.2,False,-0.2262418402986499,-0.37960824328485165,-0.7882318288486378,-0.5959876907332643,-0.22297250121555734,-0.3791897392142779,-0.29532070854138215,-2.2904045964492896,-1.2839930565219524,-0.2681356152974802,0.20161575388344954,-0.1523132294963112,0.6665600226372664,1.3236916750447627,0.06170967603551336,5,7,0.21153846153846154,0.2494806507143773
14,200,0.2,0.2,True,-0.18089165216585434,-0.34386152075097176,-0.6196559048101776,-0.5260595944867528,-0.17820049046655628,-0.32373828636125024,-0.25469655453785434,-2.1550781542830655,-1.2710744632909219,-0.22596588494691705,0.201615753883448,-0.15231322949631154,0.666560022637263,1.3236916750447496,0.06170967603551292,5,7,0.19230769230769232,0.2256816650498053
14,200,0.2,0.3,False,-0.19205172627457556,-0.373748689444801,-0.5848662438374771,-0.5138525744661901,-0.18921441370985237,-0.3791897392142779,-0.29532070854138215,-2.2904045964492896,-1.2839930565219524,-0.2681356152974802,0.36904007714678966,-0.1443068912148926,0.9563434522723385,2.5573281638867735,0.10783582756210608,5,6,0.21153846153846154,0.24766698799647757
14,200,0.2,0.3,True,-0.14469764573194432,-0.337664341784498,-0.41614686414588137,-0.42852509971068353,-0.14249727558886516,-0.32373828636125024,-0.25469655453785434,-2.1550781542830655,-1.2710744632909219,-0.22596588494691705,0.3690400771467912,-0.1443068912148926,0.9563434522723405,2.557328163886784,0.10783582756210652,5,6,0.19230769230769232,0.22386800233190562
21,0,0.0,0.0,False,-0.7104700397375997,-0.8005461039003514,-2.1228006514435998,-0.8874817281304713,-0.7045102745380698,-0.8737452560622696,-0.7420699619653377,-3.811451939138458,-1.1774432342581231,-0.7420699619653377,0.6996097697994599,-0.26588187936079366,1.2613327264818885,2.6312803696189864,0.1887763494941217,0,0,1.0,0.854652462850583
21,0,0.0,0.0,True,-0.5551589932036253,-0.6820467225464847,-1.7816578072666323,-0.8139603561628266,-0.5491960117801591,-0.7676159696674602,-0.6205683198951424,-3.9180842407068854,-1.2369564237458406,-0.6154123404457172,0.7652021410064229,-0.20783023093831876,1.4051497622715512,3.6818615730332547,0.2035433864225884,0,0,0.9230769230769231,0.6491753113844314
21,0,0.0,0.1,False,-0.6994022401470317,-0.7495334923896151,-2.359556445284137,-0.9331167282695292,-0.6934037800497188,-0.8276100887457545,-0.6837197012737242,-3.4468204371839533,-1.2104523055339376,-0.6837197012737242,0.018221813197070835,-0.2488451136728157,0.25593893372702553,0.0732255214021565,0.0059046972269067854,0,48,1.0,0.8903793380813665
21,0,0.0,0.1,True,-0.5540643252233606,-0.6202359892101648,-2.1754081910491276,-0.8933121180680437,-0.548104927856466,-0.6966655490076006,-0.5421057470710644,-3.616674362629107,-1.2851100597468395,-0.5421057470710644,0.0413976211684397,-0.20225548097392365,0.29917696541406513,0.20467984832399674,0.013312705564930916,0,39,0.9230769230769231,0.6770260449626164
21,0,0.0,0.2,False,-0.717609463730745,-0.7822200375814778,-2.345769894233892,-0.9174010243326157,-0.7116783470195227,-0.8596287212066362,-0.7235335253144868,-3.739390925604476,-1.1880979818219137,-0.7235335253144868,0.274079735839591,-0.25816981703541564,0.7494460954775091,1.0616257895166454,0.08217370329909301,0,17,1.0,0.8607312503981013
21,0,0.0,0.2,True,-0.5668973136228698,-0.6512483127814533,-2.0853884398776428,-0.8704779766747892,-0.5608986967430949,-0.743021375731915,-0.589225203746941,-3.9211253172133396,-1.261014245498952,-0.589225203746941,0.33049789781875827,-0.19118795829840207,0.882587407706995,1.7286543606628417,0.09756948586707237,0,15,0.9230769230769231,0.6551717996128177
21,0,0.0,0.3,False,-0.6980167396057592,-0.7826809528798667,-2.1407333626495793,-0.89182793708907,-0.6920139141073363,-0.8606097698512979,-0.7248002581342969,-3.717766477350096,-1.187375087402131,-0.7248002581342969,0.5819833280707141,-0.2503233892169795,1.1686285664185356,2.324925888432474,0.16130227745130465,0,12,1.0,0.8580717198784902
21,0,0.0,0.3,True,-0.5397632458748467,-0.6514625058505523,-1.8227138866334462,-0.8285407694647436,-0.5338546765485332,-0.743992281108951,-0.590242089896998,-3.8484926890232103,-1.2604866610559469,-0.590242089896998,0.6103887253643501,-0.19736710807581848,1.2698745475861024,3.0926567821517126,0.16805981880888843,0,11,0.9230769230769231,0.6538264402793208
21,0,0.05,0.0,False,-0.5485774655884914,-0.683895677666083,-1.9234260372851737,-0.8021361788110881,-0.5426366939672593,-0.775070327052584,-0.6235357303198471,-4.252552409785263,-1.243024720740552,-0.6235357303198471,0.978166727223456,-0.15935497212374494,1.7824957061538802,6.138288088456217,0.24907874959617593,150,0,1.0,0.9380386226048191
21,0,0.05,0.0,True,-0.31675913528735766,-0.5176582880176452,-1.0010373282343465,-0.6119077828356153,-0.312467601953451,-0.587536833548411,-0.46073563518887073,-2.9405614799346442,-1.2752146538601477,-0.4400408858975805,0.9891312634207747,-0.12813181662137296,1.9534502085489636,7.719638178108709,0.2513317529742414,104,0,0.9230769230769231,0.6601195319169555
21,0,0.05,0.1,False,-0.5538341230824448,-0.6248593121960964,-2.412472775021235,-0.8863341111713127,-0.5478754850277436,-0.7164046405194106,-0.5618423660149412,-4.055577756566278,-1.2750990025916968,-0.5618423660149412,0.19885321118978294,-0.14355915530621166,0.7092510572431159,1.3851656535985397,0.06091325994820607,150,37,1.0,0.9558959307578517
21,0,0.05,0.1,True,-0.33049239016962084,-0.4218506371562425,-1.395019919211759,-0.7834346118273494,-0.32606220825019083,-0.4827228967297641,-0.35621261250520087,-2.5827850024444396,-1.3551538597548005,-0.3505472558548822,0.18729257130991384,-0.11353116396772889,0.7293233439958658,1.6497018507019936,0.05756694784586358,104,33,0.9230769230769231,0.6718739488551793
21,0,0.05,0.2,False,-0.5587222429941241,-0.6574720509562444,-2.2472231422396316,-0.8498037934563211,-0.5527479013637384,-0.7526329409694423,-0.5993514476717824,-4.25528472595105,-1.2557455961658077,-0.5993514476717824,0.5259694794898855,-0.15093236816177602,1.3267252907562521,3.4848024045188772,0.14773328049629564,150,15,1.0,0.9376600794741254
21,0,0.05,0.2,True,-0.33271509509672526,-0.4686491738309291,-1.2758719335664124,-0.7099449090606021,-0.32826290171082406,-0.5484170838389846,-0.4163070349874719,-2.9112601830454117,-1.3173380167728568,-0.40581181857059634,0.5440736364402752,-0.11439080253481226,1.503931823252349,4.756270822339048,0.15215508138756118,104,13,0.9230769230769231,0.6598231185248716
21,0,0.05,0.3,False,-0.5364283825675324,-0.6584399941764517,-2.000963799553755,-0.8146959287284392,-0.5305327207263595,-0.7546221409540746,-0.601464011075735,-4.174785086707016,-1.2546422180845236,-0.601464011075735,0.799544232107146,-0.14419307006373927,1.6820066175962338,5.544956021490592,0.2111278034666344,150,10,1.0,0.9361418749213148
21,0,0.05,0.3,True,-0.3030704080309138,-0.4739901970707171,-1.0462370326860593,-0.6394022701395596,-0.298921543423625,-0.5504361662448427,-0.42337473591357255,-2.8193807666861925,-1.3001157592861383,-0.407552748483877,0.7763425638391233,-0.12107504972057048,1.8096086926152315,6.412077183786807,0.20601455115319278,104,9,0.9230769230769231,0.659620071175783
21,0,0.1,0.0,False,-0.6320703313196151,-0.751121747323984,-1.9751900882782292,-0.841501838512182,-0.6259730273741249,-0.8386615252128453,-0.6971475098837724,-4.134134810033991,-1.20299006067262,-0.6971475098837724,1.1228263708135287,-0.2150282051497555,1.7446711120067866,5.221763210233471,0.27815368095855564,71,0,1.0,0.8441170671192141
21,0,0.1,0.0,True,-0.4106186832982124,-0.5895166949158807,-1.2246215173446644,-0.6965344439597329,-0.40547424788475595,-0.6754629012266103,-0.5288640715030994,-3.385606679092293,-1.277195668268518,-0.5213935203883808,1.0923736074793373,-0.1673654209128448,1.82664351678722,6.526877544485062,0.27214663853506105,50,0,0.9230769230769231,0.6297441447217194
21,0,0.1,0.1,False,-0.6267317861214019,-0.6941603604501004,-2.3157300908044225,-0.9028631161177553,-0.6206358568658354,-0.7868394018065656,-0.6365530938225089,-3.814311643095095,-1.2360939086503935,-0.6365530938225089,0.26716471301917877,-0.19688306454711146,0.7963093261295762,1.3569715284234103,0.08025528157563677,71,46,1.0,0.8799095370412567
21,0,0.1,0.1,True,-0.4158724458892532,-0.5049213423675454,-1.59003544202521,-0.8236380818034996,-0.41068713413892144,-0.5829338885894337,-0.4359569511673618,-3.014383835650683,-1.3371363549279622,-0.4359569511673618,0.23058349983979176,-0.1505516217988926,0.7586865660387246,1.5315909392713554,0.06998744883089159,50,39,0.9230769230769231,0.6566770884344174
21,0,0.1,0.2,False,-0.6416487021634951,-0.7285727680787322,-2.2386383211296135,-0.8806926778989306,-0.6355521358496893,-0.8208862425697867,-0.6756955370171905,-4.0685342191914025,-1.2148759279860426,-0.6756955370171905,0.5892421782803285,-0.20694604162768948,1.2738626852637722,2.84732277866139,0.163036860022997,71,17,1.0,0.8489638855999776
21,0,0.1,0.2,True,-0.4267866439125153,-0.5469851164251642,-1.5010834520718004,-0.7802527547765664,-0.42151888742664534,-0.6415312309057094,-0.48919261353695953,-3.346357850532568,-1.3114082534225353,-0.48919261353695953,0.5756467265233027,-0.149940978710438,1.3446020301451713,3.8391554561943755,0.15978368584473657,50,15,0.9230769230769231,0.6345816527008156
21,0,0.1,0.3,False,-0.6167150444546893,-0.7291551352906251,-1.9922785681709407,-0.8457940081693044,-0.6106250660153356,-0.822137897606509,-0.6771812633673889,-4.020585291790759,-1.2140588378336115,-0.6771812633673889,0.9744041809793864,-0.19857992309657313,1.6845526379408082,4.906861508378747,0.24830367867692615,71,12,1.0,0.8457471729689422
21,0,0.1,0.3,True,-0.39064052399522486,-0.5494673544958384,-1.2328179425228092,-0.7109440093190896,-0.3856584430659533,-0.6428389636673145,-0.4929783761262574,-3.2576373040315305,-1.303990184556647,-0.4904135799299082,0.9088189519327583,-0.15636968970079368,1.7220743849957942,5.811989226759625,0.23463048693089616,50,11,0.9230769230769231,0.6326760191641362
21,0,0.15,0.0,False,-0.7542724124567253,-0.8266923839873475,-2.6067130853937504,-0.9123979210001643,-0.7485371389107667,-0.8998802930997851,-0.7784122790550112,-4.671869421560992,-1.1560458606745458,-0.7784122790550112,0.6511258280865118,-0.25750988506129713,1.2193140410445835,2.5285469252239348,0.1776122163802898,44,0,1.0,0.8404464967280618
21,0,0.15,0.0,True,-0.5525031892732739,-0.6705812028228149,-1.8335274097373686,-0.8239169051376761,-0.5465489793664033,-0.7636569323397883,-0.6111345999713396,-4.048672126949453,-1.2495724057770605,-0.6111345999713396,0.7373140177300281,-0.19537287549989846,1.3896490922067117,3.7738811789685274,0.19731081550824148,28,0,0.9230769230769231,0.6356508232337496
21,0,0.15,0.1,False,-0.7455851883451816,-0.7829531970353687,-2.95416246136059,-0.9522729981412937,-0.739795802826022,-0.8638686384786363,-0.7290304019986277,-4.372291984648048,-1.1849555740204403,-0.7290304019986277,-0.010764478156828794,-0.24023469853033275,0.1814232766010446,-0.04480817393441455,-0.0035223225183134144,44,46,1.0,0.8753166959863591
21,0,0.15,0.1,True,-0.5480989034676733,-0.6052728092852445,-2.2418614038117024,-0.9055402705350554,-0.5421598083708246,-0.6880939725195998,-0.5336741018175586,-3.7263478477019403,-1.2893523784949024,-0.5336741018175586,0.025027764468968483,-0.18581795357401198,0.2544718702611398,0.13468970025546984,0.008091862866024924,28,39,0.9230769230769231,0.661929170667064
21,0,0.15,0.2,False,-0.7587536204367828,-0.8095427429330484,-2.8746401254383342,-0.9372619630777593,-0.7530482354094743,-0.8875796927871372,-0.7609447120698456,-4.612555560896531,-1.1664181098950432,-0.7609447120698456,0.23763316453412808,-0.24972074981834547,0.6928058426951579,0.9515955911032212,0.07198203871990394,44,17,1.0,0.8447085346254345
21,0,0.15,0.2,True,-0.5616137000881074,-0.6396399246299399,-2.1415441638402495,-0.8780153934465955,-0.5556304863958164,-0.736203727368568,-0.5821216354984939,-4.037289879374051,-1.2646905431338717,-0.5821216354984939,0.309411782742103,-0.17847521180431647,0.8559288044808708,1.7336400927281028,0.09186781206555272,28,15,0.9230769230769231,0.6400313800363597
21,0,0.15,0.3,False,-0.7420143255855842,-0.8099430694777128,-2.634284912690591,-0.9161314585530906,-0.7362041298901734,-0.8883623912121634,-0.7620358415692389,-4.569725546079886,-1.165775076120808,-0.7620358415692389,0.5366663974412069,-0.24178718583467507,1.1231761504232234,2.219581635761951,0.1503501662846849,44,12,1.0,0.8418615010328435
21,0,0.15,0.3,True,-0.5341620366639153,-0.639868522764139,-1.8614676890993958,-0.8347996778407116,-0.5282753710075827,-0.7372099393346754,-0.5831660239644929,-3.9444938238603178,-1.2641510462543026,-0.5831660239644929,0.5848441509711657,-0.18474853508113132,1.2522051029033914,3.1656226703737302,0.16198654189560568,28,11,0.9230769230769231,0.6385755204462567
21,0,0.2,0.0,False,-0.7284259019714947,-0.8109185058340571,-2.303362090005955,-0.8982726337244998,-0.722543891450476,-0.8860649233948907,-0.7588404491215945,-4.166512289376584,-1.1676564216108491,-0.7588404491215945,0.7220096064155532,-0.25566606769076383,1.287161965727798,2.8240337598841885,0.19386181707520111,15,0,1.0,0.8588180102407622
21,0,0.2,0.0,True,-0.5520478302278495,-0.6741626268022495,-1.7770172520330423,-0.8188644820707043,-0.5460951502449866,-0.7665266937835145,-0.6188373730528537,-3.9450837314311946,-1.2386561108972436,-0.6142328858796355,0.7858960597090281,-0.1971755339653648,1.431089791535033,3.9857686392626985,0.2081253982832998,8,0,0.9230769230769231,0.6502118561924554
21,0,0.2,0.1,False,-0.7179551979519428,-0.7625193324953656,-2.57477253788415,-0.9415567151621121,-0.7120255436053231,-0.8443921334189333,-0.7042350642499127,-3.819804127962006,-1.1990202934843968,-0.7042350642499127,0.0321015989495026,-0.23839195964755444,0.2873349413470549,0.13465889955752924,0.010354767166204981,15,48,1.0,0.8942184158660246
21,0,0.2,0.1,True,-0.5509807883492099,-0.6164736104643175,-2.173463410617146,-0.893762164343451,-0.545031723126137,-0.695346375806412,-0.5417831829460037,-3.6450736140029067,-1.2834403091387816,-0.540802805838768,0.05406917575682635,-0.19663950927744767,0.33007094975416573,0.27496598194077915,0.017316193330727092,8,39,0.9230769230769231,0.678102563273846
21,0,0.2,0.2,False,-0.7351148853329728,-0.7935362344886057,-2.5483194405803045,-0.9263784731981615,-0.7292667859807522,-0.8733166611818316,-0.741496965322209,-4.110245898553344,-1.17777509824648,-0.741496965322209,0.2907946482027124,-0.2478486436426356,0.7778360769310968,1.1732751244021298,0.08678208341966687,15,17,1.0,0.8648846372924629
21,0,0.2,0.2,True,-0.5638595746170099,-0.6468353353696921,-2.0838879213539427,-0.8717204267987954,-0.5578696853099242,-0.7418016063706158,-0.5887912059570404,-3.953954007844536,-1.2598720885527956,-0.5879495454725429,0.3460163384293904,-0.18349065139284337,0.9112115788233324,1.885743692132786,0.10172687544251002,8,15,0.9230769230769231,0.6562934935430165
21,0,0.2,0.3,False,-0.7167871564995136,-0.7940100901192089,-2.3305532883716635,-0.9027431331406616,-0.7108525897031621,-0.8742364481665816,-0.7427274724377497,-4.080425174345179,-1.1770622208132393,-0.7427274724377497,0.602756521041264,-0.23989299120491459,1.196068666438255,2.5126057998351206,0.16625208973382377,15,12,1.0,0.8620873417514973
21,0,0.2,0.3,True,-0.5366197346484898,-0.6457429158980881,-1.8178969672615042,-0.831011415591247,-0.5307233215344713,-0.7428491632830151,-0.5898468988277428,-3.874181202930662,-1.2593931828061617,-0.5890449741356134,0.629191279323325,-0.18657355986865332,1.297402499100977,3.372349650005456,0.17248880429282254,8,11,0.9230769230769231,0.6548814030819631
21,20,0.0,0.0,False,-0.46356531280684965,-0.49819297437066223,-1.9027906231960332,-0.9304934767344809,-0.45804509537217164,-0.553115133449432,-0.4098668287315195,-3.039435696441418,-1.3494996293338644,-0.4098668287315195,-0.2298898287233413,-0.14967154862568965,-0.4915884741371201,-1.5359621172776652,-0.08163965183840438,0,0,0.4423076923076923,0.5411269189165572
21,20,0.0,0.0,True,-0.3962000233308556,-0.43627351960830285,-1.573135239041289,-0.9081459348863845,-0.3911716749407709,-0.4719328598467689,-0.34170831304180593,-2.568948977137434,-1.381098562237878,-0.34170831304180593,-0.21304687786127552,-0.1436524392453743,-0.43727733401730895,-1.4830717736534067,-0.07513897392130697,0,0,0.4230769230769231,0.45585939638157896
21,20,0.0,0.1,False,-0.4577108015253444,-0.46204577760180554,-2.0766238068682523,-0.9906178645350654,-0.4522280866620826,-0.4974545492757271,-0.3627185842163895,-2.707818411513027,-1.371461432974047,-0.3627185842163895,-0.3713823144453522,-0.15586080328936291,-1.2234260101738925,-2.3827819862821022,-0.14045522155330836,0,20,0.4423076923076923,0.5529563596491932
21,20,0.0,0.1,True,-0.3960841719451106,-0.40197084069487665,-1.7612337871968125,-0.9853554831499968,-0.3910567792105629,-0.41556830807095824,-0.2965090041939894,-2.2562022360312115,-1.4015368916050688,-0.2965090041939894,-0.35769563753055855,-0.14991213409925253,-1.1644984420164548,-2.3860352577846604,-0.1343979888587592,0,19,0.4230769230769231,0.46989237061533906
21,20,0.0,0.2,False,-0.47877550532634816,-0.4993894821485252,-2.0923108918196567,-0.9587216440092221,-0.47316276253879785,-0.553115133449432,-0.4098668287315195,-3.039435696441418,-1.3494996293338644,-0.4098668287315195,-0.29389903962740815,-0.1516990702701535,-0.8060499597204069,-1.9373819437654933,-0.10725703432536249,0,6,0.4423076923076923,0.5447867448569226
21,20,0.0,0.2,True,-0.4133203067643788,-0.4376176680236308,-1.7574380884562328,-0.9444781071820438,-0.40815475582292304,-0.4719328598467689,-0.34170831304180593,-2.568948977137434,-1.381098562237878,-0.34170831304180593,-0.2784560235197814,-0.14569431284329093,-0.7482653171131071,-1.9112346809260097,-0.10093769084059057,0,6,0.4230769230769231,0.45951922232178855
21,20,0.0,0.3,False,-0.46928762439693117,-0.49878590098014086,-1.9534613160722276,-0.9408598428198471,-0.46373175976879144,-0.553115133449432,-0.4098668287315195,-3.039435696441418,-1.3494996293338644,-0.4098668287315195,-0.2544072663694721,-0.15067628219829,-0.5880921430346115,-1.6884360475172338,-0.09127589103573064,0,4,0.4423076923076923,0.5458262840372875
21,20,0.0,0.3,True,-0.40264094090586056,-0.4369396091878037,-1.6234698113425818,-0.9215024970025067,-0.3975600336957219,-0.4719328598467689,-0.34170831304180593,-2.568948977137434,-1.381098562237878,-0.34170831304180593,-0.23810053228902894,-0.14466428489479854,-0.5333403054681173,-1.6458833115732627,-0.08484342391135635,0,4,0.4230769230769231,0.4605587615023093
21,20,0.05,0.0,False,-0.317596776693833,-0.32700158558050996,-1.5446772997979434,-0.9712392560116152,-0.3132966571268645,-0.35738938938221787,-0.25953740148619364,-1.9491000182588882,-1.3770246112340365,-0.251407740484214,-0.23254648119716115,-0.10098133414469512,-0.8931574854100028,-2.3028660015914197,-0.08267373307156856,63,0,0.4423076923076923,0.4289244940962974
21,20,0.05,0.0,True,-0.25011660438331684,-0.26782501842056383,-1.195718906612351,-0.9338806578202504,-0.24656006651579565,-0.267632798821656,-0.20016188485507425,-1.4553065680272184,-1.3370817276997247,-0.184497651663021,-0.21556091278994627,-0.09454202491100228,-0.8163937468370295,-2.2800539018797816,-0.07610329385235504,56,0,0.4230769230769231,0.37058333669642435
21,20,0.05,0.1,False,-0.30778572023235595,-0.30358721279125833,-1.6411903056941657,-1.013829658378874,-0.30358721279125833,-0.27724665109797075,-0.2178755947676334,-1.509318143483974,-1.2724998015204834,-0.19152331821723512,-0.3672365846656763,-0.13861116479811397,-1.8902220591325318,-2.649401187852028,-0.13861116479811397,63,16,0.4423076923076923,0.43974928251020845
21,20,0.05,0.1,True,-0.2473030345985282,-0.2558595246698915,-1.314919175795674,-0.9665578598943979,-0.2437797080204792,-0.18922313005252012,-0.17022201047936647,-1.0279025466133866,-1.111625514935725,-0.12833601275868523,-0.35323022150865047,-0.13244059287932253,-1.8130041899304479,-2.6670842664567913,-0.13244059287932253,56,15,0.4230769230769231,0.3834820563245013
21,20,0.05,0.2,False,-0.33042088396459024,-0.3259914121678702,-1.7032850397302095,-1.0135876947409863,-0.3259914121678702,-0.35738938938221787,-0.25953740148619364,-1.9491000182588882,-1.3770246112340365,-0.251407740484214,-0.27523685865371306,-0.09963190339678285,-1.2600716591790158,-2.7625373928427885,-0.09963190339678285,63,4,0.4423076923076923,0.42865936057549753
21,20,0.05,0.2,True,-0.2642088372118724,-0.2667260207348343,-1.3491166421937895,-0.9905626623303304,-0.260488548869639,-0.267632798821656,-0.20016188485507425,-1.4553065680272184,-1.3370817276997247,-0.184497651663021,-0.2591961296514955,-0.09318292873292533,-1.178870978504688,-2.781583849917254,-0.09318292873292533,56,4,0.4230769230769231,0.37031820317545117
21,20,0.05,0.3,False,-0.32961409090595795,-0.32700158558050996,-1.6408445384092862,-1.0079892741829068,-0.3251926399186823,-0.35738938938221787,-0.25953740148619364,-1.9491000182588882,-1.3770246112340365,-0.251407740484214,-0.27259912206173875,-0.10098133414469512,-1.133806058414007,-2.6995001043572495,-0.09856487092478738,63,2,0.4423076923076923,0.42954084687466715
21,20,0.05,0.3,True,-0.26332226355931065,-0.26782501842056383,-1.2929258618617043,-0.9831876988647023,-0.25961214872337024,-0.267632798821656,-0.20016188485507425,-1.4553065680272184,-1.3370817276997247,-0.184497651663021,-0.2565000136871206,-0.09454202491100228,-1.057045867266747,-2.713079330896271,-0.09210825353664176,56,2,0.4230769230769231,0.3711996894747941
21,20,0.1,0.0,False,-0.384093529696782,-0.4317739031040809,-1.6080423395896188,-0.889570969749403,-0.3791669939449621,-0.4641555756189527,-0.33537597528566765,-2.5781884803029587,-1.383985764703607,-0.33537597528566765,-0.18865365143042145,-0.1450412928720819,-0.4180230405984046,-1.3006892567953263,-0.06588840762732973,29,0,0.4423076923076923,0.4883764889920462
21,20,0.1,0.0,True,-0.30465753778952165,-0.3661156012329382,-1.218415753962787,-0.832134814150369,-0.3004919057602644,-0.36401064586025633,-0.26384209999767516,-1.9825939406089241,-1.3796533830782267,-0.25646736343066623,-0.17072968133753008,-0.13892875595703047,-0.35808974243521396,-1.2289009583468478,-0.059209966266884906,27,0,0.4230769230769231,0.41080479534341785
21,20,0.1,0.1,False,-0.37812122945635485,-0.38503308301157124,-1.7834461831295,-0.9820486761782787,-0.3732463526947223,-0.39755691270058235,-0.28707816913646844,-2.1954942779277147,-1.3848385403057089,-0.282387129232332,-0.33981225613575894,-0.14303806127311158,-1.2342297095440289,-2.375677166701344,-0.12661314639632015,29,20,0.4423076923076923,0.5003850753726642
21,20,0.1,0.1,True,-0.30536180854474027,-0.32113142008561746,-1.3989447819703398,-0.9508935888718929,-0.30118875502891884,-0.2962926744883444,-0.21877422231377153,-1.611142575307957,-1.3543308318262193,-0.2055379346846774,-0.32529375636086266,-0.13693878000395587,-1.168011919418233,-2.375468485636177,-0.12039696358098295,27,19,0.4230769230769231,0.42501715796778927
21,20,0.1,0.2,False,-0.40173565802009403,-0.4273719474826001,-1.809268779100159,-0.9400141033740878,-0.39666206993776576,-0.4641555756189527,-0.33537597528566765,-2.5781884803029587,-1.383985764703607,-0.33537597528566765,-0.2567597620972619,-0.13841806611862106,-0.7628345793843648,-1.854958455186224,-0.09221167513232753,29,6,0.4423076923076923,0.49194219350717755
21,20,0.1,0.2,True,-0.32457504399902126,-0.3612050013714361,-1.4090297703982313,-0.8985895620676987,-0.32020404597626206,-0.36401064586025633,-0.26384209999767516,-1.9825939406089241,-1.3796533830782267,-0.25646736343066623,-0.24034036756801347,-0.13225817636875659,-0.6982937322220186,-1.8172061203831116,-0.0857214322691704,27,6,0.4230769230769231,0.4143704998582414
21,20,0.1,0.3,False,-0.39066282640634553,-0.4317739031040809,-1.6634931023778567,-0.9047856380337433,-0.38568055821430147,-0.4641555756189527,-0.33537597528566765,-2.5781884803029587,-1.383985764703607,-0.33537597528566765,-0.21448092205198332,-0.1450412928720819,-0.5236379921142749,-1.4787576544918364,-0.0756887820151485,29,4,0.4423076923076923,0.492838917292593
21,20,0.1,0.3,True,-0.31207410372813027,-0.3661156012329382,-1.2724594566260916,-0.8523922571919451,-0.30783090172909344,-0.36401064586025633,-0.26384209999767516,-1.9825939406089241,-1.3796533830782267,-0.25646736343066623,-0.19712751868071376,-0.13892875595703047,-0.46303209759868,-1.418910846230306,-0.06908040854187525,27,4,0.4230769230769231,0.4152672236439647
21,20,0.15,0.0,False,-0.4691203184051769,-0.4931541607768133,-2.0040434274850707,-0.9512650520198827,-0.4635654817597128,-0.5378091774539937,-0.3967090153654803,-2.995924478023115,-1.3556767217869263,-0.3967090153654803,-0.3025061389057616,-0.15986505329556766,-0.7847254788999598,-1.8922593316656326,-0.11081960131516766,15,0,0.4423076923076923,0.5090230055993025
21,20,0.15,0.0,True,-0.3985192244827519,-0.42692672964173817,-1.640985718867607,-0.9334604671325573,-0.3934718213881774,-0.44851186866377724,-0.32273395817789663,-2.454976100359315,-1.3897262971520017,-0.32273395817789663,-0.28705780570615425,-0.15384319459384588,-0.7288250148641893,-1.8659116281614012,-0.10444619815865708,14,0,0.4230769230769231,0.427466849238816
21,20,0.15,0.1,False,-0.46334821815489624,-0.460130841725067,-2.2021305594218576,-1.006992307704841,-0.45782937281342306,-0.4802824430942746,-0.3485425675965905,-2.657921451671411,-1.37797356118109,-0.3485425675965905,-0.4306380004964351,-0.17129020036934117,-1.5978941392165835,-2.5140842825093337,-0.1677574002243598,15,20,0.4423076923076923,0.5209489881289614
21,20,0.15,0.1,True,-0.39842872143401575,-0.3959571015494917,-1.8495708426601603,-1.0062421405623283,-0.3933820591882551,-0.3896946774136857,-0.2762685360251782,-2.132635643499786,-1.4105648186377988,-0.2762685360251782,-0.41808489784382186,-0.16537703759205002,-1.5372568606831458,-2.528071030484585,-0.1618190295608748,14,19,0.4230769230769231,0.4415969736911049
21,20,0.15,0.2,False,-0.48417719663699055,-0.4930970385002176,-2.2068273799544604,-0.9819105750657979,-0.4785333292402898,-0.5378091774539937,-0.3967090153654803,-2.995924478023115,-1.3556767217869263,-0.3967090153654803,-0.36049538832046457,-0.15977036884303875,-1.1381846641851592,-2.256334456326014,-0.1356299297666108,15,6,0.4423076923076923,0.5127112860857724
21,20,0.15,0.2,True,-0.4155785000768827,-0.4268621434354237,-1.8366216566386353,-0.9735660715477618,-0.41039545504960695,-0.44851186866377724,-0.32273395817789663,-2.454976100359315,-1.3897262971520017,-0.32273395817789663,-0.3463314209002937,-0.15374783146868354,-1.078591350757207,-2.252593858345488,-0.12943436029343447,14,6,0.4230769230769231,0.43115512972512293
21,20,0.15,0.3,False,-0.4747876674901381,-0.4931541607768133,-2.0574600198290924,-0.9627570955545739,-0.46919849021952154,-0.5378091774539937,-0.3967090153654803,-2.995924478023115,-1.3556767217869263,-0.3967090153654803,-0.3247284009885777,-0.15986505329556766,-0.8886513014019275,-2.031265710012314,-0.12015673481007871,15,4,0.4423076923076923,0.5137235810729488
21,20,0.15,0.3,True,-0.40494026797138005,-0.42692672964173817,-1.6937383244701372,-0.94850062049568,-0.3998408715612356,-0.44851186866377724,-0.32273395817789663,-2.454976100359315,-1.3897262971520017,-0.32273395817789663,-0.30977225406938447,-0.15384319459384588,-0.8322802231283003,-2.0135583825283887,-0.11385025768587487,14,4,0.4230769230769231,0.4321674247124624
21,20,0.2,0.0,False,-0.47257565165289606,-0.5028386157762139,-1.9719871250038474,-0.9398157516669597,-0.4669997595319939,-0.558264388620126,-0.41432822902195154,-3.118908603366552,-1.3473964589329213,-0.41432822902195154,-0.25102391268711854,-0.15112626412991303,-0.5662273536969131,-1.6610210947273218,-0.08993353123727155,3,0,0.4423076923076923,0.5307822563417439
21,20,0.2,0.0,True,-0.40614961703750063,-0.44131449751185603,-1.6344628992664096,-0.920317867025407,-0.4010405541912908,-0.4777635961657485,-0.34647688874791127,-2.623695572978063,-1.3789190900792188,-0.34647688874791127,-0.2346431818436827,-0.1451174520549776,-0.511988914862459,-1.6169191129044105,-0.08349156212523334,3,0,0.4230769230769231,0.44558644874267556
21,20,0.2,0.1,False,-0.46673541580386924,-0.469988670330329,-2.1539896171901165,-0.9930780149994398,-0.46119532630416127,-0.5032451265216795,-0.36753639968027674,-2.788616821542634,-1.3692388752772706,-0.36753639968027674,-0.38834267358618224,-0.16198919684589042,-1.309429655172171,-2.39733686657904,-0.14808587652560246,3,20,0.4423076923076923,0.5426483411490873
21,20,0.2,0.1,True,-0.40594203041980204,-0.4106130604649074,-1.828789862684684,-0.9886242535982253,-0.400834623979234,-0.42202136750413266,-0.3016049699166735,-2.312834479433961,-1.3992520336144574,-0.3016049699166735,-0.37502526874447006,-0.15608371459233894,-1.2506679852765934,-2.402718757200038,-0.1420824172398839,3,19,0.4230769230769231,0.4596560670511428
21,20,0.2,0.2,False,-0.4875305715939896,-0.507661214484508,-2.1661756288837233,-0.9603463051417873,-0.48186784654624293,-0.558264388620126,-0.41432822902195154,-3.118908603366552,-1.3473964589329213,-0.41432822902195154,-0.3132773663842914,-0.15936056693785006,-0.8878002318252927,-1.9658399339559844,-0.11531991274140274,3,6,0.4423076923076923,0.5344419379120898
21,20,0.2,0.2,True,-0.4229880223214826,-0.4467338966608355,-1.822225126817013,-0.9468455952932064,-0.41774857884506444,-0.4777635961657485,-0.34647688874791127,-2.623695572978063,-1.3789190900792188,-0.34647688874791127,-0.2982581704228472,-0.15341004195068364,-0.8301051862757092,-1.9441893544278381,-0.10905764290508924,3,6,0.4230769230769231,0.4492461303128656
21,20,0.2,0.3,False,-0.4782020670925138,-0.5070676133643588,-2.023538719532967,-0.9430735753752363,-0.4725926823467288,-0.558264388620126,-0.41432822902195154,-3.118908603366552,-1.3473964589329213,-0.41432822902195154,-0.2748694416397033,-0.15834702804189482,-0.6639378600081527,-1.7358673859479032,-0.0994831170153172,3,4,0.4423076923076923,0.5354814720442996
21,20,0.2,0.3,True,-0.41248464683654995,-0.4460668369282461,-1.685417522254298,-0.9247148917795515,-0.40732560567011,-0.4777635961657485,-0.34647688874791127,-2.623695572978063,-1.3789190900792188,-0.34647688874791127,-0.2590102323751381,-0.15238932864903576,-0.6092602787267731,-1.6996612208434778,-0.09310874531371716,3,4,0.4230769230769231,0.4502856644452313
21,50,0.0,0.0,False,-0.2726797143784605,-0.47709513225720845,-0.7459419012536811,-0.5715415981889649,-0.2688631003815808,-0.5767439518570039,-0.43048941086900394,-3.033619706443433,-1.3397401592126608,-0.43048941086900394,1.151714304659298,-0.11131550893859132,1.8966222248691982,10.346395714676706,0.2837986045773886,0,0,0.4423076923076923,0.4574042371593184
21,50,0.0,0.0,True,-0.20311085000691798,-0.4315297791083281,-0.5190585502718351,-0.4706763237211736,-0.20013117586222473,-0.509841921428851,-0.38521468898280076,-2.6583718972884895,-1.3235266878714862,-0.3730486851066461,1.1108941224959166,-0.10865716599650443,1.9013443585445018,10.223845913040423,0.27580691695946946,0,0,0.4230769230769231,0.38113430601487097
21,50,0.0,0.1,False,-0.31886126389729463,-0.4322448271150956,-1.1523665466966955,-0.7376867087697735,-0.31454821441403724,-0.5166266236622382,-0.37874476816052716,-2.7065344982260275,-1.3640495317502874,-0.37874476816052716,0.3520464364700091,-0.11545942245846785,1.0196249689519978,3.0490923042391316,0.1033336227308872,0,23,0.4423076923076923,0.4697367401865329
21,50,0.0,0.1,True,-0.2546403651506226,-0.38085304913313744,-0.9062198949830848,-0.6686052946936134,-0.2510307887572384,-0.4402274536057912,-0.3272511769664448,-2.298499813423855,-1.345228022360728,-0.3160893398159067,0.32143820035415005,-0.10922604221556431,0.976501445340726,2.9428714419567816,0.09512726565945906,0,23,0.4230769230769231,0.39270889894922917
21,50,0.0,0.2,False,-0.3278660238903506,-0.4695212083497552,-1.0999628884199548,-0.6982986456409803,-0.3234620056615095,-0.5587646534915249,-0.41476262105481565,-2.9228104395289205,-1.3471914418673658,-0.41476262105481565,0.5599584072223158,-0.12267058830810285,1.3277945727899745,4.564732385695492,0.15600612448552753,0,8,0.4423076923076923,0.4588610144800281
21,50,0.0,0.2,True,-0.26427265199030225,-0.42101131800335545,-0.8680717042283914,-0.6277091391357702,-0.2605516320376451,-0.48902072258350493,-0.36823765720895607,-2.5383197441926177,-1.3280030247042622,-0.35573569437173835,0.5259997546244108,-0.1129602974089301,1.3025355929865856,4.656501148542725,0.1477407044012371,0,8,0.4230769230769231,0.38195423184457716
21,50,0.0,0.3,False,-0.3177343904539581,-0.47910967694644824,-0.9901653458294063,-0.6631767333087543,-0.3134328618781731,-0.5767439518570039,-0.43048941086900394,-3.033619706443433,-1.3397401592126608,-0.43048941086900394,0.7741943311823007,-0.11473925718099276,1.564841577574636,6.747423246440109,0.20553884550144175,0,6,0.4423076923076923,0.4632146708136694
21,50,0.0,0.3,True,-0.25301072927985035,-0.4315297791083281,-0.7624403629927184,-0.5863111690753939,-0.2494202081840221,-0.509841921428851,-0.38521468898280076,-2.6583718972884895,-1.3235266878714862,-0.3730486851066461,0.736775998674349,-0.1086720359063883,1.5479296908295872,6.779812235311564,0.19718991568532496,0,6,0.4230769230769231,0.38641613503911826
21,50,0.05,0.0,False,-0.11962200132366729,-0.3309989845075374,-0.3149942389358129,-0.3613968831404173,-0.11777628390938233,-0.4047814933696381,-0.28803382955504464,-2.219042936783365,-1.4053262215585771,-0.28803382955504464,0.9302707772781513,-0.0905179363193852,1.9630192797575337,10.277198255998305,0.23913712857909664,63,0,0.4423076923076923,0.41276543024931683
21,50,0.05,0.0,True,-0.03758750005035483,-0.28371972081142627,-0.012353889239660288,-0.13248109769337213,-0.036981192944178454,-0.31316652628962394,-0.2431392481112319,-1.6711854976689888,-1.2880130572187827,-0.21806396938682493,0.8944023018900458,-0.08556808832909957,1.9950520412467099,10.45252172106645,0.23158259672552228,55,0,0.4230769230769231,0.33672499539682943
21,50,0.05,0.1,False,-0.16827099069071572,-0.2662371525159064,-0.6850394048672063,-0.6320342187428644,-0.16574807763641952,-0.3149004830284349,-0.22187731949656186,-1.741898244748679,-1.4192549456742218,-0.21935713004198143,0.2259523866503823,-0.0902332905918578,0.8799141376389359,2.504091174868127,0.06867295464883316,63,19,0.4423076923076923,0.4201858478332733
21,50,0.05,0.1,True,-0.091870512879628,-0.21190951030468985,-0.33736452951521345,-0.43353652579128615,-0.09043077174262393,-0.2094516160285934,-0.17021357815412652,-1.1245614122403156,-1.2305223725391476,-0.1426382349650407,0.19878352975430968,-0.08522100428899981,0.8312831708314843,2.332564975181457,0.060893155435136403,55,19,0.4230769230769231,0.3433474379821104
21,50,0.05,0.2,False,-0.1790741519162794,-0.31320090199767237,-0.6723739374950242,-0.5717549048361624,-0.17640702642132366,-0.3804291788471066,-0.2690927033797963,-2.080585255987697,-1.4137476567328935,-0.2690927033797963,0.4422373649504865,-0.09051793631938543,1.380104598467968,4.885632427479198,0.1268090733080125,63,6,0.4423076923076923,0.4125912452223544
21,50,0.05,0.2,True,-0.10342745640154416,-0.26466382221939944,-0.3506855666326094,-0.3907880402173195,-0.10181695522259249,-0.28506594710722144,-0.22300374786736632,-1.5168154272996854,-1.2783011488971352,-0.19726136719638565,0.4114064912378983,-0.08521765321619057,1.3732344952397302,4.827714396149727,0.11889849083312165,55,6,0.4230769230769231,0.33590934648970444
21,50,0.05,0.3,False,-0.17997239905232598,-0.3309989845075374,-0.6287848828641249,-0.5437249280993722,-0.17729338618904156,-0.4047814933696381,-0.28803382955504464,-2.219042936783365,-1.4053262215585771,-0.28803382955504464,0.5580370239055126,-0.0905179363193852,1.5276159041301516,6.164933123712897,0.15554172088934215,63,4,0.4423076923076923,0.4144935735257025
21,50,0.05,0.3,True,-0.10419654507022713,-0.28371972081142627,-0.3207012887581833,-0.36725168335930075,-0.10257476547623179,-0.31316652628962394,-0.2431392481112319,-1.6711854976689888,-1.2880130572187827,-0.21806396938682493,0.5258194348203256,-0.08551362252118855,1.5260999791502414,6.14895521108392,0.1476964858877643,55,4,0.4230769230769231,0.3379199203155988
21,50,0.1,0.0,False,-0.17398299657998129,-0.41386530940173516,-0.4357543870937158,-0.42038555208090084,-0.17138354797610056,-0.4910026732595899,-0.36033951106172557,-2.6562135903616824,-1.3626112546272562,-0.35737307565592624,1.180747541668521,-0.1171940968368207,2.0060758381983175,10.075145195346964,0.2894206897254801,30,0,0.4423076923076923,0.43802529442875265
21,50,0.1,0.0,True,-0.09124135368493358,-0.3667845351848317,-0.15851599342348827,-0.24876008918684328,-0.08981097735212262,-0.40696144044689186,-0.31386485302788514,-2.1486654906066884,-1.2966136109885984,-0.2897423053153865,1.139874610414914,-0.11268015971595458,2.0190166016002467,10.116018767530353,0.2814912523433377,28,0,0.4230769230769231,0.354233432784207
21,50,0.1,0.1,False,-0.22761243995081182,-0.35772925408112755,-0.8394628534080407,-0.6362701326606988,-0.22432628614381922,-0.419112080480438,-0.3007902966111521,-2.291819510174705,-1.3933696838041518,-0.29930509438970887,0.3658984675005179,-0.11281150518380112,1.1095999464271544,3.243449920328323,0.10700635561291061,30,23,0.4423076923076923,0.45068881515976894
21,50,0.1,0.1,True,-0.15130202026143713,-0.3039834605757995,-0.5236975847959066,-0.4977310935760907,-0.14901021073219756,-0.3232073211464034,-0.24763463269668595,-1.7326137253234422,-1.3051781878275575,-0.2255679999440473,0.33528975707534414,-0.11240829734096314,1.0699649512647489,2.9827847677322654,0.09885669652896367,28,23,0.4230769230769231,0.3661391394011738
21,50,0.1,0.2,False,-0.23745297858632797,-0.3981666163569345,-0.7981676570536899,-0.5963658650213518,-0.2340472634963986,-0.4700364993257413,-0.34154510472784283,-2.539246458770146,-1.3762062252371783,-0.34016132724822723,0.5799615404204381,-0.11719409683682025,1.4342591166099243,4.948726566219202,0.1608181941038611,30,8,0.4423076923076923,0.43963830277584964
21,50,0.1,0.2,True,-0.16186228766788657,-0.34982485787379003,-0.5060298651437104,-0.46269521454728446,-0.15942600233576854,-0.38253351335207897,-0.2937049354229123,-2.018498473348784,-1.3024415568681553,-0.27071917341343343,0.5459309760553737,-0.11240492909976174,1.415492866944631,4.8568241662325,0.15260674217719106,28,8,0.4230769230769231,0.3552096505699755
21,50,0.1,0.3,False,-0.22515056981050396,-0.41386530940173516,-0.6873152621098668,-0.5440189469756993,-0.2218946467896229,-0.4910026732595899,-0.36033951106172557,-2.6562135903616824,-1.3626112546272562,-0.35737307565592624,0.7981405417608536,-0.1171940968368207,1.6744536275304038,6.810415910898418,0.21081972095175683,30,6,0.4423076923076923,0.44359948547398503
21,50,0.1,0.3,True,-0.14814481196121954,-0.3667845351848317,-0.405132529111547,-0.4039014673466692,-0.14589661130722353,-0.40696144044689186,-0.31386485302788514,-2.1486654906066884,-1.2966136109885984,-0.2897423053153865,0.7606295904051652,-0.11266465157710692,1.6639136812451951,6.751270959947854,0.20252606213866775,28,6,0.4230769230769231,0.35927912146684143
21,50,0.15,0.0,False,-0.29230726147484776,-0.48028377620760576,-0.8573851444286377,-0.6086136487535571,-0.2882736496326693,-0.5725865999018969,-0.4268327323498351,-3.124532189408181,-1.3414777183315942,-0.4268327323498351,0.9427479047413128,-0.12766251929047723,1.6971089345987531,7.384688238810555,0.24174283937256513,15,0,0.4423076923076923,0.4470095925444249
21,50,0.15,0.0,True,-0.21965197300326478,-0.42330195993295705,-0.6066886135684962,-0.5189013843405154,-0.21646402854768154,-0.500327730195318,-0.3685168315202697,-2.6805008415803786,-1.3576794528794764,-0.365106688986114,0.9064099249010025,-0.12766179426411617,1.6971421011772878,7.1000876192117,0.23412226567808547,14,0,0.4230769230769231,0.37413063771884963
21,50,0.15,0.1,False,-0.33730933356343584,-0.43305707415789296,-1.306982885271427,-0.7789027213545819,-0.3328120258087889,-0.5119668844845677,-0.37482974923718093,-2.801283286542834,-1.3658651308400032,-0.37482974923718093,0.22081223104862424,-0.12741000653460377,0.7480622392642756,1.7330839001931375,0.06721004938594399,15,23,0.4423076923076923,0.4594141510756508
21,50,0.15,0.1,True,-0.2701860329547714,-0.3689426881657568,-1.0307000231964023,-0.7323252137019816,-0.2663976098903085,-0.42946501160210704,-0.3090606759865365,-2.3197248275025224,-1.3895815448899609,-0.30750765921773626,0.1934961948653764,-0.12741008310068092,0.6956571549307023,1.51868824002315,0.05936534876470745,14,23,0.4230769230769231,0.3857778975934546
21,50,0.15,0.2,False,-0.3461462697237201,-0.47184095400302606,-1.2390860752485704,-0.7336079388341948,-0.34156364619039825,-0.5545731728286224,-0.41112828886574804,-3.017072493266117,-1.3489054094492525,-0.41112828886574804,0.4084433049030045,-0.13189801211866992,1.0859846070394603,3.0966600507634956,0.11813208439128142,15,8,0.4423076923076923,0.44858190967447437
21,50,0.15,0.2,True,-0.2797006289615842,-0.41154840015654703,-0.9799197129583869,-0.6796299751261095,-0.2758053918740383,-0.47926893795670733,-0.35121456691049957,-2.562793144344068,-1.3646043846434195,-0.34771098849170257,0.3781573261152078,-0.12741559588614737,1.0533364424621428,2.9679045448495294,0.11023579325887445,14,8,0.4230769230769231,0.3750661108524134
21,50,0.15,0.3,False,-0.3361514087017968,-0.48127888140636477,-1.1160225746240056,-0.6984545170972701,-0.3316654227785155,-0.5725865999018969,-0.4268327323498351,-3.124532189408181,-1.3414777183315942,-0.4268327323498351,0.6018525114431343,-0.1276745584639143,1.3440293424248302,4.713958040538208,0.16603758613341713,15,6,0.4423076923076923,0.45282160621170175
21,50,0.15,0.3,True,-0.26852194597895274,-0.42330195993295705,-0.8625309938793513,-0.6343508213887823,-0.2647524123943229,-0.500327730195318,-0.3685168315202697,-2.6805008415803786,-1.3576794528794764,-0.365106688986114,0.5684949756628745,-0.1276745147207441,1.3216321869858099,4.452689535623569,0.1580647879744257,14,6,0.4230769230769231,0.3794140531490221
21,50,0.2,0.0,False,-0.2884965879063649,-0.48591454712069215,-0.8136063062729354,-0.5937187713680605,-0.2845044212629343,-0.5844674875995062,-0.43731589094242573,-3.1267937225750084,-1.3364881078068427,-0.43731589094242573,1.0894958901164222,-0.11570456229258064,1.8340829884862133,9.416187819469279,0.271575946822866,4,0,0.4423076923076923,0.4648514749151747
21,50,0.2,0.0,True,-0.22017526994113967,-0.4339383459383005,-0.5852159464128476,-0.507388369804141,-0.21698082886838244,-0.5185379967439876,-0.3874555289435043,-2.7308175920459297,-1.3383161627810882,-0.3803544300856908,1.0498370724238777,-0.10865716636745903,1.8368710676692876,9.661922057432614,0.26365653068398665,4,0,0.4230769230769231,0.3883741633346534
21,50,0.2,0.1,False,-0.33353559956762135,-0.4425648011122236,-1.235455566023111,-0.7536424015859429,-0.32907531114933863,-0.5254047122155335,-0.38615552652416485,-2.8095030530555363,-1.3606038917654977,-0.38615552652416485,0.31353686093957545,-0.1210528582374828,0.9402327700734029,2.590082262448322,0.09298807408269871,4,23,0.4423076923076923,0.4771077511611652
21,50,0.2,0.1,True,-0.27045035695981023,-0.386974807822165,-0.9858902973882682,-0.6988836262542863,-0.2666589391572878,-0.45010938572096026,-0.32966401674203194,-2.3810294238570293,-1.3653579488876366,-0.32401921831980207,0.28378674304530893,-0.11485889508064673,0.8944010499588453,2.470742408291945,0.0848548963477056,4,23,0.4230769230769231,0.3998722099247656
21,50,0.2,0.2,False,-0.3424330416931566,-0.48085774530397674,-1.1774930695910992,-0.7121296163726878,-0.33788603199685885,-0.5667563175609256,-0.4217252090087191,-3.022272945750805,-1.343899547511299,-0.4217252090087191,0.5147756260547456,-0.13108191066045882,1.254406989439878,3.927129406804023,0.14498155257320278,4,8,0.4423076923076923,0.466388947864334
21,50,0.2,0.2,True,-0.27997323254603057,-0.42837025177336896,-0.9426681760674779,-0.6535776734892216,-0.2760749650955914,-0.49801672547806,-0.3704833311068043,-2.6171712285837825,-1.3442351751433854,-0.36318547713917015,0.4817848353331242,-0.12111043625909612,1.2266664419278883,3.9780620912175046,0.13679102614092864,4,8,0.4230769230769231,0.3892744874132804
21,50,0.2,0.3,False,-0.3325798290880462,-0.4902875057933249,-1.0623948495228186,-0.67833633359656,-0.32812897180316436,-0.5844674875995062,-0.43731589094242573,-3.1267937225750084,-1.3364881078068427,-0.43731589094242573,0.7228270898022584,-0.12322663353936236,1.4968710872882338,5.865834917671148,0.19404656606019288,4,6,0.4423076923076923,0.4706589273204497
21,50,0.2,0.3,True,-0.2690160032627543,-0.4387534002439283,-0.8322289153459608,-0.6131371360613794,-0.2652408550787486,-0.5185379967439876,-0.3874555289435043,-2.7308175920459297,-1.3383161627810882,-0.3803544300856908,0.6864747908396922,-0.11316501251165767,1.4779655567305308,6.066139839546036,0.1857732558676426,4,6,0.4230769230769231,0.3936527659379794
21,100,0.0,0.0,False,-0.136918365049864,-0.38123312017776,-0.271843846060187,-0.3591460390063229,-0.13482676102696822,-0.461595026080452,-0.33329810727832254,-2.198760677664156,-1.3849314352541293,-0.33329810727832254,1.2239362269564964,-0.1086579091166846,2.02478539539427,11.264124598993954,0.29769128964241354,0,0,0.3269230769230769,0.31053700142096463
21,100,0.0,0.0,True,-0.03884730849103335,-0.30293297984157097,0.0002726885827921036,-0.12823730354928625,-0.03822108616688469,-0.3541411190224566,-0.24893216355246095,-2.522340063998501,-1.4226410680266453,-0.24893216355246095,1.1350505708507468,-0.10865716599650455,1.9822556092123478,10.446163954683493,0.28054866306379767,0,0,0.3076923076923077,0.24175526071891637
21,100,0.0,0.1,False,-0.22910031697034694,-0.3587319181029536,-0.7614009550365504,-0.6386393443378984,-0.22579595436865674,-0.42302812478911433,-0.30240177083755926,-2.007269013102309,-1.3988943372171976,-0.30240177083755926,0.3765507332624496,-0.10840079056847174,1.1132027658023873,3.4736899176450193,0.10981366245851576,0,16,0.3269230769230769,0.31385438498459833
21,100,0.0,0.1,True,-0.1526973671261861,-0.28600086806843883,-0.6109379516249205,-0.5339052575520373,-0.15038634502586545,-0.3201537970946132,-0.2232818939225748,-2.390091543368533,-1.4338547182228296,-0.2232818939225748,0.31671927423365553,-0.10840087050961678,1.0042495504054139,2.9217410593170263,0.09385071408319012,0,15,0.3076923076923077,0.24650283677539028
21,100,0.0,0.2,False,-0.20240573173273302,-0.37227069975804616,-0.5918160326995293,-0.543705781476449,-0.19943506044404236,-0.4387243696302291,-0.3148874214444485,-2.0755311004500863,-1.393273721820062,-0.3148874214444485,0.6123181441210785,-0.10840655338385652,1.4646617946061715,5.648349892214751,0.16851589740742856,0,8,0.3269230769230769,0.31199377874167433
21,100,0.0,0.2,True,-0.11261645266168652,-0.2900350793541985,-0.36044751105659634,-0.388285627078083,-0.1108718996003738,-0.3267059776369128,-0.228191748491819,-2.367310901324158,-1.4317168775654727,-0.228191748491819,0.5434628447288423,-0.1084066262851966,1.382359768918232,5.0131884309276264,0.1520064713770446,0,8,0.3076923076923077,0.24257518654862262
21,100,0.0,0.3,False,-0.19038293115385918,-0.38361698311061854,-0.5013096471510055,-0.49628389653166366,-0.1875673147240764,-0.461595026080452,-0.33329810727832254,-2.198760677664156,-1.3849314352541293,-0.33329810727832254,0.8337448601950566,-0.10867207946252133,1.6967204804249405,7.672116557616782,0.21858463901959113,0,6,0.3269230769230769,0.3163474350753157
21,100,0.0,0.3,True,-0.09903309878516298,-0.30293297984157097,-0.26018049958920525,-0.3269142198943003,-0.09748724399150521,-0.3541411190224566,-0.24893216355246095,-2.522340063998501,-1.4226410680266453,-0.24893216355246095,0.7566511498099671,-0.10867203590638819,1.6270296003295899,6.962703362452493,0.20163946878256955,0,6,0.3076923076923077,0.2470370897431638
21,100,0.05,0.0,False,-0.02238183781901959,-0.2583843070926318,0.019101481030653306,-0.08662228008683054,-0.022017997945433687,-0.3269367496398261,-0.22836497665901345,-2.761399695525794,-1.4316413769874903,-0.22836497665901345,1.0685961545468636,-0.08556857816181096,2.2282603233186493,12.488184068293604,0.2674152578250646,52,0,0.3269230769230769,0.3081158872214046
21,100,0.05,0.0,True,0.09606724347973916,-0.15901973049746487,0.5324134053032006,0.6041215337191801,0.0944157659125211,-0.18444858265416875,-0.12497829254005166,-1.7891242326208674,-1.4758449559955278,-0.12497829254005166,0.9861980078153694,-0.08556808832909979,2.2075438629529627,11.525301395333212,0.2507298465651093,41,0,0.3076923076923077,0.23621598143870934
21,100,0.05,0.1,False,-0.12591325698665268,-0.22949797719939424,-0.657767206208122,-0.5486464783837974,-0.12397745959689432,-0.2864909078737382,-0.19830937770853652,-2.567848189689061,-1.4446664660246462,-0.19830937770853652,0.31254510701000515,-0.08522109629604191,1.2011406861460903,3.6674617036641113,0.09271895672071118,52,12,0.3269230769230769,0.30851161889145146
21,100,0.05,0.1,True,-0.02119522699429688,-0.1262630969325539,-0.05716503125873499,-0.16786557204136027,-0.020850470333859228,-0.13544031551073665,-0.09089572666777135,-1.481436713188005,-1.4900625197241464,-0.09089572666777135,0.255662839069549,-0.0852210042889997,1.0759962228650402,2.9999979606265903,0.0770486493008864,41,12,0.3076923076923077,0.2358140164358604
21,100,0.05,0.2,False,-0.08840064143228932,-0.23865438593061428,-0.3789116926913067,-0.3704128088305516,-0.0870126358110569,-0.29939955483867875,-0.20783642215029574,-2.6034115484471254,-1.4405538343138415,-0.20783642215029574,0.5455897183954899,-0.08521773977462,1.7040596221327327,6.402302147867812,0.1525237838720257,52,6,0.3269230769230769,0.30794170219444206
21,100,0.05,0.2,True,0.02108378319379045,-0.13664631718544362,0.20668243176284343,0.15429455859522,0.020733632279652303,-0.1510817360200878,-0.10169924185605361,-1.5562057042874329,-1.4855738672460388,-0.10169924185605361,0.47979801244830855,-0.08521765321619101,1.632387437711355,5.630265494768974,0.13629385595607713,41,6,0.3076923076923077,0.23540033253158435
21,100,0.05,0.3,False,-0.0893981024270516,-0.2583843070926318,-0.3376720118678643,-0.34598890092424234,-0.08799520279986439,-0.3269367496398261,-0.22836497665901345,-2.761399695525794,-1.4316413769874903,-0.22836497665901345,0.6696877112946915,-0.08551385163736391,1.8220488772024608,7.831336075640898,0.18191213412188456,52,4,0.3269230769230769,0.3098440304977903
21,100,0.05,0.3,True,0.02020788756990921,-0.15901973049746487,0.19921998454658119,0.12707786327327078,0.019872424291733415,-0.18444858265416875,-0.12497829254005166,-1.7891242326208674,-1.4758449559955278,-0.12497829254005166,0.5997549827206687,-0.08551362252118822,1.758787999113511,7.013560705746782,0.16553956958652405,41,4,0.3076923076923077,0.2374109063574787
21,100,0.1,0.0,False,-0.08471243545210805,-0.35161439178597265,-0.1710176636057813,-0.24092425518143304,-0.0833796551552275,-0.42468065048225545,-0.3069248550138355,-2.9750165325497084,-1.3836632763518346,-0.30371070831489055,1.3239469204020509,-0.11268100384758561,2.223768663673109,11.749513007470592,0.3164360787833367,28,0,0.3269230769230769,0.2977748880569239
21,100,0.1,0.0,True,0.07124939895913585,-0.2329634694772138,0.3929855832768121,0.30583936236451337,0.07003809393420846,-0.2563511896661719,-0.1800959986356101,-2.1002153256232727,-1.4234141325085718,-0.17629368115459632,1.231101374608179,-0.11268015971595446,2.1901455216223944,10.925626815861412,0.29905291419166247,22,0,0.3076923076923077,0.23717726278908338
21,100,0.1,0.1,False,-0.1934337720031375,-0.3297855533249733,-0.8375936922436722,-0.5865441043517341,-0.1905785336856215,-0.3948393124722036,-0.28179467424459426,-2.87830405017887,-1.401159597961344,-0.28026912312581764,0.433648318484966,-0.11240834414341339,1.323773296782832,3.85779473747702,0.12461684265891937,28,15,0.3269230769230769,0.3036440017632306
21,100,0.1,0.1,True,-0.05713775392749654,-0.20714007625818986,-0.19857853510584536,-0.27584113590977516,-0.05622542159271238,-0.21777874198377467,-0.15036713601982254,-1.95826256628821,-1.4483134263797204,-0.1485624176200655,0.3713630960339398,-0.11240829734096347,1.2161096650656706,3.3036982573225835,0.10844834423358796,22,15,0.3076923076923077,0.24225283018125043
21,100,0.1,0.2,False,-0.15504184151997347,-0.33424840611529194,-0.563174953612635,-0.46385214913035383,-0.15269862219863584,-0.40098259763246213,-0.2865610274521151,-2.8498685801144035,-1.3992921549650261,-0.2850616980517562,0.6837101434512893,-0.1124049717408897,1.6835017490767932,6.082561410427144,0.18513915885108423,28,8,0.3269230769230769,0.29938789640402086
21,100,0.1,0.2,True,-0.011998923783030802,-0.2124196060274406,0.053251733331351456,-0.05648689406513996,-0.011802849857860065,-0.22571945648398517,-0.15600570507691947,-1.9261865644084442,-1.4468666794761957,-0.15423200682268168,0.6118368379807699,-0.11240492909976152,1.6076198747839814,5.443149538733778,0.1684021600649066,22,8,0.3076923076923077,0.23815348057485192
21,100,0.1,0.3,False,-0.1414098681830146,-0.35161439178597265,-0.4446049329366651,-0.4021731518574776,-0.13925532682437303,-0.42468065048225545,-0.3069248550138355,-2.9750165325497084,-1.3836632763518346,-0.30371070831489055,0.9162159280839803,-0.11266480587478744,1.9071890971835195,8.132228347353099,0.23618829623605775,28,6,0.3269230769230769,0.3033490791021562
21,100,0.1,0.3,True,0.004171307626144705,-0.2329634694772138,0.13577174591772126,0.017905415108666643,0.004102597722862589,-0.2563511896661719,-0.1800959986356101,-2.1002153256232727,-1.4234141325085718,-0.17629368115459632,0.8356884465146992,-0.11266465157710659,1.8435617811674725,7.417485740350088,0.21900557850560354,22,6,0.3076923076923077,0.24222295147171782
21,100,0.15,0.0,False,-0.2197149823582092,-0.4278924536122384,-0.6606660687161245,-0.5134817884807048,-0.21652625535349135,-0.5223509049007551,-0.3835720746290562,-3.384072752834903,-1.3618063968966165,-0.3835720746290562,1.0865441542459457,-0.12766251929047723,1.9123777795242494,8.511066210229448,0.2709900255979525,16,0,0.3269230769230769,0.2957122504298802
21,100,0.15,0.0,True,-0.06008073234236322,-0.30375609271738635,-0.09266478654971493,-0.19779268229612806,-0.05912289756438027,-0.3553054654978348,-0.24981904184237091,-2.790280500785084,-1.4222513339156229,-0.24981904184237091,1.0031500770441744,-0.12766179426411617,1.8666415671759633,7.857872301001686,0.25420019290588436,12,0,0.3076923076923077,0.2418822709100167
21,100,0.15,0.1,False,-0.31141771581433575,-0.41127738973511685,-1.358754364475366,-0.7571962952179411,-0.30718132672744447,-0.4973067883972452,-0.36259589726610153,-3.293709732636062,-1.371517968479059,-0.36259589726610153,0.291362353376462,-0.12741000653460366,0.9476903899655218,2.2868090293781598,0.0869378943451693,16,15,0.3269230769230769,0.3013418425594324
21,100,0.15,0.1,True,-0.17154719182958955,-0.2835358787618153,-0.7694226142264411,-0.6050281628509456,-0.16898030265124098,-0.32150281581858975,-0.22429143644851024,-2.701120972567618,-1.4334154745689365,-0.22429143644851024,0.2352337112245111,-0.12741008310068103,0.8297371369209533,1.8462723318265675,0.07130401338362669,12,15,0.3076923076923077,0.24671846594468236
21,100,0.15,0.2,False,-0.27907657986285184,-0.4185985311312277,-1.0788944715487183,-0.6666926878808451,-0.2751882862502476,-0.5022202839627804,-0.3666823147589765,-3.2719408864259925,-1.369633232224178,-0.3666823147589765,0.5126919644386452,-0.12741552606271145,1.323418925217063,4.023779364112253,0.14446782498093147,16,8,0.3269230769230769,0.29728456755992966
21,100,0.15,0.2,True,-0.13240857425334895,-0.28956609411386025,-0.48942898738035834,-0.4572654635500405,-0.1303805449670815,-0.32813467960500164,-0.22926452813379072,-2.653418592737108,-1.4312492310782319,-0.22926452813379072,0.44809147179089726,-0.1274155958861476,1.2348602604424366,3.5167709939628593,0.12829821226117688,12,8,0.3076923076923077,0.2428177440435804
21,100,0.15,0.3,False,-0.26805648613535105,-0.4289878729345472,-0.9427091853772877,-0.6248579576426622,-0.264292247122494,-0.5223509049007551,-0.3835720746290562,-3.384072752834903,-1.3618063968966165,-0.3835720746290562,0.7204167280576239,-0.12767455846391462,1.569724944395011,5.64260207143179,0.19350166109814682,16,6,0.3269230769230769,0.30152426409715694
21,100,0.15,0.3,True,-0.11894399286285084,-0.30375609271738635,-0.37182248361171916,-0.39157730730200013,-0.11710802693976075,-0.3553054654978348,-0.24981904184237091,-2.790280500785084,-1.4222513339156229,-0.24981904184237091,0.6480877435138419,-0.12767451472074398,1.4955406054557372,5.07609325895126,0.17690533658510255,12,6,0.3076923076923077,0.24716568634018918
21,100,0.2,0.0,False,-0.18065272758038264,-0.4093654932534132,-0.44477842005989304,-0.44129935365253553,-0.17796472189625667,-0.49472139934154746,-0.36045123966800297,-2.6041717866637777,-1.3725057508394625,-0.36045123966800297,1.159629461980273,-0.11202718071073015,1.96014641659128,10.35132237215358,0.28533636384036676,5,0,0.3269230769230769,0.3146219573987616
21,100,0.2,0.0,True,-0.059429234031065814,-0.3114651254508084,-0.07647834046341978,-0.19080541985254088,-0.058481459465215435,-0.36559953971870107,-0.25768421485963844,-2.6334500978710884,-1.4187890395919072,-0.25768421485963844,1.0732948019462247,-0.10865716636745881,1.915579306660681,9.877809608217985,0.2683531178806289,4,0,0.3076923076923077,0.2489951180386997
21,100,0.2,0.1,False,-0.2677519963977031,-0.388489937083617,-0.9834212109184555,-0.689212179877064,-0.26399122353624416,-0.4581902455132222,-0.3305404275049132,-2.4221086774520826,-1.3861851906342428,-0.3305404275049132,0.3373432156771474,-0.10840079055919893,1.0292944652507747,3.1119995890889776,0.09940735289009162,5,16,0.3269230769230769,0.31783643351254504
21,100,0.2,0.1,True,-0.17066969492516126,-0.29874227699778777,-0.7084069049620356,-0.5712940821108661,-0.16811456373306544,-0.33215544681670417,-0.2322878658594818,-2.5233047948691563,-1.429930253083626,-0.2322878658594818,0.2792022722821108,-0.10840087051951564,0.917345515063423,2.5756460344277903,0.08359031891330049,4,15,0.3076923076923077,0.25366614775092666
21,100,0.2,0.2,False,-0.24276442731792236,-0.40355571662969647,-0.7956815869550431,-0.6015635941063461,-0.23929503410132147,-0.47318499738488706,-0.34273081511197145,-2.4868839766331745,-1.3806316109343588,-0.34273081511197145,0.5656188106381792,-0.11205949933360404,1.3878721053673635,5.0474865049532065,0.15737202258808325,5,8,0.3269230769230769,0.31615943034792077
21,100,0.2,0.2,True,-0.1315534092754428,-0.3046923172419851,-0.45015290180476353,-0.43175820928547975,-0.12953747820150963,-0.3385595991862821,-0.23711635251165641,-2.4950435675285463,-1.4278205429532271,-0.23711635251165641,0.4987419429711748,-0.10840662628952413,1.3028488072802524,4.600659203609685,0.14101609683774297,4,8,0.3076923076923077,0.24989544211732673
21,100,0.2,0.3,False,-0.23141774543931826,-0.4143896001877132,-0.6904218887885825,-0.5584545204186808,-0.228085114811595,-0.49472139934154746,-0.36045123966800297,-2.6041717866637777,-1.3725057508394625,-0.36045123966800297,0.7806534861513315,-0.11206451904179515,1.6260588549548507,6.9661074961664,0.20696799535299726,5,6,0.3269230769230769,0.32042940980403656
21,100,0.2,0.3,True,-0.118337555580869,-0.3173219659353813,-0.3426319335080911,-0.37292582387746515,-0.11651031893501385,-0.36559953971870107,-0.25768421485963844,-2.6334500978710884,-1.4187890395919072,-0.25768421485963844,0.7057743098219469,-0.10867203590384589,1.554236182540909,6.494534715871368,0.19018037707217927,4,6,0.3076923076923077,0.2542737206420257
21,200,0.0,0.0,False,0.06920744019276048,-0.2361497536029017,0.3677724442037465,0.29306590050115594,0.06803194113359656,-0.25729082318806673,-0.2346359744768327,-1.2441686687647433,-1.09655317673152,-0.1769753333029621,1.2239362269564964,-0.10865790911668438,2.0247853953942694,11.264124598993977,0.29769128964241354,0,0,0.21153846153846154,0.19378022576111326
21,200,0.0,0.0,True,0.19070035476082992,-0.13949044063853022,0.808960155314259,1.367121315897216,0.18728891973340756,-0.1090622467035649,-0.08434716657805585,-1.4966955758476748,-1.293016127609188,-0.07282795728141989,1.1350505708507432,-0.10865716599650477,1.9822556092123442,10.44616395468344,0.280548663063797,0,0,0.19230769230769232,0.12499848505906506
21,200,0.0,0.1,False,-0.07704622456137522,-0.2346359744768327,-0.17091125999925116,-0.32836492670471784,-0.07582900301612494,-0.24387894788734088,-0.2346359744768327,-1.171226909374004,-1.0393928229936489,-0.16727372508948546,0.3765507332624505,-0.10840079056847152,1.1132027658023906,3.473689917645035,0.10981366245851598,0,11,0.21153846153846154,0.19657346778582754
21,200,0.0,0.1,True,0.014426625364033052,-0.14769589060372845,0.17157827761649658,0.09767790630505778,0.01418780100568906,-0.1090622467035649,-0.08434716657805585,-1.4966955758476748,-1.293016127609188,-0.07282795728141989,0.31671927423365553,-0.10840087050961666,1.0042495504054132,2.9217410593170294,0.09385071408319012,0,10,0.19230769230769232,0.12922191957661944
21,200,0.0,0.2,False,-0.03890980254932985,-0.24590977559214655,-0.0019330168967933612,-0.15822796168080636,-0.038282593006061294,-0.25729082318806673,-0.2346359744768327,-1.2441686687647433,-1.09655317673152,-0.1769753333029621,0.6123181441210777,-0.1084065533838563,1.4646617946061704,5.648349892214754,0.16851589740742834,0,7,0.21153846153846154,0.19775775570251014
21,200,0.0,0.2,True,0.06928505213389013,-0.14712025370627269,0.4162686979394772,0.47094163032248815,0.0681081932916785,-0.1090622467035649,-0.08434716657805585,-1.4966955758476748,-1.293016127609188,-0.07282795728141989,0.5434628447288443,-0.1084066262851967,1.382359768918235,5.01318843092764,0.15200647137704504,0,7,0.19230769230769232,0.12833916350945845
21,200,0.0,0.3,False,0.002974178412868511,-0.2390925651010931,0.15611318875312613,0.012439443324433651,0.0029252163712290002,-0.25729082318806673,-0.2346359744768327,-1.2441686687647433,-1.09655317673152,-0.1769753333029621,0.8337448601950566,-0.10867207946252122,1.6967204804249392,7.67211655761679,0.21858463901959113,0,6,0.21153846153846154,0.19959065941546436
21,200,0.0,0.3,True,0.11614066982432592,-0.13949044063853022,0.5828792812227545,0.8326066595867172,0.11412652088240383,-0.1090622467035649,-0.08434716657805585,-1.4966955758476748,-1.293016127609188,-0.07282795728141989,0.7566511498099631,-0.10867203590638819,1.627029600329583,6.962703362452456,0.20163946878256866,0,6,0.19230769230769232,0.13028031408331245
21,200,0.05,0.0,False,0.059711871278668394,-0.1971733101953419,0.37207316197577284,0.30283952335897363,0.05870204865806339,-0.24027407548415147,-0.16467626366212573,-2.939571368590511,-1.459069268034484,-0.16467626366212573,1.0685961545468636,-0.08556857816181085,2.228260323318652,12.48818406829362,0.2674152578250646,38,0,0.21153846153846154,0.2070770850740224
21,200,0.05,0.0,True,0.1881074989891014,-0.08960744437741963,0.9738377686923352,2.099239636796326,0.18474594728852956,-0.07943933322505647,-0.05275631620832577,-2.5627558768273944,-1.50577862395403,-0.05275631620832577,0.9861980078153694,-0.08556808832909957,2.207543862952965,11.525301395333242,0.2507298465651093,27,0,0.19230769230769232,0.1351771792913272
21,200,0.05,0.1,False,-0.08861715844277884,-0.1971733101953419,-0.48209708133783963,-0.4494378998607103,-0.08722591830483128,-0.24027407548415147,-0.16467626366212573,-2.939571368590511,-1.459069268034484,-0.16467626366212573,0.31254510701000693,-0.0852210962960418,1.2011406861460954,3.667461703664137,0.09271895672071162,38,7,0.21153846153846154,0.20662536605237491
21,200,0.05,0.1,True,0.020569048188946892,-0.08960744437741963,0.21536125076660795,0.22954619821888514,0.020227530186618825,-0.07943933322505647,-0.05275631620832577,-2.5627558768273944,-1.50577862395403,-0.05275631620832577,0.2556628390695499,-0.08522100428899981,1.075996222865045,2.999997960626597,0.07704864930088662,27,7,0.19230769230769232,0.13392776359678388
21,200,0.05,0.2,False,-0.03788046739237749,-0.1971733101953419,-0.1288762341709951,-0.19211762157286336,-0.037269526637754846,-0.24027407548415147,-0.16467626366212573,-2.939571368590511,-1.459069268034484,-0.16467626366212573,0.545589718395489,-0.08521773977462033,1.7040596221327335,6.402302147867776,0.15252378387202548,38,5,0.21153846153846154,0.20690290004706002
21,200,0.05,0.2,True,0.07767150448983462,-0.08960744437741963,0.5648420793312042,0.8667974522595271,0.0763471779856808,-0.07943933322505647,-0.05275631620832577,-2.5627558768273944,-1.50577862395403,-0.05275631620832577,0.47979801244831033,-0.08521765321619057,1.63238743771136,5.6302654947690245,0.13629385595607757,27,5,0.19230769230769232,0.13436153038420226
21,200,0.05,0.3,False,-0.012931962399144181,-0.1971733101953419,0.02803182297811503,-0.06558677939895788,-0.01272074010223645,-0.24027407548415147,-0.16467626366212573,-2.939571368590511,-1.459069268034484,-0.16467626366212573,0.6696877112946926,-0.08551385163736347,1.8220488772024634,7.831336075640952,0.18191213412188478,38,4,0.21153846153846154,0.20880522835040816
21,200,0.05,0.3,True,0.10587799148296084,-0.08960744437741963,0.6751200060799667,1.1815758413666049,0.1040499955001013,-0.07943933322505647,-0.05275631620832577,-2.5627558768273944,-1.50577862395403,-0.05275631620832577,0.5997549827206687,-0.08551362252118833,1.7587879991135118,7.013560705746773,0.16553956958652405,27,4,0.19230769230769232,0.1363721042100966
21,200,0.1,0.0,False,0.041386774151637606,-0.2638498268101763,0.2835853928593368,0.15685731028132469,0.04069278691339839,-0.3015939492226699,-0.20946196804692763,-2.7805448314799395,-1.4398506422660038,-0.20946196804692763,1.3239469204020473,-0.11268100384758561,2.2237686636731047,11.74951300747056,0.316436078783336,21,0,0.21153846153846154,0.18520115283414906
21,200,0.1,0.0,True,0.2188354776184247,-0.12913848235681058,0.9542615795625746,1.694579908518521,0.21487694697467563,-0.09725124102663385,-0.06479795110529829,-2.367809832850143,-1.5008382112051375,-0.06479795110529829,1.2311013746081776,-0.1126801597159548,2.1901455216223944,10.925626815861367,0.29905291419166224,15,0,0.19230769230769232,0.12460352756630858
21,200,0.1,0.1,False,-0.1126932818972457,-0.2638498268101763,-0.47682819142022786,-0.42711144918932076,-0.11094761450313972,-0.3015939492226699,-0.20946196804692763,-2.7805448314799395,-1.4398506422660038,-0.20946196804692763,0.433648318484966,-0.11240834414341339,1.3237732967828304,3.85779473747702,0.12461684265891937,21,10,0.21153846153846154,0.1903042546853579
21,200,0.1,0.1,True,0.037246510138829736,-0.12913848235681058,0.2971014250997577,0.2884230127152753,0.036623162621191696,-0.09725124102663385,-0.06479795110529829,-2.367809832850143,-1.5008382112051375,-0.06479795110529829,0.3713630960339416,-0.11240829734096347,1.216109665065674,3.303698257322599,0.1084483442335884,15,10,0.19230769230769232,0.12891308310337773
21,200,0.1,0.2,False,-0.06412250468710146,-0.2638498268101763,-0.18264669590258228,-0.24302651800955566,-0.06310242177134473,-0.3015939492226699,-0.20946196804692763,-2.7805448314799395,-1.4398506422660038,-0.20946196804692763,0.6837101434512864,-0.11240497174089004,1.6835017490767876,6.0825614104271,0.18513915885108356,21,7,0.21153846153846154,0.18897050301692042
21,200,0.1,0.2,True,0.09431214231922547,-0.12913848235681058,0.5601686854533586,0.7303178773515421,0.09269209402569589,-0.09725124102663385,-0.06479795110529829,-2.367809832850143,-1.5008382112051375,-0.06479795110529829,0.6118368379807699,-0.11240492909976185,1.6076198747839794,5.443149538733762,0.1684021600649066,15,7,0.19230769230769232,0.12773608718775148
21,200,0.1,0.3,False,-0.023121866478132636,-0.2638498268101763,0.023768761511045754,-0.0876326763510343,-0.02274613717012497,-0.3015939492226699,-0.20946196804692763,-2.7805448314799395,-1.4398506422660038,-0.20946196804692763,0.9162159280839823,-0.11266480587478733,1.9071890971835213,8.132228347353124,0.2361882962360582,21,6,0.21153846153846154,0.1907753438793814
21,200,0.1,0.3,True,0.14251603457648065,-0.12913848235681058,0.7277415853653666,1.1035907498332511,0.1400165146325114,-0.09725124102663385,-0.06479795110529829,-2.367809832850143,-1.5008382112051375,-0.06479795110529829,0.8356884465146981,-0.11266465157710648,1.8435617811674718,7.417485740350085,0.21900557850560332,15,6,0.19230769230769232,0.12964921624894307
21,200,0.15,0.0,False,-0.05759067387717509,-0.31116332227217824,-0.07086583797778362,-0.1850818195944053,-0.056671329093970435,-0.36575078320123366,-0.26630306807139204,-2.8107051802885463,-1.3734381126363182,-0.2578000992083088,1.086544154245947,-0.1276625192904769,1.9123777795242527,8.51106621022948,0.2709900255979527,12,0,0.21153846153846154,0.17915879776750673
21,200,0.15,0.0,True,0.1352117029238351,-0.16169897948569956,0.6356571382491972,0.8361939163369492,0.13284759392538525,-0.14393849422559124,-0.09675696086390684,-2.7826363447342626,-1.4876293440845814,-0.09675696086390684,1.003150077044173,-0.12766179426411617,1.866641567175962,7.8578723010016756,0.25420019290588414,8,0,0.19230769230769232,0.1253288182476433
21,200,0.15,0.1,False,-0.19616535777332833,-0.3144853303292299,-0.8416774341881017,-0.6237663218439023,-0.19327480265028518,-0.36575078320123366,-0.26630306807139204,-2.8107051802885463,-1.3734381126363182,-0.2578000992083088,0.29136235337646443,-0.12741000653460344,0.9476903899655282,2.286809029378183,0.08693789434516996,12,10,0.21153846153846154,0.18418903987115656
21,200,0.15,0.1,True,-0.032883822381662986,-0.1657417995538315,-0.08548633434092083,-0.19840391784199618,-0.032352107112678996,-0.14393849422559124,-0.09675696086390684,-2.7826363447342626,-1.4876293440845814,-0.09675696086390684,0.23523371122451198,-0.1274100831006808,0.8297371369209551,1.8462723318265777,0.07130401338362691,8,10,0.19230769230769232,0.1295656632564066
21,200,0.15,0.2,False,-0.15288976211121685,-0.3186419350498271,-0.5515755611830578,-0.4798168266437027,-0.15057609383986958,-0.36575078320123366,-0.26630306807139204,-2.8107051802885463,-1.3734381126363182,-0.2578000992083088,0.5126919644386478,-0.12741552606271145,1.3234189252170667,4.023779364112273,0.14446782498093214,12,7,0.21153846153846154,0.1831372073316627
21,200,0.15,0.2,True,0.019450275196633227,-0.16742578526434704,0.19570928788458541,0.11617251886215356,0.019127506294606134,-0.14393849422559124,-0.09675696086390684,-2.7826363447342626,-1.4876293440845814,-0.09675696086390684,0.44809147179089726,-0.12741559588614748,1.2348602604424368,3.5167709939628624,0.12829821226117688,8,7,0.19230769230769232,0.1286703838153135
21,200,0.15,0.3,False,-0.11597637008862627,-0.31248224388309287,-0.3390595116804011,-0.371145472611288,-0.11418318553823681,-0.36575078320123366,-0.26630306807139204,-2.8107051802885463,-1.3734381126363182,-0.2578000992083088,0.7204167280576239,-0.1276745584639145,1.5697249443950114,5.642602071431796,0.19350166109814682,12,6,0.21153846153846154,0.18497081143478353
21,200,0.15,0.3,True,0.0641180840201192,-0.16169897948569956,0.3867021861747937,0.396527450105458,0.06303155299261487,-0.14393849422559124,-0.09675696086390684,-2.7826363447342626,-1.4876293440845814,-0.09675696086390684,0.6480877435138419,-0.12767451472074387,1.4955406054557367,5.076093258951264,0.17690533658510255,8,6,0.19230769230769232,0.1306122336778158
21,200,0.2,0.0,False,0.01880360187967578,-0.2682110658596648,0.2109654269232706,0.0701074797917336,0.018491661286209604,-0.29908952642356323,-0.2519745723128963,-1.6781801709220272,-1.186982970853744,-0.20760690357881872,1.1596294619802685,-0.11202718071073037,1.9601464165912754,10.35132237215352,0.28533636384036587,3,0,0.21153846153846154,0.1977742417075263
21,200,0.2,0.0,True,0.16953691853033748,-0.14691370685359295,0.7407893715193742,1.153989795515062,0.1665299629148289,-0.11997474962640498,-0.09170644324293986,-1.7522006032529949,-1.3082477673742012,-0.08027981603099854,1.073294801946226,-0.1086571663674587,1.9155793066606825,9.877809608218007,0.2683531178806291,2,0,0.19230769230769232,0.13214740234746442
21,200,0.2,0.1,False,-0.1201132594497264,-0.2674101104393781,-0.37739586877391534,-0.44917246865636395,-0.11826048177565329,-0.28605202726536405,-0.2519745723128963,-1.59916894668755,-1.1352416422009086,-0.1979865189127089,0.3373432156771501,-0.10840079055919893,1.0292944652507798,3.1119995890890024,0.09940735289009228,3,11,0.21153846153846154,0.20041714897849425
21,200,0.2,0.1,True,-0.0034568406031578736,-0.15989229122796833,0.0813131050439253,-0.021619807788164358,-0.0034001125420308753,-0.11997474962640498,-0.09170644324293986,-1.7522006032529949,-1.3082477673742012,-0.08027981603099854,0.2792022722821086,-0.10840087051951564,0.9173455150634172,2.57564603442777,0.08359031891329982,2,10,0.19230769230769232,0.136246863216876
21,200,0.2,0.2,False,-0.08423196758801599,-0.28093642086229553,-0.1907235204645032,-0.2998257304249752,-0.08290639931018284,-0.29908952642356323,-0.2519745723128963,-1.6781801709220272,-1.186982970853744,-0.20760690357881872,0.5656188106381819,-0.11205949933360393,1.3878721053673662,5.047486504953235,0.15737202258808392,3,7,0.21153846153846154,0.20174882370805744
21,200,0.2,0.2,True,0.05026183968859077,-0.16174830590921463,0.33439209604468145,0.31074105788039297,0.04941553449520075,-0.11997474962640498,-0.09170644324293986,-1.7522006032529949,-1.3082477673742012,-0.08027981603099854,0.4987419429711739,-0.10840662628952424,1.302848807280251,4.600659203609672,0.14101609683774274,2,7,0.19230769230769232,0.13548483547746337
21,200,0.2,0.3,False,-0.044319306788142776,-0.27443587293825966,-0.017235807557473417,-0.1614923964335864,-0.043606892880973414,-0.29908952642356323,-0.2519745723128963,-1.6781801709220272,-1.186982970853744,-0.20760690357881872,0.7806534861513263,-0.1120645190417956,1.6260588549548438,6.966107496166327,0.20696799535299615,3,6,0.21153846153846154,0.20358169411280128
21,200,0.2,0.3,True,0.09628835568543748,-0.15417026062191952,0.5080841985980433,0.6245585581616864,0.09463291535712015,-0.11997474962640498,-0.09170644324293986,-1.7522006032529949,-1.3082477673742012,-0.08027981603099854,0.7057743098219469,-0.10867203590384555,1.554236182540909,6.494534715871389,0.19018037707217927,2,6,0.19230769230769232,0.13742600495079046
28,0,0.0,0.0,False,-0.7489630390788309,-0.8122362422830891,-2.4273153044084412,-0.9221000000856825,-0.7431941015228569,-0.8885725989074286,-0.7625892883738167,-4.210049750825886,-1.1652046684294044,-0.7623293333301479,0.4204852945206514,-0.25000702887267034,0.9117188231285338,1.6818938908105916,0.12123992651800664,0,0,1.0,0.8324655585885006
28,0,0.0,0.0,True,-0.6159834393427186,-0.7144014638034337,-2.1025979111729516,-0.8622370901415248,-0.6098940654315023,-0.777913401604739,-0.6333039867949215,-4.347806850395192,-1.2283412355284056,-0.6266583719849255,0.24082685826261874,-0.26677104993956846,0.6658579910564054,0.9027473495237701,0.07288312350017367,0,0,0.8846153846153846,0.6757620568734648
28,0,0.0,0.1,False,-0.7393257218332403,-0.7731239134292569,-2.716524142313826,-0.9562836034315614,-0.7335003974317789,-0.8532772273245646,-0.7154050779700099,-3.9759139315509424,-1.1927189973906425,-0.7154050779700099,-0.08423322289071145,-0.24384762184304343,0.02752097525810446,-0.345433850262971,-0.028280707856503273,0,50,1.0,0.8644074714186746
28,0,0.0,0.1,True,-0.627321055807943,-0.6775416975175841,-2.597875443271803,-0.9258781534868741,-0.6212249128792323,-0.7337322430030697,-0.5831953011431277,-4.201763720871675,-1.2581244080068426,-0.5795621998867542,-0.21259723642144424,-0.2655035621561932,-0.3271700364083687,-0.8007321434594362,-0.07496672185496023,0,40,0.8846153846153846,0.7004887152455536
28,0,0.0,0.2,False,-0.7562983427157877,-0.7996911728954533,-2.709259744986075,-0.9457380153108949,-0.7505764126275976,-0.8803492888345719,-0.7509858761036334,-4.289488234482687,-1.1722581167599573,-0.7509858761036334,0.12585718886266384,-0.24246809608501718,0.48546572735436877,0.519067006731204,0.03940539817103583,0,16,1.0,0.846174648710969
28,0,0.0,0.2,True,-0.6316380244097561,-0.6988835159012019,-2.4490082557299044,-0.903781545906497,-0.6255407846599509,-0.7657374897540211,-0.6166544988858844,-4.445992574695903,-1.2417609717232039,-0.613379531892537,-0.016825852884149506,-0.2594603313865599,0.20087425940933734,-0.06484942339444298,-0.005517088682718052,0,15,0.8846153846153846,0.6886731988057951
28,0,0.0,0.3,False,-0.7381671616030248,-0.7976072138502673,-2.478402412857437,-0.9254770378012139,-0.7323354596105143,-0.8789334802841908,-0.749060413691648,-4.2054563623735906,-1.1733812977146665,-0.749060413691648,0.365348685507604,-0.23432264286889326,0.8615066438702403,1.559169361673774,0.10686106578105203,0,12,1.0,0.840825402398652
28,0,0.0,0.3,True,-0.6086632680967617,-0.699105649808037,-2.1902817766772182,-0.8706313105378146,-0.6025811960646201,-0.7669237142171739,-0.6178618729573897,-4.378786300858257,-1.241254312304951,-0.6146625542781107,0.19214003354754805,-0.2515504634343635,0.598222808948809,0.7638230155663487,0.05897274311418643,0,11,0.8846153846153846,0.6832695694630674
28,0,0.05,0.0,False,-0.5804119017000426,-0.6874972728591704,-2.1505500987349997,-0.844238842266559,-0.5743787252946988,-0.7742170694862864,-0.6226012326385418,-4.46689934002106,-1.2435199753865038,-0.6226012326385418,0.5745538802056558,-0.1709820418344009,1.2323402009196474,3.360317107232356,0.15952136495982683,158,0,1.0,0.8747536347100352
28,0,0.05,0.0,True,-0.37093850083094204,-0.5349463856894088,-1.2736216530469144,-0.6934124816132693,-0.36612699011930083,-0.5803389328186961,-0.43483761506585994,-3.4603529505773594,-1.334610697675726,-0.4336614527696042,0.4973663345230013,-0.19011477946574762,1.1327169316852963,2.6161371352647005,0.14067455161390785,114,0,0.8846153846153846,0.632583019142868
28,0,0.05,0.1,False,-0.5675951551414326,-0.6249188422692482,-2.609662265186582,-0.9082701892622441,-0.5615945825707946,-0.7098953368747123,-0.5552829616444046,-4.294596255262832,-1.278438896760746,-0.5552829616444046,0.04216693378656755,-0.15631609216654296,0.2906305727206119,0.2697542729103148,0.01355669767135792,158,39,1.0,0.892993672033267
28,0,0.05,0.1,True,-0.3828298871233372,-0.46816427744275335,-1.7291322158142968,-0.8177255411593194,-0.3779142031717898,-0.4950470680563316,-0.36204882613573885,-3.106216740563786,-1.3673489107536263,-0.3607211827228838,-0.025135072005811998,-0.18019271030210726,0.08869593792391078,-0.13948994919756227,-0.008265122996573449,114,31,0.8846153846153846,0.6502041270898954
28,0,0.05,0.2,False,-0.591559033633848,-0.6693903360833131,-2.562910167932665,-0.8837280757519359,-0.5855027150148249,-0.7604802806438173,-0.6077200898308313,-4.7281417427362396,-1.2513660373734055,-0.6077200898308313,0.2893282809193223,-0.1629833870786742,0.8549055483499944,1.7752010564098766,0.08637941413355543,158,14,1.0,0.8829794835763141
28,0,0.05,0.2,True,-0.39427878494203406,-0.5132377535141932,-1.6284156175186246,-0.7682185931225158,-0.3892663315781295,-0.5619701685903392,-0.41875971595819095,-3.5752734608886505,-1.3419871758783177,-0.41755009386482633,0.2258145452370317,-0.18236030514797352,0.7309832385891061,1.2382878228559548,0.06863377852303887,114,13,0.8846153846153846,0.6395424074798638
28,0,0.05,0.3,False,-0.5698613361972262,-0.6664042187946402,-2.2681808016763165,-0.8551286443353614,-0.5638545401648147,-0.7581107639503095,-0.6051833222587799,-4.520623740337254,-1.2526960609567772,-0.6051833222587799,0.47772086667408775,-0.15626490918609992,1.155881930807667,3.057121839844143,0.13577360266861116,158,10,1.0,0.8793558667708699
28,0,0.05,0.3,True,-0.3686389718146902,-0.5138000859019803,-1.381695414883835,-0.7174754966565282,-0.3638480306571563,-0.5643965628774094,-0.4208699688075147,-3.4588477625084333,-1.3410236051685045,-0.41966473837202234,0.4047123040423286,-0.17879359986823562,1.0456338657572415,2.263572657749421,0.11716554118000833,114,9,0.8846153846153846,0.6359474008740796
28,0,0.1,0.0,False,-0.6476648042393444,-0.7417509638519729,-2.1366838570343516,-0.8731566736037234,-0.6415708466272286,-0.8355623792976903,-0.6933507750822966,-4.4270490148817965,-1.2051077309295775,-0.6933507750822966,0.7930393749141553,-0.19555986865589237,1.3782749306825075,4.055225544815585,0.20969874802575283,76,0,1.0,0.7753806566902418
28,0,0.1,0.0,True,-0.46614792130292626,-0.6116771412623763,-1.4718123030458488,-0.7620816438242117,-0.4606114913785496,-0.6808305628559184,-0.5275848809377476,-3.8471392116200764,-1.2904664016258136,-0.526591704854373,0.6052330643051067,-0.2072797401960791,1.178360022174251,2.9198852899592516,0.1668393071068659,57,0,0.8846153846153846,0.6177946176307588
28,0,0.1,0.1,False,-0.6382061515545326,-0.6876583451486715,-2.493636142311687,-0.9280860998153853,-0.6321088413900251,-0.7867888161155063,-0.6364966197662315,-4.2110095469778095,-1.2361241076260125,-0.6364966197662315,0.15274367529223754,-0.17993920917078154,0.549094810802753,0.8488626575393441,0.04743375897813085,76,49,1.0,0.8050832637998582
28,0,0.1,0.1,True,-0.4835312626673476,-0.5570702274659289,-1.9249123471934928,-0.8679897772797792,-0.47789106867190245,-0.6186247019885035,-0.46916460252947545,-3.607097929982718,-1.3185664448111005,-0.46804860729625164,0.015905194364324693,-0.19600397406944048,0.2425916110963372,0.08114730550662093,0.005157979627581799,57,39,0.8846153846153846,0.6413179016170999
28,0,0.1,0.2,False,-0.6584421143445737,-0.7248767266381245,-2.460861827832009,-0.9083504686353152,-0.6523570743002085,-0.8237419950133753,-0.6790906301138703,-4.555702266711779,-1.213007452150017,-0.6790906301138703,0.4201649331731012,-0.1876451674344397,0.9930968526401251,2.239146037799776,0.12115747682738909,76,16,1.0,0.7882008038488524
28,0,0.1,0.2,True,-0.4883293198861416,-0.5909043188409302,-1.7935059022009776,-0.8264101383520239,-0.48266215589600037,-0.6636398795312464,-0.5110751583175084,-3.9058387870537543,-1.2985171921014331,-0.5100472732229528,0.27109771307955444,-0.19953638709346155,0.7586256756287219,1.3586379759024805,0.08134726911789092,57,15,0.8846153846153846,0.6295513890132968
28,0,0.1,0.3,False,-0.6331250215909904,-0.7221143534889466,-2.181416388760391,-0.8767655961026145,-0.6270275960785796,-0.8217494028770383,-0.6767197313044778,-4.414927505970031,-1.214312757355241,-0.6767197313044778,0.7227273889344494,-0.17892303181979952,1.360517836859019,4.03932004495842,0.19402403710366545,76,12,1.0,0.7823810591220732
28,0,0.1,0.3,True,-0.45627153060566983,-0.591142527329622,-1.5247498792712724,-0.7718469057991696,-0.45079819387452835,-0.6652535144002535,-0.5126122796436929,-3.8089386363430435,-1.2977713192174378,-0.5115876260971486,0.5416703081574425,-0.1910006898199027,1.1463041285854374,2.8359599573603176,0.15157010537497362,57,11,0.8846153846153846,0.6236842027110625
28,0,0.15,0.0,False,-0.7751665878412652,-0.8276191313699959,-2.843905269564218,-0.9366223646354048,-0.769582641424727,-0.9053061066586194,-0.7863508166672291,-5.0611491244800035,-1.151275089273202,-0.7863508166672291,0.412424865576434,-0.23404301026065566,0.9065046502450782,1.762175529690517,0.11916163548891356,47,0,1.0,0.7932386001606405
28,0,0.15,0.0,True,-0.6190173274996744,-0.7100424632822956,-2.1707826821347362,-0.8718032505241425,-0.6129255965458438,-0.7798514567470375,-0.628794914086722,-4.493849862419654,-1.2402318137062447,-0.628794914086722,0.23300140997098828,-0.2512952697488383,0.6559694772028348,0.9272017344531229,0.07067242349706637,34,0,0.8846153846153846,0.6340185506883469
28,0,0.15,0.1,False,-0.7644496773234785,-0.7893888357173778,-3.2093906129326557,-0.9684070039181194,-0.7587842756009748,-0.8736345651283947,-0.7419219129218699,-4.8538231720235085,-1.1775289958586181,-0.7419219129218699,-0.08944187762545597,-0.22593993915652366,0.005638503987884781,-0.39586572413606613,-0.03008609301803622,47,49,1.0,0.8221426575350377
28,0,0.15,0.1,True,-0.6263510018447944,-0.6684358339455667,-2.65693524075381,-0.9370398324512934,-0.6202552187962396,-0.7318446406283645,-0.5776129447709928,-4.278277491632238,-1.2670156499323613,-0.5776129447709928,-0.2175872643945348,-0.24824673851450774,-0.3596181086186469,-0.8764959640419155,-0.07688206800358155,34,39,0.8846153846153846,0.6570453541694297
28,0,0.15,0.2,False,-0.7802731421321328,-0.8148888922062405,-3.176237846092173,-0.9575208959096392,-0.7747309619433475,-0.8972899425919424,-0.7746748909829333,-5.18530321280531,-1.1582793673013347,-0.7746748909829333,0.11940005144415511,-0.22635022713432684,0.47353344118557067,0.5275013546741331,0.03745807944745727,47,16,1.0,0.8054431734079339
28,0,0.15,0.2,True,-0.6320088622065492,-0.6921975104702511,-2.5138045470565067,-0.9130470026931876,-0.6259115668800366,-0.765349477353082,-0.612960344117675,-4.5614262632139715,-1.2486117327129267,-0.612960344117675,-0.023073166946261492,-0.24383643969223423,0.18197657419191093,-0.09462558990520042,-0.007581739300491774,34,15,0.8846153846153846,0.6454729239626141
28,0,0.15,0.3,False,-0.7639320504632054,-0.8129671100241007,-2.9058598743716324,-0.9396838335078013,-0.7582629218989034,-0.8960775488409138,-0.7729368329795017,-5.062544900793679,-1.1593153678376689,-0.7729368329795017,0.357484057107343,-0.21803381129292654,0.8558597087277338,1.6395808291727114,0.10477836565404353,47,12,1.0,0.8000257800207277
28,0,0.15,0.3,True,-0.6089773634605933,-0.6923612769040277,-2.2416389737771043,-0.8795658910673123,-0.6028949316448506,-0.7664631567179934,-0.6141641474255737,-4.474423709577397,-1.247977694449961,-0.6141641474255737,0.18453592439851496,-0.2357621162975424,0.5870589200001686,0.7827208514094873,0.05676577639839109,34,11,0.8846153846153846,0.6399557823265491
28,0,0.2,0.0,False,-0.7675215129057118,-0.8242242018447089,-2.6736903977538025,-0.9312047755791568,-0.7618786169292924,-0.901376491572649,-0.7805862147405174,-4.724152973785544,-1.1547430310081568,-0.7805862147405174,0.4397261702518227,-0.23947026299379937,0.9371775183841781,1.8362454058156215,0.1261690392683732,17,0,1.0,0.8155617607211941
28,0,0.2,0.0,True,-0.6199505146586173,-0.7145866948898502,-2.1206678607501726,-0.8675651521250048,-0.613858138367918,-0.7827824096161097,-0.637790170193507,-4.3737307205880995,-1.2273353309578472,-0.6320384208400556,0.2573079569051431,-0.256532858827037,0.6908193309772785,1.0030214378058626,0.07750850517754393,11,0,0.8846153846153846,0.666361329186999
28,0,0.2,0.1,False,-0.7585535174429268,-0.7889457491316951,-3.0171150563584805,-0.9614774124555234,-0.7528467685856051,-0.8701308280673482,-0.73725852536431,-4.532599276584232,-1.180224843975023,-0.73725852536431,-0.07141559623407046,-0.23807311467688208,0.0575242818765405,-0.2999733772164792,-0.02386723649154998,17,50,1.0,0.847421372714465
28,0,0.2,0.1,True,-0.6309999707838587,-0.6796891975100139,-2.616837601914754,-0.9283654545275632,-0.6249028410153912,-0.7394459831236444,-0.5878711727237802,-4.233030067413271,-1.2578367802890784,-0.5854918611965285,-0.2017851535968418,-0.25995791145756986,-0.2982351355105954,-0.7762223987161746,-0.07084456085435997,11,40,0.8846153846153846,0.6909259045394255
28,0,0.2,0.2,False,-0.7742391821009628,-0.8127183608320421,-2.991258898055412,-0.9526537351860918,-0.7686478580013202,-0.8940425748941945,-0.7700351921799332,-4.845423321507728,-1.1610411887321699,-0.7700351921799332,0.14105406394250952,-0.2330647087597456,0.5131093454332409,0.605214168602055,0.04395889357745886,17,16,1.0,0.8292829230579927
28,0,0.2,0.2,True,-0.6352723598918554,-0.699813699530621,-2.4679387426458,-0.9077735407551255,-0.629174841053328,-0.7707067803910006,-0.6209044505143495,-4.4749553803475255,-1.24126470627253,-0.6187694719626791,-0.0038126991745610628,-0.25131031755802113,0.22780127086171728,-0.01517127992041476,-0.0012446448923311149,11,15,0.8846153846153846,0.6792658076230365
28,0,0.2,0.3,False,-0.7574623752210342,-0.8104797126505887,-2.740040527770335,-0.9345852380978583,-0.7517482377592599,-0.8928024416526923,-0.7682763384582592,-4.741595275030615,-1.1620850427911475,-0.7682763384582592,0.3837947698446982,-0.22356455059406488,0.8885876779370824,1.716706735593201,0.11171440801275856,17,12,1.0,0.8238441189510243
28,0,0.2,0.3,True,-0.6125082527631684,-0.6991461699096233,-2.2077174627797933,-0.876080395094413,-0.606422062296925,-0.7718549774639294,-0.6220961161606917,-4.402286696938861,-1.2407326736380941,-0.6200205775986464,0.20793292931428375,-0.24109889905134174,0.6247432661091397,0.8624383194300886,0.0635262344342915,11,11,0.8846153846153846,0.6737937049937345
28,20,0.0,0.0,False,-0.5021316651040787,-0.5042068492281966,-2.185413832334738,-0.9958842603441536,-0.4963910437342536,-0.5677708735033509,-0.42261228075326673,-3.1381652165434613,-1.3434793529694702,-0.42261228075326673,-0.342514511267365,-0.14131677165108247,-0.9505949076477233,-2.4237357481746673,-0.1277802774836283,0,0,0.4423076923076923,0.57082603343162
28,20,0.0,0.0,True,-0.45559884799495187,-0.45866367505817296,-1.9732585026837952,-0.993317920668489,-0.4501299157354294,-0.5056870304832686,-0.3695738928280775,-2.860574479766655,-1.3682974915073605,-0.3695738928280775,-0.342514511267365,-0.14131677165108258,-0.9505949076477223,-2.4237357481746655,-0.1277802774836283,0,0,0.4423076923076923,0.5001838448782285
28,20,0.0,0.1,False,-0.4909484048445295,-0.49001835206949784,-2.2893026540060992,-1.0018979958017975,-0.4852668287904729,-0.5222854466399215,-0.3835167609466098,-2.9416886685756247,-1.3618321278861394,-0.3835167609466098,-0.42493603544167446,-0.1727566694050291,-1.451446771638229,-2.4597373687808792,-0.1650492039331034,0,22,0.4423076923076923,0.5703702984371068
28,20,0.0,0.1,True,-0.45146643632671013,-0.4511386262558036,-2.12279170769316,-1.000726628250893,-0.44602485872145003,-0.46556062603339554,-0.3365176200943878,-2.733731425421729,-1.3834658223923408,-0.3365176200943878,-0.42493603544167446,-0.1727566694050291,-1.451446771638228,-2.4597373687808792,-0.1650492039331034,0,20,0.4423076923076923,0.5033823022793011
28,20,0.0,0.2,False,-0.5188978184916007,-0.5175731952649627,-2.399560836201122,-1.0025592964217551,-0.5130764023231653,-0.5815761121132376,-0.43475524880312955,-3.370975756464614,-1.3377092368966268,-0.43475524880312955,-0.3671246480956327,-0.14651696682980475,-1.1195307119374673,-2.5056800999851956,-0.1385614874869615,0,6,0.4423076923076923,0.5771466584499892
28,20,0.0,0.2,True,-0.4739320348606363,-0.47325784327023324,-2.1911382003922792,-1.0014245756303675,-0.468347978417615,-0.5214752040999195,-0.3828323045002727,-3.1131185413630984,-1.3621504715507833,-0.3828323045002727,-0.3671246480956327,-0.14651696682980475,-1.1195307119374653,-2.5056800999851956,-0.1385614874869615,0,6,0.4423076923076923,0.5065044698975243
28,20,0.0,0.3,False,-0.5093586146689131,-0.5114127320846921,-2.2629949563693894,-0.9959834449028954,-0.5035820160365174,-0.575674073113454,-0.4295471982433765,-3.2738102461817067,-1.3401881690013577,-0.4295471982433765,-0.3471329792610707,-0.14350974101489733,-0.9759519279705893,-2.4188809540464282,-0.12978254741700268,0,4,0.4423076923076923,0.5742062662575795
28,20,0.0,0.3,True,-0.4635012579142398,-0.46653148472241945,-2.0523336947654465,-0.9935047753315457,-0.4579814451734884,-0.514725417366517,-0.3771458464574796,-3.0073392138680175,-1.3647914253897224,-0.3771458464574796,-0.3471329792610689,-0.14350974101489677,-0.9759519279705826,-2.418880954046425,-0.1297825474170019,0,4,0.4423076923076923,0.5035640777051257
28,20,0.05,0.0,False,-0.35049174125498395,-0.3458678761354279,-1.8703504170598195,-1.0133688770730056,-0.3458678761354279,-0.3446412980686102,-0.2892643774045546,-1.9445207676022735,-1.1914405125198237,-0.2417166834716169,-0.3643936205344176,-0.1373512912569962,-1.7635513028746017,-2.653004694747321,-0.1373512912569962,68,0,0.4423076923076923,0.42862936238961197
28,20,0.05,0.0,True,-0.30042652177821016,-0.2977671396406555,-1.599069122808017,-1.0089310799733107,-0.2963057192850832,-0.2673112481134138,-0.22820730055618732,-1.5158261903269337,-1.171352745779483,-0.1842632191030633,-0.36439362053441837,-0.13735129125699652,-1.7635513028746042,-2.6530046947473207,-0.13735129125699652,62,0,0.4423076923076923,0.3744846230754787
28,20,0.05,0.1,False,-0.3288777234997481,-0.32446360697235166,-1.9002630099966555,-1.0136043501722292,-0.32446360697235166,-0.27502942601036173,-0.24041594546780554,-1.6181554632937853,-1.1439733145619966,-0.1899001538450097,-0.4271682426253849,-0.16610724439218927,-2.40680611238997,-2.5716412561562625,-0.16610724439218927,68,17,0.4423076923076923,0.4338998699093768
28,20,0.05,0.1,True,-0.2876603679931399,-0.2851649873659017,-1.680585657551948,-1.0087506557178996,-0.2836773406075248,-0.20712867310038596,-0.1747905057468232,-1.2461160928503583,-1.1850110062637111,-0.14098946827957604,-0.42716824262538466,-0.16610724439218916,-2.4068061123899676,-2.571641256156263,-0.16610724439218916,62,15,0.4423076923076923,0.3834117877849661
28,20,0.05,0.2,False,-0.3645737358966037,-0.35981949224509213,-2.0940560453901873,-1.0132128574298394,-0.35981949224509213,-0.3655814741911805,-0.2892643774045546,-2.210120523809643,-1.2638316458852852,-0.2576703734999063,-0.36496940476676953,-0.13760614570483254,-1.9089968712932635,-2.6522754699461966,-0.13760614570483254,68,4,0.4423076923076923,0.4319451455867871
28,20,0.05,0.2,True,-0.3155939809068149,-0.31274466929617795,-1.8204327109859604,-1.0091106640348155,-0.31131441875328514,-0.2907222922588081,-0.22820730055618732,-1.7851386085314225,-1.2739394907623862,-0.20142568524032967,-0.3649694047667681,-0.13760614570483187,-1.9089968712932532,-2.6522754699461992,-0.13760614570483187,62,4,0.4423076923076923,0.3778004062753718
28,20,0.05,0.3,False,-0.3640453960659704,-0.3592959529853159,-2.018207360503254,-1.0132187491709617,-0.3592959529853159,-0.35662810371642706,-0.2892643774045546,-2.0974390383163897,-1.2328794403109653,-0.2508271614304506,-0.3810437191103403,-0.14478473587212892,-1.9082831971207157,-2.6317948284746726,-0.14478473587212892,68,2,0.4423076923076923,0.42937370188519614
28,20,0.05,0.3,True,-0.3150249157310543,-0.31218263227503174,-1.7478306495482867,-1.0091045534317826,-0.310751212074053,-0.2807124551779018,-0.22820730055618732,-1.6699560101735038,-1.2300765772775402,-0.1940639779987705,-0.3810437191103411,-0.14478473587212926,-1.9082831971207224,-2.6317948284746717,-0.14478473587212926,62,2,0.4423076923076923,0.3752289625738138
28,20,0.1,0.0,False,-0.4168345001497603,-0.42319912106954616,-1.8793066571190302,-0.9849606943802232,-0.4116417865270541,-0.4674912699789793,-0.36016903555925683,-2.6738531322889902,-1.2979774045624897,-0.3380880165919167,-0.3032363126530758,-0.12858371900053156,-0.9027251099894312,-2.35827922080728,-0.11112318824690304,32,0,0.4423076923076923,0.4928408876546887
28,20,0.1,0.0,True,-0.3624029927954763,-0.37160716345781886,-1.597554716158442,-0.9752314498550098,-0.3576685184561982,-0.391109107147143,-0.29480453693211783,-2.2240674993914338,-1.3266726191435798,-0.27736726501284636,-0.3032363126530758,-0.12858371900053156,-0.9027251099894313,-2.35827922080728,-0.11112318824690304,30,0,0.4423076923076923,0.43019592839110143
28,20,0.1,0.1,False,-0.4044959074148141,-0.4018813810997488,-1.9847656410209575,-1.0065057164577036,-0.39940007289165425,-0.4119389785012434,-0.3169562760970598,-2.4321975820070048,-1.2996713097900532,-0.2936514678263147,-0.3919159095557261,-0.15322451784584623,-1.463835629251748,-2.557788499292384,-0.14971165118714624,32,22,0.4423076923076923,0.49239976171844596
28,20,0.1,0.1,True,-0.35838269200857864,-0.35770564247435477,-1.7419509940416562,-1.0018927560928044,-0.35368514881573987,-0.3422253402028538,-0.2465045105195416,-2.0412149436316307,-1.3883126904313743,-0.23988744278735052,-0.3919159095557243,-0.15322451784584556,-1.463835629251738,-2.557788499292383,-0.14971165118714547,30,20,0.4423076923076923,0.43340899485044226
28,20,0.1,0.2,False,-0.43652733370294117,-0.4335388352941397,-2.1163565643189286,-1.0068932657596266,-0.4311888587290632,-0.48449811797808073,-0.36016903555925683,-2.93621889350021,-1.3451964776088272,-0.35200754682146584,-0.32951468157035246,-0.12582135497527236,-1.0922509405471426,-2.618909020929809,-0.12219480569441354,32,6,0.4423076923076923,0.49910445552465543
28,20,0.1,0.2,True,-0.3839339162454043,-0.3828717134732942,-1.8300957213029663,-1.0027743046423412,-0.3790087488785392,-0.4105553890158057,-0.29480453693211783,-2.490542174754915,-1.3926359251056601,-0.29256370872501614,-0.32951468157035224,-0.12582135497527214,-1.0922509405471421,-2.6189090209298116,-0.12219480569441343,30,6,0.4423076923076923,0.43645949626199343
28,20,0.1,0.3,False,-0.4252380665424381,-0.4301261794247939,-1.9652781096009808,-0.988635630388988,-0.41998180293552156,-0.4772269208816502,-0.36016903555925683,-2.826034938759161,-1.3250081871714217,-0.3460372120640308,-0.307910184180049,-0.1285837190005319,-0.9307623805895431,-2.3946280802375557,-0.1130715573356611,32,4,0.4423076923076923,0.4960676004298427
28,20,0.1,0.3,True,-0.3715909313526189,-0.37915381258271896,-1.682404063852185,-0.9800532634009843,-0.36677360949178106,-0.4022412235533549,-0.29480453693211783,-2.3779585083265156,-1.3644336269016633,-0.28604568300233724,-0.30791018418004856,-0.1285837190005319,-0.9307623805895421,-2.394628080237552,-0.11307155733566088,30,4,0.4423076923076923,0.43342264116719187
28,20,0.15,0.0,False,-0.5120607038892004,-0.5068013541145431,-2.3293749860887214,-1.010377536942154,-0.5062710995638857,-0.5582847033129463,-0.4143458654496873,-3.153909034471606,-1.3473881360129971,-0.4143458654496873,-0.4076792400514395,-0.15786704679519858,-1.2797914398537649,-2.5824214003339345,-0.15696164116519395,18,0,0.4423076923076923,0.5205269275348033
28,20,0.15,0.0,True,-0.4540828859228895,-0.44921609575851196,-2.0244500438230113,-1.0108339621182982,-0.4486239293483053,-0.47713951617414174,-0.3459656196264047,-2.6916806147141084,-1.3791529825691546,-0.3459656196264047,-0.40767924005144074,-0.15786704679519892,-1.2797914398537666,-2.5824214003339367,-0.1569616411651945,16,0,0.4423076923076923,0.4575650911028631
28,20,0.15,0.1,False,-0.5012192178331458,-0.4960251018691756,-2.4549720136273345,-1.0104714780449562,-0.49548326132592535,-0.511964487543844,-0.37482773870525465,-2.9602699742007186,-1.3658660624005383,-0.37482773870525465,-0.48195534976261545,-0.1938623490954614,-1.831192656521181,-2.4860698944965933,-0.19299564310609452,18,22,0.4423076923076923,0.520062514762687
28,20,0.15,0.1,True,-0.4500698894560904,-0.44523411912009636,-2.1889926598335525,-1.010861185449019,-0.44463767146489064,-0.4348850395671694,-0.3118223913032464,-2.5560100033745483,-1.3946562264165465,-0.3118223913032464,-0.48195534976261545,-0.19386234909546163,-1.8311926565211836,-2.48606989449659,-0.19299564310609452,16,20,0.4423076923076923,0.4607548707263308
28,20,0.15,0.2,False,-0.5284958823488286,-0.5231451791023816,-2.559222600881262,-1.0102279509784031,-0.5226324962207352,-0.5723925653412159,-0.42666236618357634,-3.397711921255942,-1.3415585969326798,-0.42666236618357634,-0.4298635652846734,-0.16828271375902382,-1.4721448140737012,-2.554413080717406,-0.16738850613788125,18,6,0.4423076923076923,0.5268728038794017
28,20,0.15,0.2,True,-0.4724709216167611,-0.46746820535257394,-2.2534359185320674,-1.0107017251802484,-0.4668956622575199,-0.4938390591156431,-0.35972017961265035,-2.9466415177366723,-1.3728422454570468,-0.35972017961265035,-0.42986356528467384,-0.16828271375902382,-1.4721448140737006,-2.5544130807174086,-0.16738850613788148,16,6,0.4423076923076923,0.4639109674483869
28,20,0.15,0.3,False,-0.519144641551796,-0.5138447885523524,-2.4119160348260524,-1.0103141125832467,-0.5133221065593949,-0.5663610355262972,-0.4213797903726929,-3.2959270109631245,-1.344063119461364,-0.4213797903726929,-0.41184495050093983,-0.15980257281234056,-1.3077437151518543,-2.5772110126448204,-0.15889924799882582,18,4,0.4423076923076923,0.5239059582994032
28,20,0.15,0.3,True,-0.46200854970012606,-0.45708191280991317,-2.107087843892885,-1.010778455134937,-0.4564982031197914,-0.48669950877520396,-0.35382081684377065,-2.8396404750888684,-1.3755536294239743,-0.35382081684377065,-0.41184495050094105,-0.15980257281234111,-1.307743715151859,-2.577211012644819,-0.15889924799882638,16,4,0.4423076923076923,0.4609441218683996
28,20,0.2,0.0,False,-0.5116582124160047,-0.5106169434530035,-2.2697301944028045,-1.002039236998208,-0.5058705298790076,-0.5742764027052478,-0.42831754307214387,-3.2430062249912055,-1.3407725459625157,-0.42831754307214387,-0.3605578475207035,-0.1439599892974247,-1.0292921240173663,-2.5045698411089945,-0.13565745435608234,4,0,0.4423076923076923,0.557132922359413
28,20,0.2,0.0,True,-0.46576841905357635,-0.4654191354170759,-2.040680487998577,-1.000750471155827,-0.46023435871075113,-0.5127881658437518,-0.3755188333496483,-2.9178542603884123,-1.3655458003787815,-0.3755188333496483,-0.3605578475207025,-0.14395998929742426,-1.0292921240173636,-2.504569841108995,-0.1356574543560819,4,0,0.4423076923076923,0.4866220782967401
28,20,0.2,0.1,False,-0.5006102314968679,-0.49954021127275017,-2.3810949553838983,-1.0021420101925158,-0.49487740360897803,-0.5294755754371248,-0.3896083268045444,-3.0531971848542754,-1.3589945055325983,-0.3896083268045444,-0.44045148777648746,-0.1801005637785037,-1.5362416608918428,-2.445586390935321,-0.17246152171988272,4,22,0.4423076923076923,0.5567142323617553
28,20,0.2,0.1,True,-0.4616283494308754,-0.4611409996913881,-2.1946382733804306,-1.0010568345469464,-0.45612042474625336,-0.47323819646635557,-0.34277427632839763,-2.794955942308302,-1.380611758663494,-0.34277427632839763,-0.44045148777648746,-0.18010056377850348,-1.5362416608918437,-2.445586390935324,-0.17246152171988272,4,20,0.4423076923076923,0.4898575806946675
28,20,0.2,0.2,False,-0.5281037377085804,-0.5266541517141687,-2.4897235738773174,-1.0027524438755369,-0.5222420041122753,-0.5878738519450142,-0.44034051987424727,-3.483804552507285,-1.335043734137616,-0.44034051987424727,-0.38449336014662316,-0.1542252653712347,-1.202514382665399,-2.493063372081815,-0.1463416365601906,4,6,0.4423076923076923,0.5634532958798508
28,20,0.2,0.2,True,-0.4837593409841645,-0.48293748743680054,-2.2616983201160457,-1.0017017803934127,-0.4781178484073334,-0.528349525902807,-0.3886522127074975,-3.1720819123315986,-1.359440416464184,-0.3886522127074975,-0.38449336014662217,-0.15422526537123415,-1.2025143826653941,-2.4930633720818176,-0.14634163656019017,4,6,0.4423076923076923,0.49294245181810414
28,20,0.2,0.3,False,-0.5187470744978009,-0.5206096571780054,-2.349124755072269,-0.9964223047833941,-0.5129263426559275,-0.5820606457955073,-0.4351839314631748,-3.3833662319894193,-1.3375049116324305,-0.4351839314631748,-0.3650503725251847,-0.15124521144755798,-1.0551042417740522,-2.4136325972327426,-0.1376419962593256,4,4,0.4423076923076923,0.5605129124658499
28,20,0.2,0.3,True,-0.47352342608548104,-0.4763347432845775,-2.1206931775311713,-0.994098021950465,-0.46794182312697796,-0.5216967050395319,-0.3830193787671735,-3.0656499183388766,-1.3620634723984981,-0.3830193787671735,-0.36505037252518246,-0.1512452114475572,-1.0551042417740424,-2.4136325972327404,-0.1376419962593246,4,4,0.4423076923076923,0.4900020684041145
28,50,0.0,0.0,False,-0.30341118593971605,-0.4714766730736487,-0.8505295129365805,-0.6435338231300377,-0.29925871618284705,-0.5663357532628015,-0.42135770107444004,-2.8985913658678455,-1.3440735788587108,-0.42135770107444004,0.7990048351119379,-0.11863124634267896,1.486265003871547,6.7351971739715815,0.21100943556720608,0,0,0.4423076923076923,0.4879461286264045
28,50,0.0,0.0,True,-0.26689438253001174,-0.444237239202789,-0.7371073517584096,-0.600792457221664,-0.2631433833514193,-0.5317420949552114,-0.3915351978215956,-2.8427544090920747,-1.3580952566044944,-0.3915351978215956,0.7990048351119337,-0.11863124634267863,1.4862650038715433,6.735197173971565,0.2110094355672052,0,0,0.4423076923076923,0.4405511029826805
28,50,0.0,0.1,False,-0.353581938630841,-0.4457311320406878,-1.2715415285478697,-0.7932628286744056,-0.3489290332007171,-0.5282768098257626,-0.38994109478387917,-2.8063388763994404,-1.3547605443292778,-0.38859049752882346,0.21261649120333215,-0.1201890329569999,0.6928160086682421,1.7690174051021783,0.06486890401245615,0,24,0.4423076923076923,0.4965229049980712
28,50,0.0,0.1,True,-0.32959011827355467,-0.4255036920864764,-1.2082344986857763,-0.7745881514150788,-0.3251689058543087,-0.5017346066101424,-0.36767765805285035,-2.8407110832219593,-1.3646045540738907,-0.366277772218807,0.21261649120333304,-0.12018903295700012,0.6928160086682436,1.7690174051021825,0.06486890401245637,0,22,0.4423076923076923,0.45278207174993107
28,50,0.0,0.2,False,-0.3595008556207604,-0.4776708002099592,-1.2218566060807183,-0.7526121660832995,-0.3547929994947495,-0.5625028583006553,-0.41928527752262057,-2.990104243219356,-1.3415755058804995,-0.4180139949999685,0.3720516099354507,-0.1289705617892638,0.9737907007002661,2.884779323078224,0.10862975219690307,0,8,0.4423076923076923,0.49153950874015295
28,50,0.0,0.2,True,-0.32592440295808167,-0.4507506039340201,-1.112880300951442,-0.7230703633306497,-0.3215398344425312,-0.5276034476501494,-0.38935596413998286,-2.9494413276530778,-1.355067075485874,-0.3880191612997883,0.3720516099354514,-0.1289705617892638,0.9737907007002691,2.8847793230782295,0.1086297521969033,0,8,0.4423076923076923,0.44414448309735416
28,50,0.0,0.3,False,-0.3488601318625001,-0.4822683541731041,-1.114373199897928,-0.7233734679951261,-0.34425169653323207,-0.5742651740275245,-0.4283076698520425,-3.0173329563870412,-1.3407772366670496,-0.4283076698520425,0.5231036505497766,-0.12109200430063283,1.187401198361993,4.319885970762174,0.1470300874896402,0,6,0.4423076923076923,0.49218928781672144
28,50,0.0,0.3,True,-0.31472586774890776,-0.4555851101017614,-1.0046335121437941,-0.6908168435939649,-0.31045524585881634,-0.5403040503919317,-0.39884335933131165,-2.973716897216497,-1.3546773131632144,-0.39884335933131165,0.5231036505497766,-0.12109200430063305,1.1874011983619928,4.319885970762166,0.1470300874896402,0,6,0.4423076923076923,0.4447942621739339
28,50,0.05,0.0,False,-0.12590780254056766,-0.2989814526357577,-0.346664998217105,-0.42112245234810025,-0.12397208293208639,-0.3381238695469283,-0.23678731882933035,-1.7826171309711565,-1.4279644333091945,-0.23678731882933035,0.5263078540464543,-0.10857460874588942,1.3251085294466771,4.847430353428559,0.14781624923238956,67,0,0.4423076923076923,0.4110357930928147
28,50,0.05,0.0,True,-0.08257992648209767,-0.2663443880087728,-0.18281631746289592,-0.3100494329896587,-0.081279187147823,-0.2882341163024651,-0.20125470461654382,-1.542453224765962,-1.4321857312684718,-0.19959243174455998,0.5263078540464543,-0.10857460874588942,1.3251085294466778,4.847430353428559,0.14781624923238956,61,0,0.4423076923076923,0.36430725971931377
28,50,0.05,0.1,False,-0.1776823618464598,-0.2552771265566415,-0.7454187415116823,-0.6960371430185118,-0.17503368673021735,-0.27443528540386586,-0.216716911434095,-1.5470145667502262,-1.2663307334338945,-0.1894654924920306,0.05562433092517538,-0.10828873446405463,0.3322946144103767,0.5136668297073813,0.017805294689037465,67,19,0.4423076923076923,0.4169114546831586
28,50,0.05,0.1,True,-0.1494743904803535,-0.23175662584369106,-0.6223470498850147,-0.6449627489018024,-0.1472078018875974,-0.23672949240055474,-0.17042779671929764,-1.3832266296771185,-1.3890309970412809,-0.1621263884533538,0.055624330925176046,-0.10828873446405407,0.33229461441037994,0.5136668297073901,0.017805294689037687,61,17,0.4423076923076923,0.3738395784993803
28,50,0.05,0.2,False,-0.18786078458129718,-0.29547294504941957,-0.7354959462218345,-0.6357969070565035,-0.18507806464799104,-0.33305820158132515,-0.23572201909541024,-1.8705817007950722,-1.412927832789848,-0.23296753760963984,0.2041345270418622,-0.10857460874588931,0.7612982312584741,1.880131362201117,0.0624347407832091,67,6,0.4423076923076923,0.4135435157619278
28,50,0.05,0.2,True,-0.1476038558773458,-0.26267253610963515,-0.5591535201834696,-0.561931057062389,-0.14536314622325408,-0.28278661717713294,-0.1972570872306143,-1.6261414796728269,-1.4335942051426807,-0.19558649489688018,0.20413452704186308,-0.10857460874588931,0.7612982312584746,1.8801313622011253,0.06243474078320932,61,6,0.4423076923076923,0.366814982391145
28,50,0.05,0.3,False,-0.18897381045465422,-0.30740391681012225,-0.6898207190578078,-0.614741062559004,-0.1861765575745693,-0.35022988197724203,-0.2459570212412706,-1.9197857796521773,-1.4239474856612666,-0.2459570212412706,0.2636586893813406,-0.10857460874588931,0.8786914759613708,2.428364167522942,0.07927991553625913,67,4,0.4423076923076923,0.41220548866561246
28,50,0.05,0.3,True,-0.1487720533331539,-0.2751589737702419,-0.5209112399187122,-0.5406767269650409,-0.14651517379837575,-0.30125263477746467,-0.2108513175131842,-1.6834578960824527,-1.4287443793592982,-0.20920901620081167,0.2636586893813455,-0.1085746087458892,0.8786914759613816,2.4283641675229894,0.07927991553626046,61,4,0.4423076923076923,0.3654769552948625
28,50,0.1,0.0,False,-0.20035628789183257,-0.3962048424265241,-0.529610725960846,-0.5056886399085052,-0.1974118410274095,-0.47056158978467977,-0.34363335873885836,-2.51095817663156,-1.3693710980553537,-0.3405894864350535,0.8270379811858766,-0.12321382171417017,1.5785274699487866,6.712217587929612,0.2171297582648295,34,0,0.4423076923076923,0.4319818802226851
28,50,0.1,0.0,True,-0.15869804010471344,-0.36661121341965475,-0.3856658432180338,-0.43287830348782597,-0.15630481994316003,-0.4285941954585979,-0.3114630595399891,-2.3174464726610102,-1.3760675056990834,-0.30681574883220875,0.8270379811858726,-0.1232138217141705,1.5785274699487801,6.712217587929562,0.2171297582648286,32,0,0.4423076923076923,0.39212000732793373
28,50,0.1,0.1,False,-0.25867299050693515,-0.36063033271461686,-0.9584383868137365,-0.7172801815082893,-0.25501650983518653,-0.4242934970053014,-0.3048808766860067,-2.4120481143231713,-1.3916697617026217,-0.30340393434638413,0.2287332422043613,-0.12305397119274375,0.7557675878829274,1.8588042302681025,0.06946267269797968,34,24,0.4423076923076923,0.4407269942978983
28,50,0.1,0.1,True,-0.23139700736242708,-0.33888920833338887,-0.8522697447255376,-0.6828101977646505,-0.22806462919544312,-0.3921837097723183,-0.2812440479576367,-2.300862042907609,-1.3944604787916872,-0.27820260537269426,0.2287332422043622,-0.12305397119274375,0.7557675878829272,1.8588042302681098,0.0694626726979799,32,22,0.4423076923076923,0.4045193137987305
28,50,0.1,0.2,False,-0.2651874190207284,-0.39307079369104836,-0.9149227512719325,-0.674655617453899,-0.26145592152660013,-0.4663589723989914,-0.33855680222464535,-2.621848976095718,-1.3774910719104216,-0.337166761591577,0.39339490119455656,-0.12314502352305068,1.056443044643191,3.1945659673443454,0.11422305895035034,34,8,0.4423076923076923,0.43575962276478586
28,50,0.1,0.2,True,-0.2269066145653359,-0.3633235565019588,-0.7636206165037939,-0.6245304233779088,-0.2236291150035974,-0.42405844602419374,-0.3061376872985503,-2.430646431738645,-1.3851886377211875,-0.3032177186067391,0.393394901194555,-0.12314502352305046,1.0564430446431885,3.1945659673443387,0.1142230589503499,32,8,0.4423076923076923,0.39589774987095966
28,50,0.1,0.3,False,-0.25244892885600234,-0.4034560870874927,-0.8033638605299196,-0.6257159996727395,-0.2488649902748611,-0.480241107225426,-0.3515159577352214,-2.645669178048988,-1.3662000164076948,-0.3485086406480328,0.5473312025355825,-0.12313144378576935,1.2773524545314,4.4450969281888595,0.15294700220166613,34,6,0.4423076923076923,0.43607236031114355
28,50,0.1,0.3,True,-0.21350449987515052,-0.37421786113592936,-0.6560893265507939,-0.5705353005520974,-0.21039330048274496,-0.4390409865176136,-0.31973200597021234,-2.4573902697029415,-1.3731530729473376,-0.3151405068841643,0.5473312025355799,-0.12313144378576968,1.2773524545313952,4.445096928188826,0.15294700220166546,32,6,0.4423076923076923,0.3962104874173286
28,50,0.15,0.0,False,-0.32919526058336457,-0.4801095350942097,-0.9897766931705798,-0.6856669916350819,-0.3247779796695117,-0.5676964812729637,-0.4225938498469557,-3.024863398052414,-1.3433619099723235,-0.4225472118886938,0.61568641655088,-0.13110545597760803,1.2691820203516115,4.696115901202733,0.16931121337028965,18,0,0.4423076923076923,0.46666200404717656
28,50,0.15,0.0,True,-0.27790930385815005,-0.44103897872641673,-0.8058541655531677,-0.630124132476149,-0.2740340214957877,-0.5171089597751835,-0.37920090256381445,-2.8095572278148717,-1.3636807198478673,-0.37915075969230605,0.6156864165508809,-0.13110545597760814,1.2691820203516129,4.696115901202735,0.16931121337028987,16,0,0.4423076923076923,0.4264809761710222
28,50,0.15,0.1,False,-0.37758641534344883,-0.4523036605192412,-1.452937492643765,-0.8348073391888593,-0.3727162103275339,-0.5298401920247715,-0.38991808727219135,-2.952658815688086,-1.358849997781468,-0.38991808727219135,0.0890293174672181,-0.1309742472040173,0.4153844798031228,0.6797467392848459,0.028196012020327066,18,24,0.4423076923076923,0.4752741817875451
28,50,0.15,0.1,True,-0.33974520573345424,-0.419568487810303,-1.3076220733224728,-0.8097491008120258,-0.33522418835800083,-0.4862546836607936,-0.3534542014651808,-2.818149991317938,-1.3757218945060274,-0.3534542014651808,0.08902931746721965,-0.1309742472040173,0.4153844798031253,0.6797467392848577,0.02819601202032751,16,22,0.4423076923076923,0.43874734630697493
28,50,0.15,0.2,False,-0.38334000803327617,-0.48536964625567547,-1.390083753292643,-0.7897898251168065,-0.3784199382295639,-0.564012447867152,-0.41932970513169965,-3.134689848871333,-1.345033373416776,-0.41932970513169965,0.23222531276566905,-0.13986452868137655,0.7193217209825975,1.6603588840934667,0.07045266007866702,18,8,0.4423076923076923,0.47036603257373033
28,50,0.15,0.2,True,-0.3361936541019055,-0.44669439521226273,-1.2023785076749578,-0.752625637808039,-0.33170725453797023,-0.5129938262004055,-0.3756914524245125,-2.9275147631189604,-1.3654657908499557,-0.3756914524245125,0.23222531276566993,-0.13986452868137655,0.7193217209825988,1.660358884093473,0.07045266007866724,16,8,0.4423076923076923,0.4301850046985015
28,50,0.15,0.3,False,-0.37296330920445353,-0.48979555264403496,-1.2700739003295611,-0.761467324868728,-0.3681337997136259,-0.57560072833471,-0.42952871339981447,-3.1520071899301905,-1.340075087829876,-0.4294826355808521,0.3678885231999025,-0.13208650288990775,0.9489038103735488,2.7852090497583424,0.10753193450945409,18,6,0.4423076923076923,0.47090471682817286
28,50,0.15,0.3,True,-0.325023611256132,-0.4514529151741411,-1.0850850296151255,-0.7199501882289521,-0.32064809712398024,-0.5259381501935771,-0.3866569316220404,-2.9453994243002213,-1.3602191172087534,-0.38660739098514885,0.36788852319990495,-0.1320865028899073,0.9489038103735536,2.7852090497583704,0.10753193450945475,16,6,0.4423076923076923,0.4307236889529553
28,50,0.2,0.0,False,-0.32015886103748215,-0.48401327784673653,-0.925752619456273,-0.6614671036749138,-0.31583258278269044,-0.5757500883364146,-0.4296606968832748,-3.0120968138878044,-1.3400110657382927,-0.42961411566341423,0.746993745422412,-0.12204789106648439,1.424629784410812,6.120496953245136,0.19948167723866939,5,0,0.4423076923076923,0.49209303570818286
28,50,0.2,0.0,True,-0.28417290712637655,-0.4571610698018441,-0.80664896373805,-0.6216034695376641,-0.28022816694037933,-0.5415735582990073,-0.399979953240185,-2.918359876637224,-1.354001754117403,-0.3999309479102593,0.7469937454224131,-0.12204789106648406,1.4246297844108133,6.120496953245162,0.1994816772386696,5,0,0.4423076923076923,0.444476040538157
28,50,0.2,0.1,False,-0.36899351513294565,-0.45706386313431224,-1.3626459991037176,-0.8073128175187055,-0.3641993936350222,-0.5384773194366037,-0.39728021475556397,-2.9359206719512896,-1.3554093544978438,-0.39728021475556397,0.1780846623130552,-0.12575255871801372,0.6184242294487553,1.4161514018366057,0.05488590540814209,5,24,0.4423076923076923,0.5005909160469512
28,50,0.2,0.1,True,-0.3452562123675762,-0.43698147950345145,-1.2897704401159384,-0.7900934674849286,-0.3406820942276446,-0.5121537784867228,-0.37498652471116156,-2.9291100343973073,-1.3657924878266392,-0.37498652471116156,0.17808466231305298,-0.12575255871801383,0.6184242294487513,1.4161514018365868,0.05488590540814142,5,22,0.4423076923076923,0.4566281132725096
28,50,0.2,0.2,False,-0.37485350749466706,-0.49001523818696857,-1.308235500220384,-0.7649833684389202,-0.3700072919250682,-0.5719421329802858,-0.4262669805440388,-3.116411965181151,-1.3417462742488846,-0.4262669805440388,0.3323188448351062,-0.13732259326777874,0.9032509492701779,2.419986667358409,0.09805900429492187,5,8,0.4423076923076923,0.49576567442084435
28,50,0.2,0.2,True,-0.341762699100041,-0.4634753751697278,-1.1906929164255546,-0.7373912777456303,-0.33722215514033616,-0.5374588434178282,-0.3964096261974174,-3.0345563204145427,-1.355816831628015,-0.3964096261974174,0.332318844835108,-0.13732259326777851,0.9032509492701805,2.419986667358426,0.09805900429492231,5,8,0.4423076923076923,0.44814867925174406
28,50,0.2,0.3,False,-0.3645229484347122,-0.4945492042746963,-1.195474459099751,-0.7370812555836986,-0.35976916593452934,-0.5835073756323725,-0.43651094414423963,-3.1345333287410857,-1.3367531409236781,-0.4364649224033973,0.47901410948136647,-0.12951959378066114,1.1205522524431046,3.698391073497091,0.13609757319094395,5,6,0.4423076923076923,0.4963331895151393
28,50,0.2,0.3,True,-0.33088531372968555,-0.46824529112934554,-1.0782350048476406,-0.7066495274979361,-0.32645123193450853,-0.5499557535903802,-0.40718669080655023,-3.0503448128441795,-1.3506231073049928,-0.4071382740712117,0.4790141094813709,-0.12951959378066047,1.1205522524431124,3.6983910734971444,0.13609757319094506,5,6,0.4423076923076923,0.44871619434605
28,100,0.0,0.0,False,-0.19708460174855114,-0.3922243247902839,-0.5114970574165744,-0.5024792938426986,-0.19418219552182436,-0.4516972947665058,-0.3252980264527726,-2.3293770165874386,-1.3885645101879647,-0.3252980264527726,0.724088284928283,-0.11863124634267863,1.4445588714790358,6.103689434709968,0.1943314768172537,0,0,0.3269230769230769,0.32559904427353675
28,100,0.0,0.0,True,-0.08277224853689258,-0.30721184261838963,-0.14425822489970694,-0.269430526608019,-0.08146861626685009,-0.3303429835521401,-0.2309242437611011,-2.1066325763248055,-1.430525345333126,-0.2309242437611011,0.724088284928281,-0.11863124634267874,1.444558871479032,6.103689434709945,0.19433147681725327,0,0,0.3076923076923077,0.2706112830414163
28,100,0.0,0.1,False,-0.2901349775516775,-0.3922648443582768,-1.0899041550322448,-0.7396405304337736,-0.2861249508774223,-0.4434102416718644,-0.32014321350709785,-2.4518084515753418,-1.3850371426412686,-0.318638092113381,0.15370300316998664,-0.11849879843087119,0.5785473921722678,1.2970849089212713,0.04771787336454536,0,16,0.3269230769230769,0.3351288264621987
28,100,0.0,0.1,True,-0.18907035560591456,-0.3072580298515958,-0.735556350481035,-0.6153471585339354,-0.18627184328875113,-0.3202217800681285,-0.22504840254542824,-2.3444241870583062,-1.4229018133265292,-0.22333275264445296,0.15370300316998597,-0.1184987984308713,0.5785473921722657,1.2970849089212644,0.04771787336454514,0,16,0.3076923076923077,0.2801410652300783
28,100,0.0,0.2,False,-0.26173573963953445,-0.39934726451999725,-0.8889583122270626,-0.6554088706583041,-0.25804387355693126,-0.44685118007878244,-0.32288156249567757,-2.421310040391798,-1.3839476513458846,-0.3213992359727811,0.31491481336653027,-0.11858469921760983,0.9032764481799203,2.6556108456171335,0.0933617611036297,0,8,0.3269230769230769,0.32919242438636476
28,100,0.0,0.2,True,-0.156627872636789,-0.3153311018973751,-0.5239445824360207,-0.496709242108835,-0.1542629317648717,-0.3244242917926988,-0.22816977746621836,-2.275420505802708,-1.421854793370833,-0.22648011086335362,0.31491481336653115,-0.11858469921760995,0.903276448179921,2.6556108456171383,0.09336176110362993,0,8,0.3076923076923077,0.27420466315424424
28,100,0.0,0.3,False,-0.24947082699350076,-0.4046342240949582,-0.7820243566404832,-0.6165341736762133,-0.24592189672245535,-0.4617228453842074,-0.3334017507391035,-2.4577113772720693,-1.3848842855822878,-0.3334017507391035,0.45967654416058124,-0.11856683794251754,1.130731616148918,3.876940231664416,0.13123324898264155,0,6,0.3269230769230769,0.32984220346292215
28,100,0.0,0.3,True,-0.1426167847031009,-0.3213575737215796,-0.42032347565650735,-0.44379468967071056,-0.14044539622088725,-0.3425874613758231,-0.24016147460999693,-2.295435192812095,-1.4264879990937671,-0.24016147460999693,0.4596765441605821,-0.11856683794251743,1.1307316161489194,3.876940231664427,0.13123324898264177,0,6,0.3076923076923077,0.27485444223080163
28,100,0.05,0.0,False,-0.020725449165139298,-0.21609118863406607,0.03329007989517005,-0.09591066297588036,-0.020388253956900138,-0.2563374650035005,-0.17628372687483762,-1.7267622699974414,-1.4541187070857735,-0.17628372687483762,0.7017258976685172,-0.072269429222093,1.684515632527235,9.709858030177957,0.18925870230349262,52,0,0.3269230769230769,0.31356473748559593
28,100,0.05,0.0,True,0.10172108648897638,-0.15130979035168368,0.5299061716100351,0.672270355094339,0.09996805525633912,-0.11236639232599144,-0.10821268189191358,-0.7872851316783885,-1.0383846917150314,-0.07508092803879052,0.7017258976685192,-0.0722694292220929,1.6845156325272386,9.709858030178,0.18925870230349306,41,0,0.3076923076923077,0.26295052700667704
28,100,0.05,0.1,False,-0.12073947074458069,-0.20458336206772176,-0.5923231716725448,-0.5901724828659975,-0.1188776997349128,-0.23960067776657346,-0.16419152447379182,-1.893664403642374,-1.4592755535613435,-0.16419152447379182,0.17578994007344728,-0.07064707400891546,0.7554345099350894,2.4882833795956376,0.05421556022191609,52,13,0.3269230769230769,0.31795717666586465
28,100,0.05,0.1,True,-0.010798488766702863,-0.12022401962553841,0.023738886298527297,-0.08981972820686665,-0.010621925491961615,-0.09238940795894146,-0.07554835303311891,-0.8301538379143723,-1.2229175653695556,-0.06150306271350159,0.17578994007344728,-0.07064707400891546,0.7554345099350905,2.4882833795956376,0.05421556022191609,41,13,0.3076923076923077,0.26734296618694575
28,100,0.05,0.2,False,-0.09013343477973501,-0.2121678259531118,-0.3663919848289819,-0.42482140906536003,-0.0887195665581555,-0.25064584492303266,-0.17216113297256586,-1.901442605343474,-1.455879388078687,-0.17216113297256586,0.3425252995399992,-0.07128078381838854,1.1827642613372962,4.80529647952099,0.1007944537733878,52,6,0.3269230769230769,0.3160724601520077
28,100,0.05,0.2,True,0.023634464859594306,-0.12873147704587673,0.2172213964199044,0.1835950724869844,0.023241473180617422,-0.10557288985977042,-0.08448782535240751,-0.8872508956731534,-1.2495633473747836,-0.07045182715713016,0.3425252995399992,-0.07128078381838876,1.1827642613372957,4.805296479520975,0.1007944537733878,41,6,0.3076923076923077,0.26545824967308884
28,100,0.05,0.3,False,-0.09138039466858083,-0.2255095469740176,-0.3311701050502294,-0.4052174105032873,-0.08994794815430907,-0.26993938760135994,-0.18618035632746965,-1.9315020602154072,-1.4498811417385402,-0.18618035632746965,0.4088905536540868,-0.07226950524351516,1.27227207984006,5.657857380873339,0.11824783159434671,52,4,0.3269230769230769,0.3147344330556597
28,100,0.05,0.3,True,0.022231587594607083,-0.15131692598305035,0.2084270113684814,0.14692069277892505,0.02186217110416644,-0.12860161066584996,-0.10822017987585053,-0.9880821164673785,-1.188332996797648,-0.08619346961107743,0.40889055365408855,-0.07226950524351461,1.2722720798400642,5.657857380873407,0.11824783159434715,41,4,0.3076923076923077,0.2641202225767408
28,100,0.1,0.0,False,-0.11500038481703967,-0.33286745431095954,-0.27841235945621556,-0.34548401571758386,-0.11322130540586994,-0.37946130687932944,-0.2717226170991135,-2.3736085736660875,-1.3965024734798472,-0.2683452617980576,0.8036041973680672,-0.1232138217141705,1.6122636168963802,6.522029640735076,0.21201797554596347,30,0,0.3269230769230769,0.2838201188439654
28,100,0.1,0.0,True,0.034607257814983416,-0.2373481859174782,0.25888007245468275,0.14580797270983042,0.03402880098618932,-0.21537989215790365,-0.16744870144062463,-1.4494443752876898,-1.2862440276031335,-0.1468535765565675,0.8036041973680732,-0.12321382171417061,1.6122636168963898,6.522029640735119,0.2120179755459648,24,0,0.3076923076923077,0.2514993457689848
28,100,0.1,0.1,False,-0.21843007055900843,-0.32650766874236015,-0.9276222045637236,-0.6689890972556809,-0.21525731793028424,-0.3704043456330067,-0.2629364481423504,-2.6200434321234813,-1.4087219487823712,-0.2613703851033402,0.20412002484779146,-0.12305397119274375,0.7303148791787224,1.658784538762029,0.062430569047123186,30,16,0.3269230769230769,0.2934838417822187
28,100,0.1,0.1,True,-0.08630703605173407,-0.21632144116737184,-0.30631907956125976,-0.39897587398632733,-0.084950349427796,-0.20392811003925027,-0.14234969682691756,-1.6784495295344797,-1.432585489010248,-0.1387205176213091,0.2041200248477899,-0.12305397119274353,0.7303148791787195,1.6587845387620195,0.06243056904712274,24,16,0.3076923076923077,0.26116306870723816
28,100,0.1,0.2,False,-0.186751747622647,-0.32940464762243993,-0.6944914939173292,-0.5669371970631691,-0.18398353316660065,-0.37453554658588184,-0.2660898791465224,-2.5515650189098085,-1.4075527704668687,-0.26454754732961416,0.3755230697254419,-0.12314502352305057,1.0733069726457916,3.049437638502303,0.10954347064924486,30,8,0.3269230769230769,0.2875978613851457
28,100,0.1,0.2,True,-0.04927354782971871,-0.21969237818972842,-0.09803121827936777,-0.22428428439681966,-0.04848353492421498,-0.2091516736511525,-0.1460190426383433,-1.6128695415572267,-1.432358888759288,-0.14242524944154822,0.3755230697254419,-0.12314502352305046,1.073306972645791,3.049437638502306,0.10954347064924486,24,8,0.3076923076923077,0.2552770883101651
28,100,0.1,0.3,False,-0.17265352021979674,-0.3408793458440217,-0.5739123335830084,-0.5064945187344936,-0.17007182832137424,-0.3908063755172385,-0.2804688241842076,-2.55614132241427,-1.3934039786916315,-0.27713202904544265,0.5274849676635358,-0.12313144378576946,1.3036827069785533,4.283917669164034,0.14810477850152082,30,6,0.3269230769230769,0.28791059893149235
28,100,0.1,0.3,True,-0.032792039653808946,-0.23735566683518217,-0.007232004302951388,-0.13815570570126506,-0.03226178358030474,-0.2297247977646535,-0.1674568680084576,-1.6500166301104842,-1.3718445859924417,-0.15709939150086594,0.5274849676635349,-0.12313144378576957,1.3036827069785517,4.2839176691640235,0.1481047785015206,24,6,0.3076923076923077,0.25558982585651174
28,100,0.15,0.0,False,-0.25544149705256847,-0.4239371673458623,-0.7947350492488747,-0.602545652347039,-0.251822574256067,-0.4930160120504046,-0.35909041040938816,-2.9607290744952626,-1.372957889597586,-0.3590386431833532,0.6070673419561539,-0.13110545597760814,1.301557866821847,4.630374361077974,0.16727384231052222,18,0,0.3269230769230769,0.3038942345160936
28,100,0.15,0.0,True,-0.08705354085909311,-0.2960192594726683,-0.17285476384449056,-0.29408066560997137,-0.08568567808075622,-0.31134895915291627,-0.21677292490426003,-2.077137936101202,-1.4362908065683329,-0.216709662482084,0.6070673419561547,-0.13110545597760837,1.3015578668218493,4.6303743610779735,0.16727384231052245,13,0,0.3076923076923077,0.26710237251218544
28,100,0.15,0.1,False,-0.34182685893656417,-0.4213684386692831,-1.4755012778496808,-0.8112303332828679,-0.33728569564708644,-0.48544499976685795,-0.3527871583870229,-3.1873853307032656,-1.3760279767164982,-0.3527871583870229,0.07529765074834471,-0.13097424720401685,0.3829646318016949,0.5749042453441596,0.023951105020264984,18,16,0.3269230769230769,0.31350914090319393
28,100,0.15,0.1,True,-0.19297565435508135,-0.2928801305210229,-0.79862525304651,-0.6588895395935013,-0.1901263537748087,-0.3010650337957943,-0.20907000123881547,-2.361491209705806,-1.4400202420810013,-0.20907000123881547,0.07529765074834338,-0.1309742472040173,0.3829646318016909,0.5749042453441475,0.02395110502026454,13,16,0.3076923076923077,0.27671727889928577
28,100,0.15,0.2,False,-0.3155393612090802,-0.42976561533842417,-1.2369264720928446,-0.7342126730185357,-0.31126036102864096,-0.48869556156592453,-0.35546727330168326,-3.125757135401945,-1.374797620683272,-0.35546727330168326,0.22565185780594588,-0.13105846434935065,0.7290075792415532,1.7217648545342803,0.06858753705106113,18,8,0.3269230769230769,0.30759826304172655
28,100,0.15,0.2,True,-0.16074302538774266,-0.3031419462723436,-0.5731715114882299,-0.5302566252026721,-0.15832195102805968,-0.3054803660734814,-0.2123452503529225,-2.2778629685579674,-1.4386023024568069,-0.2123452503529225,0.22565185780594432,-0.13105846434935065,0.7290075792415505,1.7217648545342685,0.06858753705106069,13,8,0.3076923076923077,0.2708064010378183
28,100,0.15,0.3,False,-0.30402176317781826,-0.4346697256133599,-1.102242248145508,-0.6994316495100157,-0.2998628407989645,-0.5022857184580263,-0.36678797399246366,-3.125467149958109,-1.3694170858184862,-0.3667368285101502,0.36059135643663165,-0.13104131912814865,0.9702774376566303,2.7517378399098695,0.10560220572097112,18,6,0.3269230769230769,0.3081369472961579
28,100,0.15,0.3,True,-0.14662062896244676,-0.3091350411003343,-0.46075777402439827,-0.47429313881909263,-0.1443935489916104,-0.32394026995895064,-0.22617977465101957,-2.2814358042209144,-1.4322247444926013,-0.22611727203416465,0.36059135643663076,-0.13104131912814865,0.9702774376566291,2.751737839909863,0.1056022057209709,13,6,0.3076923076923077,0.27134508529224977
28,100,0.2,0.0,False,-0.23685300299274348,-0.4218852282482448,-0.6764631132551212,-0.561415729050781,-0.2334545187635868,-0.484503537634819,-0.3520649263535033,-2.6486069889636936,-1.3761766690395512,-0.35201200766815954,0.6742431101572619,-0.11863124665287217,1.3797362981101198,5.68352039770913,0.18296247817484002,6,0,0.3269230769230769,0.32637207935484375
28,100,0.2,0.0,True,-0.10439033723578783,-0.3233220922043617,-0.22435880239068157,-0.3228679380492379,-0.10276571743440865,-0.3444029883896311,-0.24159808493737367,-2.210579647408147,-1.4255203574105575,-0.24153614411345514,0.674243110157259,-0.11863124665287228,1.3797362981101158,5.6835203977091,0.18296247817483935,5,0,0.3076923076923077,0.27453622059689375
28,100,0.2,0.1,False,-0.32515569817329537,-0.41998528976009863,-1.2934041027723535,-0.7742073498789178,-0.3207788551338149,-0.4766669161663948,-0.34557858859601465,-2.8113999307581787,-1.379330004509116,-0.34557858859601465,0.12084886092083158,-0.11849879843000988,0.49819718691523296,1.0198319520700434,0.03789566329896621,6,16,0.3269230769230769,0.33582296551060675
28,100,0.2,0.1,True,-0.20802010628678624,-0.32109823205769294,-0.833486741694024,-0.647839463187734,-0.2049780325696844,-0.3344365463460751,-0.23400588754429585,-2.473043452573997,-1.4291800512188753,-0.23400588754429585,0.12084886092083025,-0.11849879843000977,0.49819718691522863,1.0198319520700332,0.037895663298965765,5,16,0.3076923076923077,0.28398710675265676
28,100,0.2,0.2,False,-0.2982497805710338,-0.42860986239862353,-1.0794722608617968,-0.6958537512458127,-0.29415220393041763,-0.47987657729829836,-0.3482094883130228,-2.770019340503458,-1.3781260804326891,-0.3482094883130228,0.2768366528745163,-0.12335309066943456,0.8277836571637845,2.2442619911031803,0.08293659299012024,6,8,0.3269230769230769,0.3300447180665845
28,100,0.2,0.2,True,-0.17644401428272705,-0.33119321328604845,-0.6161647630518884,-0.5327525058019049,-0.1738117875465326,-0.3385185224603312,-0.2370853309405111,-2.398413293038288,-1.4278341098432257,-0.2370853309405111,0.276836652874513,-0.12335309066943523,0.8277836571637782,2.2442619911031407,0.08293659299011935,5,8,0.3076923076923077,0.2782088593086345
28,100,0.2,0.3,False,-0.2866533432965791,-0.43368974654495585,-0.9610035215138549,-0.6609640776159436,-0.28268134311851834,-0.4939292417991714,-0.35984716306734366,-2.7882689292335145,-1.3726084084946224,-0.35979487997922577,0.4174230383554256,-0.11856683793196643,1.059731588303807,3.520571566519659,0.12045129670035304,6,6,0.3269230769230769,0.33061223316086813
28,100,0.2,0.3,True,-0.16283473413438054,-0.3371391699437002,-0.5066261753893305,-0.4829896631755152,-0.16038525275778936,-0.3563903906971474,-0.2507071198813089,-2.4018339473404287,-1.4215407638437698,-0.2506459230179706,0.4174230383554238,-0.11856683793196687,1.0597315883038032,3.520571566519631,0.1204512967003526,5,6,0.3076923076923077,0.2787763744029182
28,200,0.0,0.0,False,-0.06327154799431955,-0.29272746927542415,-0.07637620552599327,-0.21614489460429842,-0.06226454739317677,-0.30884361286313844,-0.254870417467855,-2.0111836655278577,-1.2117672028456998,-0.2148448979124511,0.724088284928279,-0.11863124634267874,1.4445588714790294,6.103689434709928,0.19433147681725282,0,0,0.21153846153846154,0.2007296692873357
28,200,0.0,0.0,True,0.07009198433084984,-0.19379788742247084,0.38730182340887953,0.36167568833220776,0.06890098242040632,-0.15587189395344436,-0.10502150938121757,-2.6480472580198136,-1.4841901899128584,-0.10502150938121757,0.724088284928279,-0.11863124634267863,1.4445588714790298,6.103689434709934,0.19433147681725282,0,0,0.19230769230769232,0.14574190805521522
28,200,0.0,0.1,False,-0.18005912593849804,-0.29968735755995357,-0.6621076227471546,-0.6008232292631048,-0.17737896617951066,-0.30884361286313844,-0.254870417467855,-2.0111836655278577,-1.2117672028456998,-0.2148448979124511,0.15370300316998664,-0.11849879843087108,0.5785473921722686,1.2970849089212726,0.04771787336454536,0,10,0.21153846153846154,0.2094273679250399
28,200,0.0,0.1,True,-0.06332282842506964,-0.20173128847304345,-0.20069725943951522,-0.31389691160145056,-0.062315039101878966,-0.15587189395344436,-0.10502150938121757,-2.6480472580198136,-1.4841901899128584,-0.10502150938121757,0.1537030031699853,-0.11849879843087141,0.5785473921722641,1.2970849089212577,0.047717873364544916,0,10,0.19230769230769232,0.15443960669291942
28,200,0.0,0.2,False,-0.14372831460497715,-0.3050323771429607,-0.4539304330846056,-0.47119035674568877,-0.14154143484205772,-0.30884361286313844,-0.254870417467855,-2.0111836655278577,-1.2117672028456998,-0.2148448979124511,0.3149148133665287,-0.11858469921760983,0.9032764481799161,2.65561084561712,0.09336176110362926,0,6,0.21153846153846154,0.20648528250918147
28,200,0.0,0.2,True,-0.021819541203468185,-0.2078239414355071,0.016720870792657046,-0.1049905080846488,-0.021464741347179794,-0.15587189395344436,-0.10502150938121757,-2.6480472580198136,-1.4841901899128584,-0.10502150938121757,0.3149148133665294,-0.11858469921760972,0.9032764481799198,2.6556108456171286,0.09336176110362948,0,6,0.19230769230769232,0.15149752127706095
28,200,0.0,0.3,False,-0.11356474243948111,-0.2987463182232253,-0.2994674738883847,-0.38013771388012474,-0.11180644291020425,-0.30884361286313844,-0.254870417467855,-2.0111836655278577,-1.2117672028456998,-0.2148448979124511,0.4596765441605821,-0.11856683794251732,1.1307316161489196,3.8769402316644306,0.13123324898264177,0,5,0.21153846153846154,0.2046779184857452
28,200,0.0,0.3,True,0.012638467116840912,-0.2006586214764733,0.17161979053271803,0.0629849194808843,0.012429425712265907,-0.15587189395344436,-0.10502150938121757,-2.6480472580198136,-1.4841901899128584,-0.10502150938121757,0.45967654416058124,-0.11856683794251732,1.130731616148918,3.876940231664423,0.13123324898264155,0,5,0.19230769230769232,0.1496901572536247
28,200,0.05,0.0,False,0.004289492212257606,-0.19640000876015695,0.125813204817876,0.02184059073793586,0.004218831482435181,-0.22762093197954214,-0.15559261451074624,-2.754868676132425,-1.4629288973341414,-0.15559261451074624,0.7017258976685172,-0.07226942922209312,1.6845156325272366,9.70985803017794,0.18925870230349262,39,0,0.21153846153846154,0.19299224382525063
28,200,0.05,0.0,True,0.12986384621786717,-0.09954266747242435,0.6959306428353274,1.304604844488847,0.1275983976093804,-0.07809041551069307,-0.05381678671857759,-2.498031271333231,-1.451041956834933,-0.05184768005033835,0.7017258976685172,-0.07226942922209312,1.6845156325272341,9.70985803017794,0.18925870230349262,28,0,0.19230769230769232,0.14237803334633167
28,200,0.05,0.1,False,-0.11154154635317592,-0.19640000876015695,-0.6247403686580136,-0.5679304550815478,-0.109812595050923,-0.22762093197954214,-0.15559261451074624,-2.754868676132425,-1.4629288973341414,-0.15559261451074624,0.17578994007344662,-0.07064707400891557,0.7554345099350878,2.4882833795956243,0.05421556022191587,39,7,0.21153846153846154,0.19631121471345317
28,200,0.05,0.1,True,-0.0004504742642298387,-0.09954266747242435,0.07206954900123372,-0.004525438946616843,-0.00044307084855821355,-0.07809041551069307,-0.05381678671857759,-2.498031271333231,-1.451041956834933,-0.05184768005033835,0.17578994007344662,-0.07064707400891523,0.7554345099350883,2.488283379595636,0.05421556022191587,28,7,0.19230769230769232,0.1456970042345342
28,200,0.05,0.2,False,-0.07161577318167167,-0.19640000876015695,-0.3237473892065852,-0.36464241337753006,-0.07048103332814237,-0.22762093197954214,-0.15559261451074624,-2.754868676132425,-1.4629288973341414,-0.15559261451074624,0.3425252995399992,-0.07128078381838865,1.1827642613372957,4.805296479520983,0.1007944537733878,39,4,0.21153846153846154,0.1951658218984424
28,200,0.05,0.2,True,0.04446753791113123,-0.09954266747242435,0.34522674651717994,0.44671836751260235,0.04372081513295756,-0.07809041551069307,-0.05381678671857759,-2.498031271333231,-1.451041956834933,-0.05184768005033835,0.3425252995399968,-0.07128078381838876,1.1827642613372888,4.805296479520941,0.10079445377338714,28,4,0.19230769230769232,0.1445516114195234
28,200,0.05,0.3,False,-0.05664801810770437,-0.19640000876015695,-0.20846940684273133,-0.2884318512270676,-0.05574327219439046,-0.22762093197954214,-0.15559261451074624,-2.754868676132425,-1.4629288973341414,-0.15559261451074624,0.4088905536540861,-0.07226950524351483,1.2722720798400602,5.657857380873356,0.11824783159434649,39,3,0.21153846153846154,0.1938710619944835
28,200,0.05,0.3,True,0.06130683121078229,-0.09954266747242435,0.42141751967543917,0.6158849543364479,0.06026927580485797,-0.07809041551069307,-0.05381678671857759,-2.498031271333231,-1.451041956834933,-0.05184768005033835,0.4088905536540852,-0.07226950524351505,1.2722720798400564,5.657857380873327,0.11824783159434626,28,3,0.19230769230769232,0.14325685151556458
28,200,0.1,0.0,False,-0.04367379644295666,-0.2800178359644656,-0.042278495855632245,-0.15596790930310198,-0.04297152390450831,-0.3028379277692995,-0.21287345572670346,-3.0200849514768255,-1.4226194935177663,-0.2103842555104103,0.8036041973680692,-0.12321382171417039,1.612263616896385,6.522029640735099,0.2120179755459639,23,0,0.21153846153846154,0.16312926608997683
28,200,0.1,0.0,True,0.11799148165077766,-0.16222567279578937,0.5760648109450052,0.7273292791289948,0.1159435986445172,-0.11849593528779334,-0.08119974058556167,-3.2432577820126687,-1.45931421003657,-0.07926811222265051,0.8036041973680712,-0.12321382171417061,1.6122636168963858,6.522029640735103,0.21201797554596435,17,0,0.19230769230769232,0.13080849301499622
28,200,0.1,0.1,False,-0.16354723358231227,-0.2800178359644656,-0.7338901464117387,-0.5840600582423846,-0.16108809525335777,-0.3028379277692995,-0.21287345572670346,-3.0200849514768255,-1.4226194935177663,-0.2103842555104103,0.2041200248477899,-0.12305397119274353,0.7303148791787186,1.6587845387620195,0.06243056904712274,23,10,0.21153846153846154,0.1717437607598398
28,200,0.1,0.1,True,-0.022146351130048925,-0.16222567279578937,-0.020607531243650095,-0.1365156990775861,-0.021786296528878757,-0.11849593528779334,-0.08119974058556167,-3.2432577820126687,-1.45931421003657,-0.07926811222265051,0.2041200248477908,-0.12305397119274375,0.7303148791787207,1.6587845387620237,0.062430569047122964,17,10,0.19230769230769232,0.1394229876848592
28,200,0.1,0.2,False,-0.1258214951576686,-0.2800178359644656,-0.4789732688700534,-0.4493338601960891,-0.12388700637973371,-0.3028379277692995,-0.21287345572670346,-3.0200849514768255,-1.4226194935177663,-0.2103842555104103,0.3755230697254395,-0.12314502352305068,1.0733069726457865,3.0494376385022806,0.10954347064924419,23,6,0.21153846153846154,0.16872521264395207
28,200,0.1,0.2,True,0.02195685762953592,-0.16222567279578937,0.20797848913048117,0.13534761330393952,0.02159205430191169,-0.11849593528779334,-0.08119974058556167,-3.2432577820126687,-1.45931421003657,-0.07926811222265051,0.3755230697254437,-0.12314502352305046,1.0733069726457947,3.0494376385023205,0.1095434706492453,17,6,0.19230769230769232,0.13640443956897147
28,200,0.1,0.3,False,-0.09492347359171305,-0.2800178359644656,-0.296432918199576,-0.33899081201298503,-0.0934383905714663,-0.3028379277692995,-0.21287345572670346,-3.0200849514768255,-1.4226194935177663,-0.2103842555104103,0.5274849676635349,-0.12313144378576957,1.3036827069785515,4.2839176691640235,0.1481047785015206,23,5,0.21153846153846154,0.1669248576373315
28,200,0.1,0.3,True,0.058078135894332084,-0.16222567279578937,0.36461520136563047,0.35800829112566657,0.05709668007590141,-0.11849593528779334,-0.08119974058556167,-3.2432577820126687,-1.45931421003657,-0.07926811222265051,0.5274849676635376,-0.12313144378576957,1.3036827069785573,4.283917669164045,0.14810477850152126,17,5,0.19230769230769232,0.13460408456235087
28,200,0.15,0.0,False,-0.1530704177864527,-0.3461191334688011,-0.4544491440504741,-0.4422477782501739,-0.1507542654496392,-0.3847749609701271,-0.2828893735570982,-3.2025355715140162,-1.3601605324791897,-0.27245372613734864,0.6070673419561547,-0.13110545597760848,1.3015578668218482,4.63037436107797,0.16727384231052245,14,0,0.21153846153846154,0.1791960885542096
28,200,0.15,0.0,True,0.03846958991499916,-0.20092130485762916,0.2731129698573262,0.191465956993751,0.03782540238520293,-0.16432200315322176,-0.11089809026225361,-3.531433308306508,-1.4817387996910534,-0.11089809026225361,0.6070673419561567,-0.13110545597760803,1.3015578668218515,4.630374361078001,0.1672738423105229,9,0,0.19230769230769232,0.14240422655030144
28,200,0.15,0.1,False,-0.2586848065082594,-0.34954746055976527,-1.1568713863089735,-0.7400563176571262,-0.25502818892496204,-0.3847749609701271,-0.2828893735570982,-3.2025355715140162,-1.3601605324791897,-0.27245372613734864,0.07529765074834338,-0.13097424720401718,0.38296463180169166,0.574904245344148,0.02395110502026454,14,10,0.21153846153846154,0.1879075178064584
28,200,0.15,0.1,True,-0.09103035110536761,-0.20511091076076848,-0.36308975619082945,-0.4438103793100555,-0.08960311704840707,-0.16432200315322176,-0.11089809026225361,-3.531433308306508,-1.4817387996910534,-0.11089809026225361,0.07529765074834338,-0.1309742472040173,0.3829646318016912,0.5749042453441475,0.02395110502026454,9,10,0.19230769230769232,0.1511156558025502
28,200,0.15,0.2,False,-0.225817241158339,-0.3563214331813468,-0.9053615183168549,-0.6337458825930665,-0.2225531191224328,-0.3847749609701271,-0.2828893735570982,-3.2025355715140162,-1.3601605324791897,-0.27245372613734864,0.22565185780594432,-0.13105846434935076,0.7290075792415499,1.721764854534267,0.06858753705106069,14,6,0.21153846153846154,0.18494944461635446
28,200,0.15,0.2,True,-0.050729518749000335,-0.21338908111326527,-0.12637222129078823,-0.23773249542263833,-0.04991678008594702,-0.16432200315322176,-0.11089809026225361,-3.531433308306508,-1.4817387996910534,-0.11089809026225361,0.22565185780594432,-0.13105846434935053,0.729007579241551,1.7217648545342699,0.06858753705106069,9,6,0.19230769230769232,0.14815758261244624
28,200,0.15,0.3,False,-0.198544426371012,-0.3505007820617546,-0.7197610605036185,-0.5664592963334116,-0.19562323485337885,-0.3847749609701271,-0.2828893735570982,-3.2025355715140162,-1.3601605324791897,-0.27245372613734864,0.36059135643663165,-0.13104131912814876,0.9702774376566318,2.7517378399098673,0.10560220572097112,14,5,0.21153846153846154,0.18314380378810366
28,200,0.15,0.3,True,-0.017288735261428045,-0.20627592252491755,0.041311795836766946,-0.08381363685012541,-0.017006967483219615,-0.16432200315322176,-0.11089809026225361,-3.531433308306508,-1.4817387996910534,-0.11089809026225361,0.3605913564366323,-0.13104131912814854,0.970277437656633,2.751737839909877,0.10560220572097134,9,5,0.19230769230769232,0.14635194178419547
28,200,0.2,0.0,False,-0.10638137861304897,-0.324801721898213,-0.24325855770937233,-0.3275271386842801,-0.1047276175814813,-0.3465910144448062,-0.27257519612590564,-2.46876556532493,-1.2715427499305982,-0.24319460766007628,0.6742431101572639,-0.11863124665287195,1.379736298110124,5.683520397709158,0.18296247817484046,4,0,0.21153846153846154,0.20138072445744884
28,200,0.2,0.0,True,0.048727801169054175,-0.20968676031456646,0.3103941408377962,0.23238377614282388,0.047907910753605565,-0.16900888839488215,-0.1141663999602135,-2.9324989090960996,-1.4803732836787447,-0.1141663999602135,0.674243110157261,-0.11863124665287228,1.3797362981101184,5.683520397709117,0.1829624781748398,3,0,0.19230769230769232,0.14954486569949887
28,200,0.2,0.1,False,-0.2176783565396756,-0.3292422089242133,-0.8686567116246718,-0.6611496054862819,-0.2145149653291205,-0.3465910144448062,-0.27257519612590564,-2.46876556532493,-1.2715427499305982,-0.24319460766007628,0.12084886092083158,-0.11849879843000977,0.498197186915232,1.0198319520700445,0.03789566329896621,4,10,0.21153846153846154,0.20995544943596992
28,200,0.2,0.1,True,-0.08188746595305907,-0.2148843086512796,-0.29607987487891707,-0.381076991926611,-0.08059714811419472,-0.16900888839488215,-0.1141663999602135,-2.9324989090960996,-1.4803732836787447,-0.1141663999602135,0.12084886092083158,-0.11849879843000999,0.49819718691523196,1.0198319520700425,0.03789566329896621,3,10,0.19230769230769232,0.15811959067801995
28,200,0.2,0.2,False,-0.18314866620342485,-0.3365488918405002,-0.6468195802295353,-0.5441963133553388,-0.18042774686285235,-0.3465910144448062,-0.27257519612590564,-2.46876556532493,-1.2715427499305982,-0.24319460766007628,0.276836652874513,-0.1233530906694349,0.8277836571637788,2.244261991103147,0.08293659299011935,4,6,0.21153846153846154,0.20713321669836765
28,200,0.2,0.2,True,-0.041364310599401266,-0.22343671234395335,-0.07259052087255663,-0.18512763710793415,-0.04069837921674113,-0.16900888839488215,-0.1141663999602135,-2.9324989090960996,-1.4803732836787447,-0.1141663999602135,0.27683665287451475,-0.123353090669435,0.8277836571637818,2.2442619911031594,0.0829365929901198,3,6,0.19230769230769232,0.15529735794041766
28,200,0.2,0.3,False,-0.15437042618276064,-0.330547913240277,-0.4815473857077735,-0.4670137671404629,-0.15203641680291324,-0.3465910144448062,-0.27257519612590564,-2.46876556532493,-1.2715427499305982,-0.24319460766007628,0.4174230383554247,-0.11856683793196676,1.059731588303804,3.5205715665196418,0.12045129670035282,4,5,0.21153846153846154,0.2053258738059767
28,200,0.2,0.3,True,-0.0075909092220396435,-0.21641262328353916,0.08748431612723107,-0.03507609263667673,-0.007466594174679653,-0.16900888839488215,-0.1141663999602135,-2.9324989090960996,-1.4803732836787447,-0.1141663999602135,0.4174230383554238,-0.11856683793196687,1.0597315883038032,3.520571566519631,0.1204512967003526,3,5,0.19230769230769232,0.1534900150480267
mix7_28,0,0.0,0.0,False,-0.6974347562598662,-0.7806274460035115,-1.982599769127775,-0.8934284335382295,-0.6914301283528879,-0.8567364063053599,-0.720438035356807,-3.586875147752785,-1.1891881942088873,-0.719816618384286,0.49001759768116027,-0.26135686610610853,0.9787457442642951,1.8748985055637204,0.13884636671813833,0,0,1.0,1.0160942825300967
mix7_28,0,0.0,0.0,True,-0.5966226203228268,-0.7063381895816183,-1.9665660743124544,-0.8446699175025792,-0.5905574299296384,-0.777299866735886,-0.6325045569715684,-4.35159718037083,-1.228923741605274,-0.6259833444742471,0.43131970991387214,-0.24742881805112582,0.926991400844262,1.7432072517306745,0.12402097419050384,0,0,0.9423076923076923,0.7763667499752298
mix7_28,0,0.0,0.1,False,-0.7091275383245916,-0.7516563551554465,-2.3759046590322184,-0.9434198666196874,-0.7031627127618774,-0.8244607666636311,-0.6799481331389601,-3.4293100168813644,-1.2125347897604084,-0.6799481331389601,-0.12028520521314401,-0.2686016569300187,-0.04534926676018343,-0.44782004172253875,-0.04092199068473856,0,51,1.0,1.0536508795232105
mix7_28,0,0.0,0.1,True,-0.6204633007200413,-0.677369999019042,-2.5913652108868246,-0.9159887529984908,-0.6143705858357495,-0.7427798962697837,-0.592140527770955,-4.4935752514502925,-1.2543980042472236,-0.5889724942227356,-0.10827956541671424,-0.24828585110595636,-0.04119928408631078,-0.4361084811494384,-0.036674184496898965,0,40,0.9423076923076923,0.8083210462383671
mix7_28,0,0.0,0.2,False,-0.7105356795167583,-0.7677624321616596,-2.2583940378153793,-0.9254629423794838,-0.7045761643667678,-0.8455634151927828,-0.7056947095728525,-3.6053054282295602,-1.1982000200973462,-0.7056947095728525,0.12124102317910102,-0.2615299660615187,0.4774623167981246,0.4635836764899895,0.038014042481298915,0,18,1.0,1.0257361629802277
mix7_28,0,0.0,0.2,True,-0.6130422239624226,-0.6910212204358428,-2.3555481343905966,-0.8871539770888119,-0.6069555109548297,-0.7611562394117245,-0.6114012329241035,-4.577451911102905,-1.2449373642434425,-0.6084453466162403,0.09711445797960327,-0.24969840935237653,0.431621498078807,0.3889270189244759,0.030678542584370083,0,16,0.9423076923076923,0.7874518939314256
mix7_28,0,0.0,0.3,False,-0.6873103124584004,-0.763519909538783,-2.0301881559625574,-0.9001864966082962,-0.6812772516686192,-0.8443810914392282,-0.7042213218748067,-3.547953298860205,-1.1990280118064056,-0.7042213218748067,0.39368763785390937,-0.24573956100626237,0.8844762525181294,1.6020523363915211,0.11429937192633588,0,13,1.0,1.0186902139236853
mix7_28,0,0.0,0.3,True,-0.5845931371608872,-0.6794961025350883,-2.056919615582006,-0.8603333190284187,-0.5785507038402099,-0.7586143927157994,-0.6086365883541544,-4.414916566272456,-1.2464160177540555,-0.6057217788543089,0.3303514523084221,-0.22084980223296857,0.8136986383493631,1.4958195523306068,0.09753009785160205,0,12,0.9423076923076923,0.7819283153592214
mix7_28,0,0.05,0.0,False,-0.5659865467621545,-0.6856275180502862,-2.0480574728798433,-0.825501503165518,-0.5599905100137963,-0.7739570499558187,-0.622316698692487,-4.435410562680853,-1.2436707091131163,-0.622316698692487,0.7162382527456865,-0.18019551810309098,1.4221299457482057,3.974783947378326,0.19255582236009583,160,0,1.0,0.9350973390813588
mix7_28,0,0.05,0.0,True,-0.3515146352084805,-0.5117790325032874,-1.1675261161483768,-0.6868484499826056,-0.34688113081913075,-0.576083928786756,-0.43109200708573203,-3.1337831951511164,-1.3363363720918842,-0.42990804978577424,0.6083184150435397,-0.15536691252478785,1.334794972655154,3.9153665678108016,0.16757002628677165,114,0,0.9423076923076923,0.6395066893954584
mix7_28,0,0.05,0.1,False,-0.5869735373722307,-0.6403015398814969,-2.7340930147124984,-0.9167142366717784,-0.5809261419728378,-0.7303759822814659,-0.5760995919356813,-4.4789399690305185,-1.2677946530519482,-0.5760995919356813,0.03719692868203217,-0.1649815305340292,0.2768927164445688,0.22546116866311838,0.011978283662602784,160,38,1.0,0.9522128590548492
mix7_28,0,0.05,0.1,True,-0.39858639637504967,-0.46320870035068173,-1.8509549586613494,-0.8604898743769096,-0.39353844356169376,-0.5265002134993557,-0.38835658752314994,-3.317953971385469,-1.3557133583268264,-0.3870836933255074,0.026024421156417787,-0.1369640688381396,0.23930740689055205,0.19000911244227664,0.008411326858970058,114,30,0.9423076923076923,0.656392821696023
mix7_28,0,0.05,0.2,False,-0.5848821424135326,-0.6664988169706502,-2.502679958214173,-0.8775441569002641,-0.5788390946854682,-0.7592150527504352,-0.6063644841654623,-4.633044387183927,-1.252077047017918,-0.6063644841654623,0.3217521928774074,-0.172245311415669,0.9253918617353046,1.8679881050633804,0.09521209700711175,160,16,1.0,0.938308203120332
mix7_28,0,0.05,0.2,True,-0.37783314700007864,-0.48372398883099865,-1.5601689797021037,-0.7810924323045808,-0.37296078578569336,-0.5505478691172514,-0.40887932589132114,-3.329118114109815,-1.3464800841106486,-0.40764914166824173,0.2620283104744676,-0.1472797349700724,0.8357034747034527,1.779119921201056,0.07882572731178517,114,14,0.9423076923076923,0.6436780296147722
mix7_28,0,0.05,0.3,False,-0.5594845918410285,-0.6643463193218909,-2.188269234519495,-0.84215803650738,-0.5535078808193419,-0.7577974623393724,-0.6048485499203053,-4.464337906769055,-1.2528714211834013,-0.6048485499203053,0.5625445443683763,-0.16339321597079726,1.2953400407185889,3.442888011145567,0.15663059264157586,160,11,1.0,0.9328365871628839
mix7_28,0,0.05,0.3,True,-0.3436512220541861,-0.4793061509681048,-1.2690901326584865,-0.7169764488940477,-0.3390924909818479,-0.5463832183815758,-0.40529849296511733,-3.116865198198855,-1.3481007895793018,-0.40406085665253366,0.45578726307869766,-0.14356000132939672,1.1793579163013619,3.174890351476796,0.13024966982864838,114,10,0.9423076923076923,0.6395082185660127
mix7_28,0,0.1,0.0,False,-0.6525837600995843,-0.754225908781226,-2.0749727329934733,-0.8652364662917932,-0.6464931896688996,-0.8408034378690701,-0.6997862704208577,-4.376153997981069,-1.2015146244058252,-0.6997862704208577,0.8145274066331838,-0.22292996919753783,1.3599200085657575,3.653736684956129,0.21440627020473624,80,0,1.0,0.8932825144004221
mix7_28,0,0.1,0.0,True,-0.45988363359797824,-0.6130645016907939,-1.3990325311832597,-0.7501390674711188,-0.45438687903541386,-0.6946251337060254,-0.5410561169810117,-3.8446411975966757,-1.2838319573612789,-0.5400912619841389,0.8169773351303533,-0.1869263409691757,1.4096697929570037,4.370584321580838,0.2149406013375521,59,0,0.9423076923076923,0.6522030312832209
mix7_28,0,0.1,0.1,False,-0.6708023949267031,-0.7203835300812925,-2.624169794164831,-0.9311739745785216,-0.6647344838537866,-0.8087600755515608,-0.6614821453312635,-4.3112351817336885,-1.2226483832704842,-0.6614821453312635,0.06716282197233814,-0.2166361819124747,0.36673607780040807,0.31002587554591066,0.021419106270902155,80,49,1.0,0.9248708146025624
mix7_28,0,0.1,0.1,True,-0.4934475616392744,-0.573674130477887,-1.9797736387784624,-0.8601530649956596,-0.4877524388367793,-0.6483279669050472,-0.49661361601589527,-3.9175300951441616,-1.3054977672708354,-0.49555532787672263,0.12763408629905415,-0.18394536368597225,0.49859556061389065,0.6938695476823675,0.03993994687595803,59,39,0.9423076923076923,0.6834511120835339
mix7_28,0,0.1,0.2,False,-0.668112119971686,-0.7374346312183786,-2.4258194003444937,-0.9059950423915418,-0.6620398399573498,-0.8286607355676071,-0.6849832149492816,-4.450270707008268,-1.2097533450202336,-0.6849832149492816,0.3637616845778604,-0.21519386179102196,0.8874285087343738,1.690390615932693,0.10644145078542189,80,18,1.0,0.9020771418045299
mix7_28,0,0.1,0.2,True,-0.48260864429948835,-0.5881850542721758,-1.7495096762144708,-0.8205047727652168,-0.47697372009391936,-0.6729988136356229,-0.5200262514402687,-4.001704948622568,-1.2941631538247929,-0.519017184565645,0.39107152646508014,-0.17918831067074614,0.9571251565346748,2.18246114939754,0.11361699916032775,59,16,0.9423076923076923,0.6622593770791247
mix7_28,0,0.1,0.3,False,-0.6414986399347524,-0.7354536241946112,-2.1370782284413843,-0.8722489343053438,-0.6354020298989376,-0.8274058631175427,-0.6834744073411754,-4.341422857446985,-1.2105879228693928,-0.6834744073411754,0.6960345408117674,-0.20668129129762447,1.2900994291819996,3.3676707574342863,0.18796048692556067,80,13,1.0,0.8947437981096328
mix7_28,0,0.1,0.3,True,-0.4445845011025016,-0.5766751930177945,-1.4465288553935893,-0.7709443833988244,-0.4391896050252845,-0.6696224268107491,-0.5167869282606783,-3.810255915201612,-1.2957418041986104,-0.5157710512350275,0.6877325124662281,-0.15513766821255004,1.3296789997870042,4.433046599127582,0.18606149391704774,59,12,0.9423076923076923,0.6563653996789387
mix7_28,0,0.15,0.0,False,-0.752457025306806,-0.8157463763198165,-2.561848852676471,-0.9224154064912479,-0.7467100298529432,-0.8937360702052157,-0.7695998251562861,-4.731863093659074,-1.1612997313554752,-0.7695998251562861,0.4818716686033202,-0.24555402458005915,0.9743002807068392,1.9623855460215163,0.13681274450798453,43,0,1.0,0.9635651519888053
mix7_28,0,0.15,0.0,True,-0.6061826025401323,-0.7072459017364723,-2.071612761163897,-0.8571030260504822,-0.6001035171807056,-0.7832290726544336,-0.6325340385196718,-4.562760833483718,-1.2382401972982127,-0.6325340385196718,0.4055573640418719,-0.23638058983064703,0.898703026748946,1.7156965566945672,0.11738461161181535,31,0,0.9423076923076923,0.7169775376201917
mix7_28,0,0.15,0.1,False,-0.7620486791643839,-0.7915188948765726,-3.0858941216615645,-0.9627675145812101,-0.7563661488499429,-0.8698159892497523,-0.7368416230506092,-4.64667200328801,-1.1804653293724288,-0.7368416230506092,-0.12511740953920236,-0.25325506000054576,-0.0673126109421936,-0.4940371558180624,-0.04264273778176131,43,49,1.0,0.9943514570184434
mix7_28,0,0.15,0.1,True,-0.625428371514321,-0.6742575676540933,-2.7141012129490165,-0.9275807962976804,-0.6193329691511735,-0.7455199152662823,-0.5918447703942863,-4.705276013269423,-1.259654477929437,-0.5918447703942863,-0.12438749260868753,-0.23569223216578683,-0.09428776822748787,-0.5277538910200184,-0.04238240447538422,31,39,0.9423076923076923,0.7476895555240664
mix7_28,0,0.15,0.2,False,-0.7615854663930417,-0.8037531320058684,-2.9044901436754618,-0.9475365458202422,-0.755899677822133,-0.884288726102173,-0.7563852812056898,-4.796398999839093,-1.1690982731612694,-0.7563852812056898,0.11504313690333334,-0.24612530382812225,0.46595123173694175,0.46741694215915286,0.03613985650696372,43,18,1.0,0.9719550044969819
mix7_28,0,0.15,0.2,True,-0.6196966460719873,-0.6893534696608864,-2.4632613970298247,-0.898953401042334,-0.61360444161851,-0.7651800548336533,-0.6127773841805333,-4.767323276307407,-1.2487080538341473,-0.6127773841805333,0.07730754842446808,-0.2372085185375653,0.3921369070396602,0.3259054476672402,0.024574703736929493,31,16,0.9423076923076923,0.7267545074339554
mix7_28,0,0.15,0.3,False,-0.7424555080981344,-0.8000637917290319,-2.6289547377576112,-0.9279953870848234,-0.7366478390383141,-0.8834009201996676,-0.7551629824657378,-4.702964003466704,-1.1698149150733141,-0.7551629824657378,0.3859472096539587,-0.22961210632067797,0.8790768550626146,1.6808661173768509,0.11227788885620993,43,13,1.0,0.964872006051759
mix7_28,0,0.15,0.3,True,-0.5917268805846405,-0.6777594638965021,-2.148278555029765,-0.873063250467574,-0.5856702513080527,-0.762671562273586,-0.6100737626771571,-4.577242137726895,-1.2501300808721743,-0.6100737626771571,0.3063249306715312,-0.20788396586650026,0.782356213872357,1.4735380354839303,0.09102794787620216,31,12,0.9423076923076923,0.7211840057588401
mix7_28,0,0.2,0.0,False,-0.7189507869651828,-0.7939876006437476,-2.217921827306677,-0.905493721038305,-0.7130253828087796,-0.8725989406462329,-0.7405426811794125,-4.096109960869162,-1.1783236305252567,-0.7405389273197343,0.5097217737664481,-0.2509412544886379,1.0021145105201124,2.0312394420963065,0.14373469817839712,13,0,1.0,0.9930608048812177
mix7_28,0,0.2,0.0,True,-0.595417428933279,-0.7041593421456567,-1.9647995123512192,-0.8455720080613739,-0.5893542560245499,-0.7777119833630943,-0.632146781485889,-4.375749274561196,-1.2302712062142402,-0.6264366953401166,0.449642294077357,-0.24092495883580167,0.9509328286953773,1.8663167828278144,0.12869202282900694,10,0,0.9423076923076923,0.7639309771476697
mix7_28,0,0.2,0.1,False,-0.72960550694078,-0.7687822088690314,-2.671172315525048,-0.9490405715997449,-0.723729277057571,-0.84375300583547,-0.7034401865618302,-3.9788591880417097,-1.1994665956738124,-0.7034401865618302,-0.10824711483142324,-0.26509657323591485,-0.016441451834122666,-0.40833087168988763,-0.03666275529814311,13,51,1.0,1.0304192025697612
mix7_28,0,0.2,0.1,True,-0.6191597417458709,-0.6761669776544929,-2.5897238493841974,-0.915690594494321,-0.6130679098766372,-0.7431420347334987,-0.5916094457325745,-4.519308245401728,-1.2561361893289,-0.5893515047370266,-0.096455415782016,-0.24478643742358397,-0.011923347556541987,-0.3940390521518452,-0.03252810301039144,10,40,0.9423076923076923,0.7957951242559784
mix7_28,0,0.2,0.2,False,-0.7310315058627739,-0.7839574889964388,-2.5299283544322853,-0.9324887077723862,-0.7251623776032617,-0.8625918193808741,-0.7273689183037224,-4.148201293530906,-1.185906900438503,-0.7273689183037224,0.1360134069458392,-0.25841257079726976,0.5033836394000858,0.5263420681362465,0.04245309789453544,13,18,1.0,1.0028129187703199
mix7_28,0,0.2,0.2,True,-0.6117557702960467,-0.690027988611724,-2.35349251384053,-0.8865666036632018,-0.6056703367140633,-0.7614723903389788,-0.6108827854376655,-4.6013279985667825,-1.246511456029038,-0.6087847977442418,0.1111060621400255,-0.24663336148978232,0.45802742399153457,0.45049080736236274,0.03494567063341503,10,16,0.9423076923076923,0.7751178008775758
mix7_28,0,0.2,0.3,False,-0.7094745880837142,-0.7778652180730496,-2.280255386735708,-0.9120790743687516,-0.7035110608566968,-0.8615578156293247,-0.726027304932299,-4.074732067203733,-1.186674123378409,-0.726027304932299,0.41206610167098523,-0.2351030435843796,0.9093137228434328,1.752704241462075,0.11906894664244727,13,13,1.0,0.9957345855462303
mix7_28,0,0.2,0.3,True,-0.5832421645058592,-0.6784898988885735,-2.0527147709300193,-0.8596180510001129,-0.577202646975508,-0.7589614527507775,-0.608152722768613,-4.4305843794090105,-1.2479783849287205,-0.6060930651269478,0.34733359036678446,-0.2176669530124783,0.8392101128148478,1.5957111796703136,0.1020782767603754,10,12,0.9423076923076923,0.7695584474185906
mix7_28,20,0.0,0.0,False,-0.4650099858222846,-0.4949817337360579,-1.8131418295060777,-0.9394487798821374,-0.4594806742674983,-0.5407784093929131,-0.39924962164200706,-2.8424055882530705,-1.354486967749239,-0.39924962164200706,-0.27678577419105366,-0.15935422688490286,-0.5937147878221669,-1.7369214460245748,-0.10025969986089456,0,0,0.4423076923076923,0.5774365567643238
mix7_28,20,0.0,0.0,True,-0.42561427322433887,-0.4584260130959047,-1.6618317414552888,-0.9284252225348707,-0.42035521130502684,-0.4890554157167609,-0.35576433710332156,-2.676036576339616,-1.3746611582788546,-0.35576433710332156,-0.27678577419105344,-0.15935422688490297,-0.5937147878221669,-1.7369214460245723,-0.10025969986089445,0,0,0.4423076923076923,0.5225799311766117
mix7_28,20,0.0,0.1,False,-0.4757759086889274,-0.47168190347250116,-2.112864238354832,-1.0086795893297715,-0.47018084529724014,-0.502422731065137,-0.36685098229965996,-2.7332931097481072,-1.369555365275637,-0.36685098229965996,-0.42102041229529463,-0.16557069227335697,-1.3536372372718704,-2.542843824076006,-0.16319991046165472,0,24,0.4423076923076923,0.5875637254708342
mix7_28,20,0.0,0.1,True,-0.4458145800141947,-0.4419966373851749,-2.0177684733415844,-1.0086379449662932,-0.4404112373869893,-0.4590984691991735,-0.3312754508406772,-2.653911673491404,-1.3858511641418645,-0.3312754508406772,-0.4210204122952951,-0.1655706922733572,-1.353637237271871,-2.542843824076005,-0.16319991046165494,0,22,0.4423076923076923,0.5363576503303409
mix7_28,20,0.0,0.2,False,-0.491291967967737,-0.5042371602677169,-2.0922784062275364,-0.9743271751468954,-0.48560851770553015,-0.5553313323884854,-0.41178479326719786,-3.0588749655804075,-1.3485960177945266,-0.41178479326719786,-0.33723876059329083,-0.15717439117910414,-0.8958925784534507,-2.145634273264013,-0.1255046173463974,0,7,0.4423076923076923,0.5855253175462244
mix7_28,20,0.0,0.2,True,-0.4538316137631654,-0.4683513931888075,-1.9479155390127765,-0.9689981077524228,-0.44837431731454813,-0.5052474618688552,-0.36920686646557477,-2.915337304206872,-1.3684671325471272,-0.36920686646557477,-0.33723876059329205,-0.15717439117910426,-0.8958925784534548,-2.1456342732640192,-0.12550461734639795,0,7,0.4423076923076923,0.53066869195843
mix7_28,20,0.0,0.3,False,-0.4770554442178041,-0.5010010324622851,-1.9188822544726565,-0.9522045131787555,-0.4714528049432066,-0.5491111308831946,-0.40640994876043435,-2.9682943608131804,-1.351126202884561,-0.40640994876043435,-0.29950820816970236,-0.15935422688490286,-0.6866655931497427,-1.8795121662259315,-0.10957538127019895,0,5,0.4423076923076923,0.5826871479163576
mix7_28,20,0.0,0.3,True,-0.43854673773968933,-0.4648810184430574,-1.7702361181842394,-0.9433526436687719,-0.43319394402916667,-0.4983266673399015,-0.36344296412268184,-2.8149271498385744,-1.3711275675478176,-0.36344296412268184,-0.29950820816970236,-0.15935422688490308,-0.6866655931497438,-1.8795121662259289,-0.10957538127019895,0,5,0.4423076923076923,0.5278305223295635
mix7_28,20,0.05,0.0,False,-0.31737379341010963,-0.32511513681588244,-1.5774782327932955,-0.9761889173122171,-0.3130759578975516,-0.32596004342621887,-0.2752765329788759,-1.7358126876982007,-1.1841185294615444,-0.2276319558233194,-0.30204027464183125,-0.126213379395411,-1.321010452404189,-2.393092365394767,-0.11062601918663362,69,0,0.4423076923076923,0.42476139976365496
mix7_28,20,0.05,0.0,True,-0.28106605788549943,-0.29129926553706764,-1.4123850016412163,-0.9648704653178536,-0.277155659032437,-0.2713956299555894,-0.23187108404449808,-1.4851609236146202,-1.170459141440449,-0.18724366064038145,-0.30204027464183214,-0.126213379395411,-1.3210104524041941,-2.393092365394774,-0.11062601918663395,65,0,0.4423076923076923,0.3783220809372741
mix7_28,20,0.05,0.1,False,-0.3244027880377228,-0.32003352555115017,-1.8404690504487315,-1.0136525149327655,-0.32003352555115017,-0.26856740620864783,-0.23615898115714284,-1.519618506898855,-1.137231389179902,-0.18517924648128248,-0.4258915610601891,-0.1655017726138095,-2.4294088826245743,-2.5733353445946876,-0.1655017726138095,69,18,0.4423076923076923,0.4356745195442373
mix7_28,20,0.05,0.1,True,-0.29939674320735765,-0.29675045094664176,-1.7475657155495763,-1.0089175677822027,-0.29528691475508895,-0.22752615161948875,-0.18955461340739965,-1.3524347385162547,-1.2003197787145328,-0.15552476671854853,-0.42589156106018866,-0.16550177261380927,-2.429408882624572,-2.5733353445946885,-0.16550177261380927,65,16,0.4423076923076923,0.39288925490152316
mix7_28,20,0.05,0.2,False,-0.34485565984833855,-0.34028537581971097,-1.8955799804168654,-1.0134307388838508,-0.34028537581971097,-0.34732844140797203,-0.2752765329788759,-1.9772383355817185,-1.2617437369229918,-0.2437539887728567,-0.3422028024845095,-0.1280304712457383,-1.757577517158405,-2.672823111208382,-0.12764548257281383,69,5,0.4423076923076923,0.42858927707615424
mix7_28,20,0.05,0.2,True,-0.31000963839939344,-0.30722962656129504,-1.7377571364051712,-1.0090486450451215,-0.3057878986350875,-0.2944938276110717,-0.23187108404449808,-1.7386138483132914,-1.2700756923815293,-0.20420873911178306,-0.3422028024845093,-0.1280304712457384,-1.7575775171584034,-2.672823111208378,-0.12764548257281372,65,5,0.4423076923076923,0.3821499582495317
mix7_28,20,0.05,0.3,False,-0.3376066756420001,-0.3331609959125028,-1.7620995530174726,-1.0133439381681546,-0.3331064658805012,-0.3381936301681904,-0.2752765329788759,-1.8746485587010588,-1.2285596106157826,-0.23683999232432873,-0.3387191242857658,-0.12621337939541077,-1.586475208639899,-2.683702202637337,-0.1261419264478596,69,3,0.4423076923076923,0.4256472694675623
mix7_28,20,0.05,0.3,True,-0.3023750929633263,-0.2997482715234563,-1.601881831925736,-1.0087634248114905,-0.29823359262147076,-0.28461954149299695,-0.23187108404449808,-1.6302938545020287,-1.2274904508505942,-0.1969331993169975,-0.338719124285766,-0.126213379395411,-1.5864752086399,-2.6837022026373343,-0.1261419264478597,65,3,0.4423076923076923,0.3792079506438727
mix7_28,20,0.1,0.0,False,-0.3928862453576051,-0.4336830107237052,-1.562245252552549,-0.9059295283483187,-0.38788537503874776,-0.46727145415468574,-0.3522846140590705,-2.5114466537424516,-1.3264032418865004,-0.33790911814791125,-0.21394301960594808,-0.1446536951360552,-0.4506944721719334,-1.4790014137193126,-0.07548247266453256,36,0,0.4423076923076923,0.46888951104190757
mix7_28,20,0.1,0.0,True,-0.3416929220999515,-0.3880329765278486,-1.3334709267251732,-0.8805770199158025,-0.33715305180762,-0.3983870163798907,-0.29309937804918573,-2.164300716634939,-1.3592216368096026,-0.28303474126363204,-0.21394301960595008,-0.14465369513605542,-0.4506944721719404,-1.4790014137193241,-0.07548247266453334,33,0,0.4423076923076923,0.4254761328544431
mix7_28,20,0.1,0.1,False,-0.4059513298479558,-0.404384875902412,-1.8770274867482721,-1.0038736709478764,-0.4008438491787124,-0.4230436102128997,-0.31818282641929163,-2.3778965595339954,-1.3295614190547975,-0.3024140305665287,-0.3728289542900213,-0.1461767435183604,-1.276693219890548,-2.550535367776834,-0.1411006283456666,36,24,0.4423076923076923,0.4790856970126659
mix7_28,20,0.1,0.1,True,-0.36574976485078803,-0.36609413974370686,-1.6928941986622157,-0.9990593269448128,-0.3609848613329516,-0.3634091443410763,-0.25756782162571057,-2.103927348169964,-1.4109260312383702,-0.25600697851689413,-0.3728289542900217,-0.14617674351836063,-1.2766932198905514,-2.550535367776833,-0.14110062834566683,33,22,0.4423076923076923,0.4393228692724176
mix7_28,20,0.1,0.2,False,-0.4228752284167424,-0.44130388919968344,-1.861391862672162,-0.9582404297039804,-0.41763663189995626,-0.48415235168043114,-0.3522846140590705,-2.745938520626444,-1.3743215921409762,-0.35172298467874974,-0.2802697613847668,-0.13818306434409422,-0.7739245706385045,-2.0282497186982176,-0.10167512600850637,36,7,0.4423076923076923,0.4767863649613029
mix7_28,20,0.1,0.2,True,-0.3742106498813734,-0.3962681635425104,-1.6306985292143432,-0.9443369019000925,-0.3693701056242191,-0.41745069750713926,-0.2994662654221274,-2.4094057607155444,-1.3939823803482543,-0.2979935069884835,-0.2802697613847671,-0.13818306434409455,-0.7739245706385045,-2.028249718698215,-0.10167512600850648,33,7,0.4423076923076923,0.4333729867737563
mix7_28,20,0.1,0.3,False,-0.4065486081034614,-0.4404319882153642,-1.6763465586762545,-0.9230678492513709,-0.4014363648924182,-0.4769366421668709,-0.3522846140590705,-2.647394733663782,-1.3538389788629797,-0.34579946320847976,-0.23861678131722353,-0.14465369513605542,-0.5505032339877168,-1.6495726645129267,-0.0850456374689107,36,5,0.4423076923076923,0.47388189018134874
mix7_28,20,0.1,0.3,True,-0.3565073288352477,-0.3953259798188822,-1.4474432400233967,-0.9018059703502939,-0.3518271535242564,-0.409301961039642,-0.29309937804918573,-2.305886306779335,-1.3964613769018508,-0.2915790415134297,-0.23861678131722208,-0.14465369513605542,-0.550503233987711,-1.6495726645129167,-0.08504563746891014,33,5,0.4423076923076923,0.4304685119948006
mix7_28,20,0.15,0.0,False,-0.4827724750093757,-0.5016466200514831,-1.9721601244224174,-0.9623756160458724,-0.47713661307451705,-0.5402139398456671,-0.3987662009802545,-2.910667794066637,-1.3547134599615092,-0.3987662009802545,-0.3484363057149036,-0.17111549490225808,-0.8789352279405453,-2.036263904177304,-0.13034931206801414,16,0,0.4423076923076923,0.5338284749377371
mix7_28,20,0.15,0.0,True,-0.431693663406424,-0.4532787743728579,-1.7390230077505606,-0.9523800535414473,-0.4263899408789207,-0.4703454934068563,-0.34041326353099977,-2.57545882587889,-1.3816896807372026,-0.34041326353099977,-0.34843630571490414,-0.17111549490225786,-0.878935227940547,-2.03626390417731,-0.13034931206801437,14,0,0.4423076923076923,0.4865082108507688
mix7_28,20,0.15,0.1,False,-0.4932632351697581,-0.4890205115373679,-2.3049529399189153,-1.0086759625256865,-0.487569104640297,-0.5019168346818424,-0.36642954222442214,-2.8091789162221326,-1.3697499160000595,-0.36642954222442214,-0.47841444133334277,-0.1934922435357137,-1.7089214944825428,-2.4725251647880127,-0.19120140614066428,16,24,0.4423076923076923,0.5440152688722092
mix7_28,20,0.15,0.1,True,-0.45176918705808833,-0.4478938129213218,-2.119237852288794,-1.0086524395402785,-0.44632558807877,-0.4394105610388602,-0.315435986010723,-2.549233190900611,-1.3930260988799257,-0.315435986010723,-0.47841444133334254,-0.1934922435357136,-1.7089214944825402,-2.4725251647880127,-0.19120140614066417,14,22,0.4423076923076923,0.500345555232458
mix7_28,20,0.15,0.2,False,-0.5081866313053378,-0.5095509218061549,-2.27018057973532,-0.9973225629815736,-0.5024157494322435,-0.5547842950514781,-0.4113110647288819,-3.1367072566925556,-1.3488192821099219,-0.4113110647288819,-0.40291879464447544,-0.16687906157439347,-1.2129938243656444,-2.414435884545391,-0.15475861570492033,16,7,0.4423076923076923,0.5419388651496554
mix7_28,20,0.15,0.2,True,-0.4596175950681709,-0.4619502306450485,-2.0388569825277663,-0.994950461278869,-0.4541225518486507,-0.48712993940303195,-0.35417567301605324,-2.817248023192728,-1.375390735492306,-0.35417567301605324,-0.40291879464447566,-0.16687906157439347,-1.2129938243656462,-2.414435884545392,-0.15475861570492044,14,7,0.4423076923076923,0.4946186010626048
mix7_28,20,0.15,0.3,False,-0.4944206036021611,-0.5075861874120329,-2.083860686790359,-0.9740623678571761,-0.4887202608685355,-0.548556493898789,-0.4059319367661458,-3.0421451401420008,-1.3513509143154905,-0.4059319367661458,-0.3689185085932506,-0.1711154949022584,-0.9785417093951463,-2.155962023216996,-0.13935831468826176,16,5,0.4423076923076923,0.5390741450475947
mix7_28,20,0.15,0.3,True,-0.444492103103613,-0.459794808330539,-1.8518246852513944,-0.966718403623372,-0.4390978432903244,-0.4799557703011307,-0.348274472080088,-2.7156668742722543,-1.3780963256783336,-0.348274472080088,-0.3689185085932499,-0.17111549490225797,-0.9785417093951423,-2.1559620232169974,-0.13935831468826143,14,5,0.4423076923076923,0.4917538809615432
mix7_28,20,0.2,0.0,False,-0.4740826040480006,-0.4988073055370227,-1.8805557277945733,-0.9504323589198376,-0.4684976448221636,-0.5460803814158753,-0.40380037526893475,-2.9290123907816064,-1.352352337593002,-0.40380037526893475,-0.29694909720878615,-0.15935422688490253,-0.6634725186818056,-1.8634529062305003,-0.10851611921495685,3,0,0.4423076923076923,0.5669666864161024
mix7_28,20,0.2,0.0,True,-0.43512436068025173,-0.4623125844951209,-1.7165766275551264,-0.9411908203957703,-0.4297959031574875,-0.49464467624189556,-0.3603876535149586,-2.720936198121379,-1.3725350228219302,-0.3603876535149586,-0.29694909720878593,-0.15935422688490275,-0.6634725186818047,-1.8634529062304963,-0.10851611921495674,3,0,0.4423076923076923,0.5121865552574273
mix7_28,20,0.2,0.1,False,-0.4845829836880775,-0.4804130665384221,-2.190360768276748,-1.0086798578974994,-0.47893681535687516,-0.5081674961976221,-0.37164712188325444,-2.8273500619053173,-1.3673387099638372,-0.37164712188325444,-0.4368891342831135,-0.17309691487552858,-1.4317667818397783,-2.5239567937838405,-0.17074751657887177,3,24,0.4423076923076923,0.5771308145642257
mix7_28,20,0.2,0.1,True,-0.4549024642286581,-0.4509979314343152,-2.077885710023188,-1.008657540361494,-0.4494381059264019,-0.46501538223302896,-0.3360744705855767,-2.7022866454845973,-1.383667677651282,-0.3360744705855767,-0.4368891342831128,-0.17309691487552836,-1.431766781839777,-2.52395679378384,-0.17074751657887144,3,22,0.4423076923076923,0.5260012338527689
mix7_28,20,0.2,0.2,False,-0.4999191972020155,-0.5125078014726454,-2.1659663031130787,-0.9754372436195943,-0.4941899341570464,-0.5604652760282334,-0.41624058570326217,-3.152396110379282,-1.3464935791431665,-0.41624058570326217,-0.3557178833541996,-0.16490905912902054,-0.9710013892299639,-2.157054835149446,-0.1335299209652846,3,7,0.4423076923076923,0.5750550900554344
mix7_28,20,0.2,0.2,True,-0.4628748442871494,-0.4770106922916647,-2.005917775737212,-0.9703657627953715,-0.45735899576191863,-0.5106595889610679,-0.3737337071782024,-2.9617588263544947,-1.3663728455661532,-0.3737337071782024,-0.35571788335419885,-0.16490905912902043,-0.9710013892299619,-2.1570548351494425,-0.13352992096528427,3,7,0.4423076923076923,0.5202749588966771
mix7_28,20,0.2,0.3,False,-0.48592409207894527,-0.5074590465872779,-1.9882482433156121,-0.9575631676030651,-0.4802703564309414,-0.5543168909308871,-0.41090645687899396,-3.0589716244119916,-1.3490099307301113,-0.41090645687899396,-0.31903925281371825,-0.16390026819297698,-0.7574322382557332,-1.9465450321172133,-0.11774683386353013,3,5,0.4423076923076923,0.5722169495143596
mix7_28,20,0.2,0.3,True,-0.4478430274766736,-0.4715943085424664,-1.825938806576962,-0.9496362007862229,-0.4424258535696567,-0.5038145022676742,-0.36801116977335324,-2.8607492200231723,-1.3690195941007934,-0.36801116977335324,-0.31903925281371726,-0.16390026819297687,-0.75743223825573,-1.9465450321172084,-0.11774683386352969,3,5,0.4423076923076923,0.5174368183566022
mix7_28,50,0.0,0.0,False,-0.29487296684819975,-0.4913533768246481,-0.7716858307293987,-0.6001240263246072,-0.2908116380189164,-0.5785595909521505,-0.4320902778636726,-2.99238845913658,-1.338978497300719,-0.4320902778636726,0.9766651003575011,-0.13284449114348607,1.6145085522864078,7.35194280132098,0.24876953913256328,0,0,0.4423076923076923,0.5618067391110737
mix7_28,50,0.0,0.0,True,-0.2480303742512463,-0.4581364628085085,-0.6306604805450021,-0.5413897263945084,-0.2444984457792594,-0.53581188972925,-0.39500321673001615,-2.940330576201389,-1.3564747501676075,-0.39500321673001615,0.976665100357498,-0.1328444911434864,1.6145085522864036,7.351942801320939,0.2487695391325626,0,0,0.4423076923076923,0.4994164652451538
mix7_28,50,0.0,0.1,False,-0.373080088981419,-0.4714572007796163,-1.3357868200487089,-0.7913339500690246,-0.3682495446661279,-0.5508669551433842,-0.40923376613408935,-2.980083018350052,-1.3460936040231035,-0.40792454020699365,0.2201105684011362,-0.13570256362952748,0.6978267427541756,1.6220074441780288,0.0670100320569551,0,24,0.4423076923076923,0.5709117659018965
mix7_28,50,0.0,0.1,True,-0.3417088572734669,-0.44545407542849835,-1.2510448519967061,-0.7671023257442753,-0.33716883312317725,-0.5166872013059678,-0.38016802036463926,-3.0356616695416663,-1.3591022222500087,-0.3787957498402955,0.22011056840113463,-0.1357025636295277,0.6978267427541732,1.6220074441780146,0.06701003205695466,0,22,0.4423076923076923,0.5121746513384473
mix7_28,50,0.0,0.2,False,-0.3620356154284362,-0.49476642686986094,-1.186534399300667,-0.7317303595534038,-0.35730449877658277,-0.5747021229563339,-0.4299415235319156,-3.085927939890542,-1.3366983450103358,-0.4286919393092852,0.4349684935638305,-0.14378668817414564,1.0481358404592598,3.02509571009121,0.1249543730336915,0,9,0.4423076923076923,0.5676204025476377
mix7_28,50,0.0,0.2,True,-0.31967339573593156,-0.46178692181021985,-1.05119549361248,-0.6922530297800583,-0.31535206199949173,-0.5315824508815411,-0.3927292139250649,-3.055975143409729,-1.3535597353930748,-0.3913993719103449,0.43496849356382783,-0.14378668817414575,1.0481358404592553,3.0250957100911893,0.12495437303369084,0,9,0.4423076923076923,0.5052331041385961
mix7_28,50,0.0,0.3,False,-0.3462578717307281,-0.4993561692126093,-1.048200923054016,-0.6934086190958882,-0.3416741831191952,-0.5862067614135532,-0.43885917855422985,-3.111630218746081,-1.335751398306725,-0.43885917855422985,0.6321893249967654,-0.13619218147129353,1.2900183344388807,4.641891466655284,0.17319181161092345,0,7,0.4423076923076923,0.5682610027742269
mix7_28,50,0.0,0.3,True,-0.3028288511159516,-0.4666618732619747,-0.9116001396764563,-0.6489256321695462,-0.2986825436233218,-0.5442347304544964,-0.4022141567680305,-3.0764974900604005,-1.3530969044641898,-0.4022141567680305,0.6321893249967692,-0.13619218147129342,1.2900183344388854,4.641891466655316,0.17319181161092434,0,7,0.4423076923076923,0.5058707283327657
mix7_28,50,0.05,0.0,False,-0.1424361899474279,-0.33934949103991296,-0.4083401572007586,-0.41973302954114383,-0.14026732060279856,-0.3856248248480225,-0.2731119666778542,-2.116338670982088,-1.411966050183665,-0.2731119666778542,0.673355877481679,-0.1200370640983136,1.5589414404101367,5.609566366353165,0.18275805899280906,70,0,0.4423076923076923,0.43641119664788647
mix7_28,50,0.05,0.0,True,-0.06837594115030665,-0.28476000172886884,-0.1241759053069693,-0.24011778597827818,-0.06729065534652512,-0.30422263772159663,-0.21304927696945564,-1.667194224594731,-1.4279449432969082,-0.21141154984161858,0.673355877481679,-0.12003706409831383,1.5589414404101387,5.609566366353155,0.18275805899280906,63,0,0.4423076923076923,0.370585597133906
mix7_28,50,0.05,0.1,False,-0.23156268484724518,-0.3131194342961491,-1.0471784530236266,-0.7395346934238284,-0.22822829001306488,-0.34509694028534754,-0.24478254957439471,-2.0725377045862468,-1.4098102208893986,-0.24206193336478965,0.057045015707579916,-0.12257978790617152,0.33772115424311544,0.4653704879245257,0.018251680395388936,70,18,0.4423076923076923,0.44184891579237767
mix7_28,50,0.05,0.1,True,-0.17802907405877422,-0.2676046527014525,-0.7867787116617283,-0.6652689789268672,-0.17537579914762458,-0.27538015578201014,-0.19183866706832864,-1.6918626106052401,-1.4354778418259437,-0.19015679843300393,0.057045015707579916,-0.12257978790617208,0.33772115424311516,0.46537048792452357,0.018251680395388936,63,16,0.4423076923076923,0.37967737046206396
mix7_28,50,0.05,0.2,False,-0.21835991356138829,-0.33370928794246024,-0.8914341250293176,-0.6543417323135428,-0.21518803413153675,-0.3807472332142997,-0.26933840964388855,-2.22321524094241,-1.4136388260319523,-0.26933840964388855,0.24518925691646398,-0.11710794881198516,0.8727685686506369,2.093702941634741,0.07411143028054878,70,7,0.4423076923076923,0.439914141539334
mix7_28,50,0.05,0.2,True,-0.15087100990996427,-0.2786658481051085,-0.5793522145191403,-0.5414047359440257,-0.1485851424958684,-0.298716749130728,-0.20897717908428137,-1.760341527762147,-1.4294228223372385,-0.20733097749295049,0.24518925691646398,-0.11710794881198472,0.8727685686506383,2.093702941634749,0.07411143028054878,63,7,0.4423076923076923,0.374088542025112
mix7_28,50,0.05,0.3,False,-0.2114593936354322,-0.34722565065938504,-0.7906159043688592,-0.608997040494758,-0.20837389855512012,-0.39677551691610147,-0.28177779845771744,-2.2608307260222738,-1.4081149014855412,-0.28177779845771744,0.34779838875290436,-0.12003706409831394,1.0682543813682326,2.89742498590308,0.10220221505959093,70,5,0.4423076923076923,0.4380894351994612
mix7_28,50,0.05,0.3,True,-0.14336007226415803,-0.2932869676726497,-0.493125214036418,-0.4888047818891442,-0.14117832206860947,-0.3168507506821874,-0.22243116560954157,-1.8126541851199094,-1.4244890090554627,-0.22081296317758004,0.34779838875290503,-0.12003706409831416,1.0682543813682337,2.89742498590308,0.10220221505959115,63,5,0.4423076923076923,0.372263835688172
mix7_28,50,0.1,0.0,False,-0.23626122690540052,-0.45482632367694154,-0.6216945474719665,-0.519453722456958,-0.23286988222124383,-0.5339608560141283,-0.3962282320167717,-2.9692680318767546,-1.3476093141983043,-0.39342458825783455,1.0549855794681582,-0.13040825132809997,1.7542257912729857,8.089868307595603,0.2646904291346994,39,0,0.4423076923076923,0.4567893530341135
mix7_28,50,0.1,0.0,True,-0.15366693678190468,-0.3981528916053857,-0.33732880625543227,-0.3859495686752563,-0.1513425865819965,-0.4562360691185603,-0.3334601874422939,-2.5344608209785067,-1.3681875267268993,-0.3289603575171711,1.0549855794681537,-0.1304082513281002,1.7542257912729802,8.089868307595555,0.26469042913469853,35,0,0.4423076923076923,0.40148230956135084
mix7_28,50,0.1,0.1,False,-0.321883255760662,-0.4308176717605937,-1.2298584216125164,-0.7471449684160896,-0.31753945998257216,-0.5035112546314311,-0.3691001204172438,-2.9934885323876115,-1.364159009382723,-0.36775828539964417,0.2641969914618194,-0.1303997333890693,0.8173195190351621,2.0260546904152306,0.07942978809744572,39,24,0.4423076923076923,0.4660023320841717
mix7_28,50,0.1,0.1,True,-0.2600978965327414,-0.38114827023927456,-0.9628934827439878,-0.6824060787930613,-0.256424927610147,-0.43403011355396737,-0.31404354963129444,-2.6341681049469496,-1.3820698245945322,-0.3111408628990636,0.2641969914618185,-0.13039973338906952,0.8173195190351596,2.0260546904152203,0.0794297880974455,35,22,0.4423076923076923,0.41434799964811325
mix7_28,50,0.1,0.2,False,-0.3095433577392144,-0.4518853458665778,-1.066325982117954,-0.6850041953575745,-0.3053264793617534,-0.5301159047967846,-0.39143292643102257,-3.0968114362420445,-1.3542956379020927,-0.3901523744593296,0.4910099309541318,-0.13040651580540286,1.1849196789498386,3.765225440781149,0.13909358919348502,39,9,0.4423076923076923,0.4626565591025789
mix7_28,50,0.1,0.2,True,-0.23489421680853706,-0.39492180103672203,-0.7612867001584444,-0.5947866544513588,-0.2315193930207755,-0.45177147526685146,-0.32818542305636167,-2.659558680649735,-1.3765738619940637,-0.3253577982794785,0.4910099309541345,-0.13040651580540286,1.184919678949843,3.7652254407811694,0.1390935891934857,35,9,0.4423076923076923,0.4073517970102164
mix7_28,50,0.1,0.3,False,-0.2919006052846693,-0.461323329665145,-0.9158281299174246,-0.6327462465350442,-0.28787140039787296,-0.5424161114773287,-0.40342356987415295,-3.108820669614871,-1.3445325260656786,-0.40065333801876457,0.6969731960806853,-0.13039771963534452,1.430520619242988,5.344979943129078,0.18817479895203393,39,7,0.4423076923076923,0.46298886140020745
mix7_28,50,0.1,0.3,True,-0.21532341828748758,-0.40532529268889084,-0.6218250572368463,-0.5312360767300056,-0.21218942998860235,-0.4661014699246172,-0.34140355180694215,-2.679010269081144,-1.3652507932553366,-0.3369573477688269,0.6969731960806862,-0.13039771963534474,1.4305206192429893,5.3449799431290765,0.18817479895203415,35,7,0.4423076923076923,0.4076818179283611
mix7_28,50,0.15,0.0,False,-0.32896921726793926,-0.5055231279693057,-0.9350083834541422,-0.6507500825717188,-0.3245541887170409,-0.587294465376762,-0.43987075764308603,-3.1857588351224826,-1.3351523263869622,-0.43982545512883053,0.7752714376686334,-0.14536093817349394,1.410806707224792,5.333423458944085,0.20577740896509344,16,0,0.4423076923076923,0.5255920633532347
mix7_28,50,0.15,0.0,True,-0.267796793140745,-0.46121892717492785,-0.7254299800429616,-0.5806283683565677,-0.26403551020755556,-0.5295068183397047,-0.38968417806983624,-2.966488839788682,-1.358810154834694,-0.38963486600390385,0.7752714376686305,-0.14536093817349394,1.4108067072247894,5.333423458944066,0.20577740896509278,14,0,0.4423076923076923,0.4701664269655016
mix7_28,50,0.15,0.1,False,-0.4034753161273984,-0.48519140449179243,-1.5519962464074983,-0.8315796866805863,-0.3983876828811441,-0.5602569228515847,-0.41605940566707444,-3.2016062677886783,-1.346579154852457,-0.41605940566707444,0.095757904547636,-0.14643372546265765,0.4298357843628829,0.6539334039688515,0.03026287769240965,16,24,0.4423076923076923,0.5347305352681253
mix7_28,50,0.15,0.1,True,-0.3590993205792009,-0.4475463528308953,-1.385150606221241,-0.8023734710556027,-0.3543951641948271,-0.5102125269050906,-0.37335912048854625,-3.0803848744701816,-1.3665463059733736,-0.37335912048854625,0.095757904547636,-0.14643372546265776,0.42983578436288244,0.653933403968851,0.03026287769240965,14,22,0.4423076923076923,0.4829579074103863
mix7_28,50,0.15,0.2,False,-0.393015262402692,-0.5079872538774607,-1.3826331466180481,-0.773671503374959,-0.38801331673885453,-0.5836478982005577,-0.43658942833678605,-3.3005446555534665,-1.3368347017104831,-0.43658942833678605,0.28874065176200814,-0.15450413614685687,0.8074526795357312,1.868821501888848,0.08621796260324421,16,9,0.4423076923076923,0.5315127871566687
mix7_28,50,0.15,0.2,True,-0.3376992717283501,-0.4639180654800368,-1.1697308015090833,-0.7279286944321032,-0.33319815868879654,-0.5253688961838102,-0.3861251937749791,-3.0963183717695104,-1.3606180188542105,-0.3861251937749791,0.28874065176200814,-0.15450413614685699,0.8074526795357303,1.8688215018888468,0.08621796260324421,14,9,0.4423076923076923,0.47608989338029173
mix7_28,50,0.15,0.3,False,-0.37787252101958746,-0.5123573045100722,-1.2287292009531925,-0.7375175833218925,-0.37299981586146846,-0.5947827705261305,-0.4465465936821328,-3.3144953366138985,-1.3319612755785957,-0.44650183110068864,0.46586803737415705,-0.14700662124527786,1.0669491031625253,3.169027581396247,0.13279540813185808,16,7,0.4423076923076923,0.5320419175924328
mix7_28,50,0.15,0.3,True,-0.3211582135830451,-0.46866543300102526,-1.0187141576733332,-0.6852611499989643,-0.3168217745724331,-0.5380436470294951,-0.3969581569552757,-3.108297414405123,-1.3554165284229571,-0.3969094326095254,0.4658680373741597,-0.14700662124527775,1.0669491031625291,3.169027581396268,0.13279540813185875,14,7,0.4423076923076923,0.47661628097184117
mix7_28,50,0.2,0.0,False,-0.3099187264215689,-0.49980540906326765,-0.8353591638585809,-0.6200787762629796,-0.3056979340926006,-0.5858932121667946,-0.43862670620743416,-3.092203707935694,-1.3357445040971023,-0.4385807956978327,0.9186069470749365,-0.1373952367740452,1.5544522119627355,6.685871858757676,0.23669097990761268,4,0,0.4423076923076923,0.5621866003859869
mix7_28,50,0.2,0.0,True,-0.26375619640106784,-0.4669129511796891,-0.6898665692936565,-0.564893725339314,-0.2600410999821545,-0.5435919494953655,-0.4017111286021776,-3.0030017762002688,-1.3531911634783094,-0.40166224866205147,0.9186069470749398,-0.13739523677404486,1.5544522119627395,6.685871858757716,0.23669097990761334,4,0,0.4423076923076923,0.499527052154724
mix7_28,50,0.2,0.1,False,-0.3863307634429658,-0.4822659277707475,-1.4152424943296584,-0.8010741402129782,-0.38138511864929947,-0.5586463084935591,-0.41465984389771593,-3.0961029975591297,-1.3472399527342713,-0.41465984389771593,0.18481457319078265,-0.1436357019276603,0.6244317682470752,1.286689664968264,0.056846817874224076,4,24,0.4423076923076923,0.5712103268531407
mix7_28,50,0.2,0.1,True,-0.35534295664536053,-0.4565627072593288,-1.321672943289644,-0.778300441528451,-0.350673609479083,-0.5247489437255248,-0.3856002785465231,-3.110942237566495,-1.3608624602230759,-0.3856002785465231,0.18481457319078487,-0.14363570192766018,0.6244317682470799,1.2866896649682804,0.05684681787422474,4,22,0.4423076923076923,0.5122038470290776
mix7_28,50,0.2,0.2,False,-0.3756020339250079,-0.5053627827171407,-1.2604884636964953,-0.7432324792608206,-0.37074922840211055,-0.5820458269090729,-0.435170818171395,-3.1982863328128026,-1.337511162524299,-0.435170818171395,0.392750355597669,-0.15212898448345158,0.9793785773266642,2.5816931397474225,0.11405499546026099,4,9,0.4423076923076923,0.5680797600245328
mix7_28,50,0.2,0.2,True,-0.33385173456226136,-0.47285008692411856,-1.1179062397053803,-0.7060413940789585,-0.32938833156771974,-0.5393706519810484,-0.3980443773736463,-3.128415991650607,-1.3550515536480958,-0.3980443773736463,0.3927503555976639,-0.15212898448345247,0.9793785773266552,2.5816931397473737,0.11405499546025966,4,9,0.4423076923076923,0.5054230251576088
mix7_28,50,0.2,0.3,False,-0.36021534752665074,-0.5099000420218665,-1.1168883926546929,-0.7064430630331333,-0.3555009182161494,-0.5934073061600331,-0.4453176944042049,-3.215003002546017,-1.332548231558503,-0.4452723311003213,0.5841881119968964,-0.14460843719373884,1.2253549931605796,4.03979272118287,0.1618297011617187,4,7,0.4423076923076923,0.5686378311939401
mix7_28,50,0.2,0.3,True,-0.31741737636585854,-0.47767140013333587,-0.9741899289717898,-0.6645099042506115,-0.3131190943327341,-0.5518736124916515,-0.4088421119771608,-3.1401425355805377,-1.3498453224957434,-0.4087938146352682,0.5841881119968964,-0.14460843719373906,1.2253549931605785,4.039792721182864,0.1618297011617187,4,7,0.4423076923076923,0.505978282495467
mix7_28,100,0.0,0.0,False,-0.17004147781877688,-0.4029076126163984,-0.3635332232853326,-0.42203590226196724,-0.16749477364765764,-0.45045750393926987,-0.3242994629478738,-2.179282990773788,-1.389017113517928,-0.3242994629478738,0.8966669147926594,-0.12195758338004647,1.575880020143663,7.352285031742958,0.23206240146605017,0,0,0.3269230769230769,0.4073184410861821
mix7_28,100,0.0,0.0,True,-0.06973906542701669,-0.33200158059226337,-0.07762577009819932,-0.21005642594414148,-0.06863295010530623,-0.34772980833929357,-0.24405854055245424,-2.2936235194169856,-1.4247803316047356,-0.24405854055245424,0.8966669147926571,-0.12195758338004636,1.5758800201436622,7.352285031742946,0.23206240146604973,0,0,0.3269230769230769,0.3369824350956755
mix7_28,100,0.0,0.1,False,-0.28946972853713526,-0.4021986100017918,-1.0131449467611036,-0.7197183713187016,-0.28546694631418434,-0.44467221155134395,-0.3211544828108074,-2.2858788002165795,-1.3846053390240267,-0.31965006007868757,0.16225434225558089,-0.12133248653281514,0.5886561585166596,1.337270395523446,0.0502434287985043,0,17,0.3269230769230769,0.41540513866897116
mix7_28,100,0.0,0.1,True,-0.2129973004770922,-0.33897056474245824,-0.8233824610263721,-0.6283651816166471,-0.20989246787767224,-0.352510493051024,-0.24935293629797317,-2.664215793456776,-1.4137009905902171,-0.2476910490873303,0.16225434225558089,-0.12133248653281525,0.5886561585166583,1.3372703955234448,0.0502434287985043,0,16,0.3269230769230769,0.3472838557030301
mix7_28,100,0.0,0.2,False,-0.24909420157229134,-0.4069141391668919,-0.7624211590474733,-0.6121542055095013,-0.24554971231400613,-0.44542751026894156,-0.3217428691824791,-2.2514893912336955,-1.384420768673862,-0.32025611046465896,0.3768934682056817,-0.12748629305291825,0.9833383784564934,2.956345024866611,0.1099037436021979,0,9,0.3269230769230769,0.413132104522829
mix7_28,100,0.0,0.2,True,-0.15836858162466516,-0.3365017926896303,-0.49888385564351445,-0.4706322078073894,-0.15597985647256907,-0.3417866641176731,-0.24121718164902273,-2.48766495473573,-1.416925037350704,-0.2395555484945403,0.3768934682056868,-0.12748629305291737,0.9833383784565024,2.956345024866672,0.10990374360219923,0,9,0.3269230769230769,0.34279907398928294
mix7_28,100,0.0,0.3,False,-0.2305232601281183,-0.4123019665654378,-0.6340796705742116,-0.5591126863847524,-0.2272015270186064,-0.46042912757440024,-0.3323531194607472,-2.2945158277307303,-1.38536123362242,-0.3323531194607472,0.5661325182699082,-0.12200944271157765,1.2380638606664942,4.640071339463524,0.1574958192828082,0,7,0.3269230769230769,0.41377270474841066
mix7_28,100,0.0,0.3,True,-0.13753021091705997,-0.3425115343312737,-0.36484253237941405,-0.40153453864138233,-0.13543001105133523,-0.3595654581845278,-0.25306858604089133,-2.493925006087243,-1.420822172398863,-0.25306858604089133,0.5661325182699082,-0.12200944271157788,1.238063860666493,4.640071339463515,0.1574958192828082,0,7,0.3269230769230769,0.34343669818144507
mix7_28,100,0.05,0.0,False,-0.027716477993827704,-0.25251595246013536,0.005953763536313669,-0.10976129517283982,-0.02726713401058234,-0.29762826530389186,-0.20652558207653615,-2.1226350531182905,-1.4411205735936095,-0.20652558207653615,0.8677937428203857,-0.07685825091596654,1.919777575688975,11.290833872464695,0.22591585061441077,56,0,0.3269230769230769,0.33532014902440427
mix7_28,100,0.05,0.0,True,0.11778540058822595,-0.16172044003128672,0.5899224111452906,0.7283272328806364,0.11574127619339292,-0.13395193960048846,-0.11014370394595141,-1.0109825445762992,-1.216156119701767,-0.08987123738207603,0.8677937428203826,-0.0768582509159671,1.9197775756889692,11.290833872464573,0.2259158506144101,45,0,0.3269230769230769,0.269430970129481
mix7_28,100,0.05,0.1,False,-0.16952309179775604,-0.2586111380620806,-0.9034930277153596,-0.6555134982510358,-0.1669833471605412,-0.30294191366140666,-0.2104613765166018,-2.5754970316697796,-1.4394180950228164,-0.2104613765166018,0.17870729781799555,-0.0767833055410716,0.764806546884523,2.3274238658871558,0.05506764085110638,56,12,0.3269230769230769,0.33954757987003426
mix7_28,100,0.05,0.1,True,-0.04525244207030632,-0.15138900233481933,-0.18488684073485906,-0.2989149896782053,-0.044525380499267464,-0.14051726169251566,-0.09627566130667942,-1.4090498312282538,-1.4595304751520501,-0.09439491601698069,0.1787072978179962,-0.0767833055410716,0.7648065468845271,2.3274238658871647,0.0550676408511066,45,12,0.3269230769230769,0.27365840097511096
mix7_28,100,0.05,0.2,False,-0.11379681923490703,-0.24613442125852947,-0.4996961219918272,-0.46233606276214223,-0.11203515800837571,-0.2920520593792185,-0.2024063493623186,-2.3557164589191806,-1.4428996931140194,-0.2024063493623186,0.38987571860439796,-0.07678575332497073,1.3000194175625164,5.077448637566604,0.1133048028675887,56,7,0.3269230769230769,0.33882309391609466
mix7_28,100,0.05,0.2,True,0.018805793289153883,-0.13711351580445064,0.1923520820695644,0.1371549199859658,0.018493816012536968,-0.1270986494839048,-0.08706167197021797,-1.1676279418438444,-1.4598691549064515,-0.08516175140073323,0.3898757186043986,-0.07678575332497084,1.3000194175625173,5.077448637566605,0.11330480286758893,45,7,0.3269230769230769,0.2729339150211713
mix7_28,100,0.05,0.3,False,-0.10597318938783651,-0.2614273263161412,-0.4015185074671981,-0.40536385725677465,-0.10432539683480391,-0.3103760637997015,-0.21598524507076944,-2.3524347235520353,-1.4370243842258952,-0.21598524507076944,0.5044076582709092,-0.07680311704184772,1.4648107471291372,6.567541496995135,0.1424205954466311,56,5,0.3269230769230769,0.33699838757327183
mix7_28,100,0.05,0.3,True,0.027817600543875054,-0.161734739653281,0.23479816201836975,0.17199521020350397,0.02735412745930521,-0.14967040550150734,-0.11015888337924629,-1.238955103405579,-1.3586775837790033,-0.1007216330359848,0.5044076582709136,-0.07680311704184739,1.4648107471291474,6.567541496995221,0.14242059544663221,45,5,0.3269230769230769,0.27110920867834853
mix7_28,100,0.1,0.0,False,-0.13899720155845297,-0.3866069861932212,-0.33727416917109865,-0.359531013464366,-0.13687642055662852,-0.4387558571858744,-0.31807912156773166,-2.897369796384098,-1.3793921934371474,-0.314912588589067,1.0310735625282947,-0.13040825132809997,1.7865580650988548,7.906505547215494,0.2598736527150225,34,0,0.3269230769230769,0.3202228553397423
mix7_28,100,0.1,0.0,True,0.03661954811172041,-0.2682833688753732,0.2661123145549935,0.13649578155078054,0.03600687434457317,-0.25827533868095676,-0.1865327349156911,-1.8716554110640096,-1.3846113326848062,-0.17768986428759526,1.0310735625282947,-0.13040825132809986,1.7865580650988542,7.9065055472155015,0.2598736527150225,27,0,0.3269230769230769,0.2685906367083942
mix7_28,100,0.1,0.1,False,-0.27265530066822985,-0.3902007258625765,-1.1756079431896174,-0.698756518367563,-0.2688389619942363,-0.4431458167828155,-0.31987268621928344,-3.2915269899101354,-1.385381859328321,-0.31842615139562724,0.24036868943140832,-0.13039973338906907,0.7960680101424431,1.843321939272903,0.07275394955796544,34,16,0.3269230769230769,0.3305943231087972
mix7_28,100,0.1,0.1,True,-0.12431425864240953,-0.2696050448062294,-0.4766175376117926,-0.46109767245548655,-0.12240128682943385,-0.2640943749134663,-0.18536704188599296,-2.3343558459208533,-1.4247105214954736,-0.18191984887850032,0.24036868943140832,-0.13039973338906918,0.7960680101424434,1.8433219392729014,0.07275394955796544,27,16,0.3269230769230769,0.27896426506693733
mix7_28,100,0.1,0.2,False,-0.2216119933538795,-0.38329799436166934,-0.8140345333669785,-0.5781715443696598,-0.21839974499721326,-0.4341254385249086,-0.3126631363069643,-3.1203038339416658,-1.388476568272813,-0.311216836278181,0.4736603908489887,-0.13040651580540263,1.2038979345401906,3.63218346816199,0.13475516849081126,34,9,0.3269230769230769,0.32609006140829055
mix7_28,100,0.1,0.2,True,-0.06287058169571436,-0.26134484454228757,-0.14117998762009681,-0.24056560903592425,-0.06186974974960868,-0.25218538094162,-0.17674023863462263,-2.1125551695486804,-1.426870207315755,-0.17327519071970832,0.4736603908489896,-0.13040651580540252,1.2038979345401921,3.6321834681619998,0.13475516849081148,27,9,0.3269230769230769,0.27446012415742477
mix7_28,100,0.1,0.3,False,-0.20172239265341674,-0.3939169834608435,-0.6522897693392412,-0.5120936672522741,-0.19876045579927715,-0.44893839800143276,-0.3262057869288808,-3.097244864349426,-1.3762428993919413,-0.3230769905186167,0.6772270469025159,-0.13039771963534452,1.456539689273821,5.193549770627679,0.18364944458688637,34,7,0.3269230769230769,0.3264223637049135
mix7_28,100,0.1,0.3,True,-0.0388995551545821,-0.27404500917505925,-0.016758330206338542,-0.14194586236647413,-0.03827250748498101,-0.2717323016345795,-0.1929380912758185,-2.1043779604337445,-1.408391157172376,-0.18748959253668385,0.6772270469025159,-0.1303977196353444,1.456539689273823,5.193549770627683,0.18364944458688637,27,7,0.3269230769230769,0.2747901450735654
mix7_28,100,0.15,0.0,False,-0.24428370396724197,-0.4442060187764736,-0.6954887650794425,-0.5499333499354645,-0.24079620749095976,-0.5056097576360454,-0.36956035332903003,-3.079029724876955,-1.3681385275272935,-0.3695093642020202,0.7679217216032017,-0.13819452452029157,1.4428867866204798,5.556817278172589,0.20414761045285745,17,0,0.3269230769230769,0.3670478605978906
mix7_28,100,0.15,0.0,True,-0.09104777310262746,-0.3335339282573101,-0.16413268151698868,-0.27297904467574047,-0.08962027956513952,-0.34760437200486916,-0.2440244352431109,-2.464313663598045,-1.4244654296958665,-0.24396335421661108,0.7679217216031977,-0.13819452452029135,1.4428867866204746,5.556817278172569,0.20414761045285656,13,0,0.3269230769230769,0.31110152637479005
mix7_28,100,0.15,0.1,False,-0.36075297774094417,-0.44894839601792935,-1.5270807012787944,-0.8035511006181143,-0.3560336109065019,-0.5093109868396932,-0.37260409218490576,-3.3903699736218704,-1.3668958487631058,-0.37260409218490576,0.0832424410081658,-0.13822638026299017,0.4016802305897811,0.6022181934431643,0.02641152272750813,17,16,0.3269230769230769,0.37742853328001497
mix7_28,100,0.15,0.1,True,-0.2311458601810542,-0.3392311441590006,-0.9659647169639496,-0.6813816011914111,-0.22781654014527597,-0.3525042386580347,-0.24768629077469584,-2.9349283569106785,-1.4231883305107305,-0.24768629077469584,0.08324244100816447,-0.13822638026299028,0.40168023058977853,0.6022181934431542,0.026411522727507686,13,16,0.3269230769230769,0.3214846571396913
mix7_28,100,0.15,0.2,False,-0.3164124963439222,-0.4469757061510192,-1.1780983459458525,-0.7078964068732099,-0.3121245211172171,-0.5012414439645635,-0.36586713410196237,-3.2511838111749607,-1.3700094849866293,-0.36586713410196237,0.2834051984496573,-0.138224682985565,0.8205234971614709,2.0503226509787233,0.08474976755642016,17,9,0.3269230769230769,0.3729685844014074
mix7_28,100,0.15,0.2,True,-0.17782424852082046,-0.33687273170819443,-0.6162594998517051,-0.5278677428687081,-0.17517369072212552,-0.34186664311490333,-0.23961605344619374,-2.726039061343003,-1.4267267914571098,-0.23961605344619374,0.2834051984496566,-0.138224682985565,0.8205234971614689,2.0503226509787185,0.08474976755641994,13,9,0.3269230769230769,0.31702499278974516
mix7_28,100,0.15,0.3,False,-0.29935870876088233,-0.4518876605340917,-1.0109120832411573,-0.6624626758054569,-0.2952492861018886,-0.5145801849444935,-0.37707417584699565,-3.2465100775946683,-1.364665675629013,-0.3770237944280377,0.4597992674748117,-0.13821050685189096,1.0896977359590747,3.3268040031684527,0.13126425631468686,17,7,0.3269230769230769,0.3734977148361653
mix7_28,100,0.15,0.3,True,-0.15729028814334467,-0.3427451714457945,-0.4674684909306514,-0.45891321380210975,-0.15491628944550062,-0.3594417161632477,-0.25303444301231337,-2.6941960227602264,-1.4205248577394511,-0.25297408997299764,0.4597992674748135,-0.13821050685189085,1.0896977359590772,3.3268040031684682,0.1312642563146873,13,7,0.3269230769230769,0.31755138037928926
mix7_28,100,0.2,0.0,False,-0.2087587677824767,-0.4277693993647901,-0.506618338410096,-0.4880170673556126,-0.20570734790950307,-0.48086164687492916,-0.3490712891782153,-2.4531605114244135,-1.377545681304742,-0.3490180546030074,0.8409584498407143,-0.13051198758619598,1.5132747982639219,6.443534156472084,0.22014543983413892,5,0,0.3269230769230769,0.404365958461678
mix7_28,100,0.2,0.0,True,-0.08919346559388175,-0.3428210581153809,-0.14487429010296388,-0.26017499066192873,-0.08779362014523817,-0.3586622319929892,-0.25244005402891134,-2.3793670086518124,-1.420781790642116,-0.2523789787070281,0.8409584498407174,-0.13051198758619598,1.5132747982639245,6.443534156472107,0.2201454398341396,4,0,0.3269230769230769,0.33709302200593966
mix7_28,100,0.2,0.1,False,-0.3222678078095025,-0.4291504990001649,-1.1902453494913303,-0.750943570053681,-0.31792011522519414,-0.47511097517541323,-0.34430521793201285,-2.5880983292773987,-1.3799122128588523,-0.34430521793201285,0.12863204214615487,-0.12939752364745016,0.5103751588663658,0.9940842646774224,0.04023991562599161,5,17,0.3269230769230769,0.41235273908528264
mix7_28,100,0.2,0.1,True,-0.22929719017140626,-0.3522122680921759,-0.9067159475939108,-0.6510198847230328,-0.2259904217060016,-0.363310731820333,-0.2559316685822258,-2.7734443924787926,-1.4195614549498723,-0.2559316685822258,0.12863204214615775,-0.12939752364744994,0.510375158866373,0.9940842646774464,0.040239915625992495,4,16,0.3269230769230769,0.34731305139435553
mix7_28,100,0.2,0.2,False,-0.2840706812575413,-0.43412712358311767,-0.9274449784184936,-0.6543490738678837,-0.28012706753520034,-0.4760384338672724,-0.3450640861852611,-2.547638300009746,-1.3795652834519923,-0.3450640861852611,0.3363839527242345,-0.13598740811005483,0.9106241826782699,2.473640445091787,0.0991501874921299,5,9,0.3269230769230769,0.41025911810030685
mix7_28,100,0.2,0.2,True,-0.1759085915904155,-0.35014023909501324,-0.5766613259706302,-0.5023946749024791,-0.17328348597344168,-0.35273052785125913,-0.24785846062326444,-2.593156977145939,-1.4231127191070403,-0.24785846062326444,0.33638395272423627,-0.1359874081100545,0.9106241826782735,2.473640445091806,0.09915018749213034,4,9,0.3269230769230769,0.34298899500898955
mix7_28,100,0.2,0.3,False,-0.2664284394342473,-0.4393178206915317,-0.7883638624984477,-0.6064594398079763,-0.26268275715094336,-0.4902815706625876,-0.3568296851862318,-2.57695945092571,-1.3739932270677153,-0.35677708511201733,0.520073976258765,-0.1305638837498837,1.1701610311046695,3.9832912542265593,0.14628572114452787,5,7,0.3269230769230769,0.4108171892687071
mix7_28,100,0.2,0.3,True,-0.15557766213146085,-0.3560838565951173,-0.43702668436047426,-0.43691298903325276,-0.15322709905484022,-0.37029950100437037,-0.26135019393396275,-2.582013292666394,-1.4168709631718759,-0.2612898465666261,0.520073976258765,-0.13056388374988392,1.1701610311046686,3.9832912542265526,0.14628572114452787,4,7,0.3269230769230769,0.34354425234484076
mix7_28,200,0.0,0.0,False,-0.005373727602974165,-0.28656738552262584,0.14014527946116392,-0.01875205579718661,-0.005285626224111328,-0.2787745697441669,-0.24040844826402763,-1.5558951059774948,-1.1595872431155325,-0.19264286241324846,0.8966669147926551,-0.12195758338004659,1.5758800201436596,7.352285031742916,0.23206240146604928,0,0,0.21153846153846154,0.24520061705147886
mix7_28,200,0.0,0.0,True,0.10195093972626479,-0.2109150742803143,0.48267760454574055,0.48337436323194255,0.10019376997257234,-0.15876442168578442,-0.11813855261344242,-2.4614409898529925,-1.3438832470317517,-0.10703080569341694,0.8966669147926583,-0.12195758338004636,1.575880020143663,7.352285031742955,0.23206240146604995,0,0,0.21153846153846154,0.19033954441245834
mix7_28,200,0.0,0.1,False,-0.1443308389859138,-0.28228296082637616,-0.44491707626674337,-0.5112984452316532,-0.14213557167438395,-0.2658188580862706,-0.24040844826402763,-1.4776449934708185,-1.1056968255721866,-0.1831756288091918,0.16225434225557867,-0.1213324865328157,0.5886561585166539,1.3372703955234215,0.05024342879850363,0,12,0.21153846153846154,0.25391042944060604
mix7_28,200,0.0,0.1,True,-0.06317041656944611,-0.21537697843583936,-0.18032394068366897,-0.2933016194591314,-0.06216497156001677,-0.15876442168578442,-0.11813855261344242,-2.4614409898529925,-1.3438832470317517,-0.10703080569341694,0.16225434225557933,-0.12133248653281536,0.5886561585166561,1.3372703955234306,0.05024342879850385,0,11,0.21153846153846154,0.20126147097089925
mix7_28,200,0.0,0.2,False,-0.10555293507526908,-0.29556983105399814,-0.24681275006856956,-0.3571167419180391,-0.10391129056850945,-0.2787745697441669,-0.24040844826402763,-1.5558951059774948,-1.1595872431155325,-0.19264286241324846,0.3768934682056835,-0.12748629305291803,0.983338378456496,2.9563450248666303,0.10990374360219834,0,7,0.21153846153846154,0.25312172362384167
mix7_28,200,0.0,0.2,True,-0.009038056722707744,-0.2208721380860139,0.0835474984926417,-0.04091985888771569,-0.008890148317684865,-0.15876442168578442,-0.11813855261344242,-2.4614409898529925,-1.3438832470317517,-0.10703080569341694,0.3768934682056826,-0.1274862930529177,0.9833383784564946,2.956345024866631,0.10990374360219812,0,7,0.21153846153846154,0.1982606509848211
mix7_28,200,0.0,0.3,False,-0.06654474152512335,-0.2893216221487389,-0.08005960477405932,-0.23000265597471664,-0.06548748857520048,-0.2787745697441669,-0.24040844826402763,-1.5558951059774948,-1.1595872431155325,-0.19264286241324846,0.5661325182699064,-0.12200944271157765,1.238063860666492,4.640071339463509,0.15749581928280776,0,6,0.21153846153846154,0.25130309707307347
mix7_28,200,0.0,0.3,True,0.03417929710408618,-0.2139613698370757,0.257644695942271,0.15974517797354051,0.03360810915820722,-0.15876442168578442,-0.11813855261344242,-2.4614409898529925,-1.3438832470317517,-0.10703080569341694,0.5661325182699073,-0.1220094427115781,1.238063860666493,4.6400713394635,0.15749581928280798,0,6,0.21153846153846154,0.1964420244340529
mix7_28,200,0.05,0.0,False,0.00699034269798493,-0.22627983927679518,0.13979998899085974,0.030892468018036922,0.006875038860193472,-0.2596323007744169,-0.17867524238669197,-3.1716941542201877,-1.4530961162068348,-0.17867524238669197,0.8677937428203868,-0.07685825091596676,1.9197775756889761,11.290833872464676,0.225915850614411,42,0,0.21153846153846154,0.20377136621297381
mix7_28,200,0.05,0.0,True,0.1390099318337843,-0.12842702165831932,0.7235830900355864,1.0824040769521297,0.1365755039032157,-0.10913335139113123,-0.07480184501114417,-3.0948970280746555,-1.4589660371996473,-0.07287641045379989,0.8677937428203857,-0.07685825091596676,1.9197775756889754,11.290833872464662,0.22591585061441077,32,0,0.21153846153846154,0.1572611937228812
mix7_28,200,0.05,0.1,False,-0.13551873982883855,-0.2287634712006309,-0.7847656985266445,-0.5923967629866285,-0.13344682561232024,-0.2596323007744169,-0.17867524238669197,-3.1716941542201877,-1.4530961162068348,-0.17867524238669197,0.17870729781799555,-0.07678330554107193,0.7648065468845254,2.327423865887146,0.05506764085110638,42,7,0.21153846153846154,0.2064002562957311
mix7_28,200,0.05,0.1,True,-0.022182537936757285,-0.13122475988829962,-0.07188064540063145,-0.16904232063856986,-0.02182190160008113,-0.10913335139113123,-0.07480184501114417,-3.0948970280746555,-1.4589660371996473,-0.07287641045379989,0.17870729781799555,-0.07678330554107171,0.7648065468845245,2.3274238658871527,0.05506764085110638,32,7,0.21153846153846154,0.15989008380563854
mix7_28,200,0.05,0.2,False,-0.0869819947018513,-0.22370437222284156,-0.4118534430887593,-0.38882563553655,-0.08561520263504596,-0.2596323007744169,-0.17867524238669197,-3.1716941542201877,-1.4530961162068348,-0.17867524238669197,0.3898757186043986,-0.07678575332497117,1.3000194175625168,5.077448637566583,0.11330480286758893,42,5,0.21153846153846154,0.206877799052957
mix7_28,200,0.05,0.2,True,0.032717526556814924,-0.1255258338584082,0.2756850009282781,0.2606437699009428,0.03217114509362373,-0.10913335139113123,-0.07480184501114417,-3.0948970280746555,-1.4589660371996473,-0.07287641045379989,0.3898757186043986,-0.07678575332497095,1.3000194175625166,5.077448637566598,0.11330480286758893,32,5,0.21153846153846154,0.16036762656286443
mix7_28,200,0.05,0.3,False,-0.06269988639859259,-0.22627983927679518,-0.23361023425552796,-0.2770900253375883,-0.061701681352343996,-0.2596323007744169,-0.17867524238669197,-3.1716941542201877,-1.4530961162068348,-0.17867524238669197,0.5044076582709127,-0.07680311704184739,1.4648107471291454,6.56754149699521,0.142420595446632,42,4,0.21153846153846154,0.20510238382518675
mix7_28,200,0.05,0.3,True,0.06018309534188648,-0.12842702165831932,0.4101889322900981,0.4686170757895787,0.05916508322198788,-0.10913335139113123,-0.07480184501114417,-3.0948970280746555,-1.4589660371996473,-0.07287641045379989,0.5044076582709092,-0.07680311704184772,1.4648107471291365,6.567541496995135,0.1424205954466311,32,4,0.21153846153846154,0.15859221133509413
mix7_28,200,0.1,0.0,False,-0.043987579197721116,-0.3200914127761916,-0.022038862182387594,-0.13742192836793563,-0.04328037605632473,-0.3431966157803443,-0.2430180178812995,-3.375996877400186,-1.412227038852635,-0.24062256411033855,1.0310735625282925,-0.13040825132810008,1.7865580650988506,7.90650554721547,0.25987365271502205,26,0,0.21153846153846154,0.181005667601658
mix7_28,200,0.1,0.0,True,0.13705236692106126,-0.1953309519234313,0.614589754060165,0.701641831832085,0.1346542061483782,-0.14774737745916644,-0.10127989269384197,-3.4436141817769186,-1.4588026658538293,-0.0993904795903916,1.031073562528297,-0.13040825132810008,1.7865580650988557,7.906505547215505,0.25987365271502294,19,0,0.21153846153846154,0.1525230042304752
mix7_28,200,0.1,0.1,False,-0.18816150537557508,-0.3205904097552219,-0.8208274984899606,-0.5869218156564343,-0.18537485644416518,-0.3431966157803443,-0.2430180178812995,-3.375996877400186,-1.412227038852635,-0.24062256411033855,0.24036868943140766,-0.1303997333890693,0.7960680101424401,1.8433219392728948,0.07275394955796521,26,11,0.21153846153846154,0.1917809662870712
mix7_28,200,0.1,0.1,True,-0.03442375665404851,-0.19592151281890235,-0.07115112963075898,-0.1757017703608061,-0.03386757997108736,-0.14774737745916644,-0.10127989269384197,-3.4436141817769186,-1.4588026658538293,-0.0993904795903916,0.2403686894314092,-0.13039973338906918,0.7960680101424442,1.8433219392729083,0.07275394955796566,19,11,0.21153846153846154,0.1632983029158884
mix7_28,200,0.1,0.2,False,-0.14043342097681433,-0.3200914127761916,-0.5021029482660375,-0.43872911103368334,-0.13829252978890727,-0.3431966157803443,-0.2430180178812995,-3.375996877400186,-1.412227038852635,-0.24062256411033855,0.4736603908489869,-0.13040651580540252,1.2038979345401877,3.6321834681619793,0.13475516849081082,26,7,0.21153846153846154,0.18863604297130485
mix7_28,200,0.1,0.2,True,0.022342588796439244,-0.1953309519234313,0.20976653459485428,0.11438324841214832,0.02197130807683423,-0.14774737745916644,-0.10127989269384197,-3.4436141817769186,-1.4588026658538293,-0.0993904795903916,0.4736603908489905,-0.13040651580540275,1.2038979345401932,3.6321834681620007,0.1347551684908117,19,7,0.21153846153846154,0.16015337960012205
mix7_28,200,0.1,0.3,False,-0.1027640842530787,-0.3200914127761916,-0.2897947755523106,-0.3210460516943999,-0.10116331977738846,-0.3431966157803443,-0.2430180178812995,-3.375996877400186,-1.412227038852635,-0.24062256411033855,0.677227046902515,-0.1303977196353443,1.4565396892738198,5.193549770627681,0.18364944458688615,26,6,0.21153846153846154,0.18685401447208252
mix7_28,200,0.1,0.3,True,0.06714536285048878,-0.1953309519234313,0.3882188580426342,0.34375178224088826,0.06600595862249481,-0.14774737745916644,-0.10127989269384197,-3.4436141817769186,-1.4588026658538293,-0.0993904795903916,0.677227046902515,-0.1303977196353443,1.456539689273821,5.193549770627681,0.18364944458688615,19,6,0.21153846153846154,0.15837135110089975
mix7_28,200,0.15,0.0,False,-0.11830620570137118,-0.35319682907543537,-0.27413374047740996,-0.3349582894361248,-0.11647942050075555,-0.37676983233244987,-0.27680362874693776,-3.048235554415698,-1.3611448449503682,-0.2662688761496862,0.7679217216031986,-0.13819452452029124,1.4428867866204758,5.55681727817258,0.2041476104528568,13,0,0.21153846153846154,0.21985545921024643
mix7_28,200,0.15,0.0,True,0.048242926922426266,-0.23320186039455437,0.3057469023152486,0.2068719642322065,0.047431378072448016,-0.1917943027403498,-0.13014702767335184,-3.8705914271413224,-1.4736740912879143,-0.13014702767335184,0.7679217216031977,-0.13819452452029146,1.4428867866204753,5.556817278172565,0.20414761045285656,9,0,0.21153846153846154,0.17936982511705502
mix7_28,200,0.15,0.1,False,-0.2504503863494625,-0.3555525185088635,-1.0555410577598312,-0.7043977283575874,-0.24688991989623355,-0.37676983233244987,-0.27680362874693776,-3.048235554415698,-1.3611448449503682,-0.2662688761496862,0.0832424410081658,-0.13822638026299028,0.4016802305897812,0.6022181934431639,0.02641152272750813,13,11,0.21153846153846154,0.23078802103402904
mix7_28,200,0.15,0.1,True,-0.1088628660343115,-0.2359945774934188,-0.4272059410710577,-0.4612939296766146,-0.10717288612515607,-0.1917943027403498,-0.13014702767335184,-3.8705914271413224,-1.4736740912879143,-0.13014702767335184,0.0832424410081658,-0.13822638026299006,0.40168023058978203,0.6022181934431647,0.02641152272750813,9,11,0.21153846153846154,0.19030238694083768
mix7_28,200,0.15,0.2,False,-0.20711595234968483,-0.3601165332005001,-0.7507790658241076,-0.5751359164461634,-0.20408533395446127,-0.37676983233244987,-0.27680362874693776,-3.048235554415698,-1.3611448449503682,-0.2662688761496862,0.2834051984496566,-0.13822468298556523,0.8205234971614691,2.0503226509787154,0.08474976755641994,13,7,0.21153846153846154,0.22777092758122988
mix7_28,200,0.15,0.2,True,-0.05734269630397104,-0.24140530850402342,-0.13296912772011163,-0.2375370146552321,-0.05642719046040778,-0.1917943027403498,-0.13014702767335184,-3.8705914271413224,-1.4736740912879143,-0.13014702767335184,0.28340519844965484,-0.13822468298556512,0.8205234971614667,2.0503226509787043,0.0847497675564195,9,7,0.21153846153846154,0.18728529348803852
mix7_28,200,0.15,0.3,False,-0.17253633087826803,-0.35444230576461433,-0.5414648321772891,-0.4867825540917502,-0.169956205842535,-0.37676983233244987,-0.27680362874693776,-3.048235554415698,-1.3611448449503682,-0.2662688761496862,0.4597992674748135,-0.13821050685189085,1.0896977359590767,3.3268040031684682,0.1312642563146873,13,6,0.21153846153846154,0.2259538991144291
mix7_28,200,0.15,0.3,True,-0.016231095136468143,-0.23467839800462675,0.060277654593928434,-0.06916314102394777,-0.015966424157774495,-0.1917943027403498,-0.13014702767335184,-3.8705914271413224,-1.4736740912879143,-0.13014702767335184,0.4597992674748126,-0.13821050685189096,1.0896977359590752,3.3268040031684594,0.13126425631468708,9,6,0.21153846153846154,0.18546826502123775
mix7_28,200,0.2,0.0,False,-0.04881320798679123,-0.314174515531345,-0.0024837273773322425,-0.15536972470296104,-0.04803038788006542,-0.31548063361758905,-0.25674379620580645,-1.9022952850696835,-1.2287760728002128,-0.21979005039813904,0.8409584498407183,-0.13051198758619587,1.5132747982639256,6.443534156472119,0.2201454398341398,3,0,0.21153846153846154,0.24929524406677916
mix7_28,200,0.2,0.0,True,0.08227323630940897,-0.2213128466580021,0.4187929202531292,0.37175083847051577,0.08086754446587996,-0.16898338909638455,-0.12516780916389192,-2.687679391505479,-1.3500547003672605,-0.11414860132345506,0.8409584498407143,-0.13051198758619598,1.5132747982639208,6.443534156472084,0.22014543983413892,2,0,0.21153846153846154,0.19749048681303166
mix7_28,200,0.2,0.1,False,-0.18132583490526366,-0.3125742750872398,-0.6213351287531776,-0.5801047922278807,-0.17862894087058423,-0.3028622399464518,-0.25674379620580645,-1.8223853732510622,-1.1796282692013975,-0.2104022862503463,0.12863204214615553,-0.12939752364745027,0.5103751588663681,0.9940842646774266,0.04023991562599183,3,12,0.21153846153846154,0.25785965839082425
mix7_28,200,0.2,0.1,True,-0.0797602665211351,-0.22877557863183018,-0.2608379860699015,-0.348639776142775,-0.07850201578354443,-0.16898338909638455,-0.12516780916389192,-2.687679391505479,-1.3500547003672605,-0.11414860132345506,0.1286320421461542,-0.12939752364745027,0.5103751588663642,0.9940842646774164,0.040239915625991385,2,11,0.21153846153846154,0.20828563194190652
mix7_28,200,0.2,0.2,False,-0.14463153828971198,-0.32588877922617243,-0.41098169366614146,-0.44380643799133446,-0.1424320876118892,-0.31548063361758905,-0.25674379620580645,-1.9022952850696835,-1.2287760728002128,-0.21979005039813904,0.3363839527242354,-0.1359874081100545,0.9106241826782722,2.4736404450917995,0.09915018749213012,3,7,0.21153846153846154,0.2572134913841801
mix7_28,200,0.2,0.2,True,-0.026750159836808174,-0.23461323700014536,0.009208517635708542,-0.11401811840988153,-0.026316269054510122,-0.16898338909638455,-0.12516780916389192,-2.687679391505479,-1.3500547003672605,-0.11414860132345506,0.3363839527242345,-0.13598740811005483,0.9106241826782713,2.473640445091787,0.0991501874921299,2,7,0.21153846153846154,0.20540873413043256
mix7_28,200,0.2,0.3,False,-0.10732400773995288,-0.319909467253505,-0.23422404268271796,-0.3354824371449639,-0.10565647527649491,-0.31548063361758905,-0.25674379620580645,-1.9022952850696835,-1.2287760728002128,-0.21979005039813904,0.5200739762587661,-0.13056388374988415,1.1701610311046695,3.9832912542265544,0.1462857211445281,3,6,0.21153846153846154,0.2553948077112066
mix7_28,200,0.2,0.3,True,0.015698854558504394,-0.2278243183548323,0.18824833173932673,0.06890772096617759,0.015438809358831795,-0.16898338909638455,-0.12516780916389192,-2.687679391505479,-1.3500547003672605,-0.11414860132345506,0.5200739762587641,-0.13056388374988404,1.170161031104668,3.9832912542265424,0.14628572114452765,2,6,0.21153846153846154,0.20359005045745912
