lookback,btc_ma,sl,tp,abs_mom,full_cagr,full_mdd,full_sharpe,full_calmar,full_total,is_cagr,is_mdd,is_sharpe,is_calmar,is_total,oos_cagr,oos_mdd,oos_sharpe,oos_calmar,oos_total,n_sl,n_tp,exposure,turnover_per_week
7,0,0.0,0.0,False,-0.5632890624309922,-0.9995391162096339,-0.29504410693052746,-0.5635487929347363,-0.9915294395542975,-0.07282778629884334,-0.9562197464651894,0.4537335399494512,-0.0761621861168024,-0.2519167185957908,-0.9074857789625135,-0.9968578422772196,-2.0241882445630175,-0.9103462304007712,-0.9895915476684047,0,0,1.0,1.6817528439381677
7,0,0.0,0.0,True,-0.5601967568525617,-0.9992025588050268,-0.3630245818583912,-0.5606438373441677,-0.9911781535886734,-0.11221474431781997,-0.9378774377813043,0.3703612921794148,-0.11964755712993959,-0.36673218408251784,-0.8963572722023658,-0.9958685763485194,-2.001243183343799,-0.9000758669271154,-0.987058271464855,0,0,0.9767441860465116,1.5094305488220314
7,0,0.0,0.1,False,-0.46593912193454545,-0.9948812990261656,-0.3982879085935171,-0.4683363959003225,-0.9730088530479246,-0.14377804742320988,-0.8900764261211598,0.2229441909607518,-0.1615344965934851,-0.4488847438638591,-0.7988389859920311,-0.9799548691412091,-1.8513455024292953,-0.8151793629966855,-0.9538331114144628,0,726,1.0,1.5310267483227757
7,0,0.0,0.1,True,-0.4522781244077294,-0.9924798675638199,-0.45415267195238906,-0.45570508701391504,-0.9687828961844097,-0.1424766075844086,-0.8650323296472585,0.17223641335351395,-0.16470668517384487,-0.44566247235895595,-0.78257023665226,-0.975987952880746,-1.8574195163042702,-0.8018236642597992,-0.946407388719025,0,661,0.9767441860465116,1.3641588469931618
7,0,0.0,0.2,False,-0.4954357160495596,-0.9975639813479033,-0.34346793150578886,-0.4966455538822978,-0.9805408152369626,-0.08129384079099844,-0.9117212963696661,0.35738847267163903,-0.08916523186932016,-0.27779783991187534,-0.8537697692829256,-0.9905637337527937,-1.9361058953708388,-0.8619029146649472,-0.97495613161532,0,403,1.0,1.6166295164665807
7,0,0.0,0.2,True,-0.48833021351925965,-0.9962010588594761,-0.4092925729311632,-0.49019242569199417,-0.978908862229819,-0.10303120260912157,-0.8838977170817149,0.28499559780297934,-0.1165646212429311,-0.3412166791959991,-0.8391107686666779,-0.9882475499549492,-1.9223688484042833,-0.8490896523901628,-0.96992047911551,0,372,0.9767441860465116,1.4453073026095566
7,0,0.0,0.3,False,-0.5027127083045708,-0.9983931147932051,-0.3028467480426162,-0.5035218100524427,-0.982102561296932,-0.06192164761244823,-0.9174578070046703,0.40442604897573514,-0.06749263796077003,-0.21757299343290004,-0.8671501722673384,-0.9929206551479424,-1.924627108936743,-0.873332796302979,-0.9791659111424962,0,236,1.0,1.6440282767816974
7,0,0.0,0.3,True,-0.48987199394745595,-0.9973318759991103,-0.3522112006858687,-0.49118252984415084,-0.9792722408630935,-0.07644729239828685,-0.8876524659895866,0.34587798955537974,-0.08612299895214134,-0.26306420978693124,-0.8512257146728677,-0.9908192779397197,-1.8946724866176288,-0.8591129922733046,-0.9741138684941147,0,222,0.9767441860465116,1.4706258023600272
7,0,0.05,0.0,False,-0.4526584787879845,-0.9944124525026424,-0.8037543774020496,-0.45520194125563973,-0.9689075321007572,-0.30545947713170496,-0.9566678721337061,-0.3636158641127355,-0.3192952183608119,-0.7531807845883527,-0.6693360404065829,-0.9420669252054861,-1.802139591079514,-0.710497335696809,-0.8802498203408703,1208,0,1.0,1.076262804400237
7,0,0.05,0.0,True,-0.41365434591007566,-0.9893582417068668,-0.7334966874742903,-0.41810370447455747,-0.9537811164033437,-0.27966730441661736,-0.9354295403039515,-0.33945469297909775,-0.2989720683032357,-0.7161026083947827,-0.6197465665735475,-0.9191985732088896,-1.6109767981008778,-0.6742249005131005,-0.843447205472736,1078,0,0.9767441860465116,0.9385044538262689
7,0,0.05,0.1,False,-0.527356858009349,-0.9946313623162849,-1.6802018983718954,-0.5302033275737927,-0.9866442330150534,-0.4525967337035738,-0.9613934573785509,-1.2831317108743212,-0.470771597445314,-0.9010238546710898,-0.6535964662290283,-0.9147809434054751,-2.573091659054791,-0.7144841297151102,-0.8690796441616584,1208,337,1.0,1.0435801032438157
7,0,0.05,0.1,True,-0.4793624367992113,-0.9889818277712464,-1.5389993078737931,-0.4847029776871581,-0.9766893105916751,-0.4063273490796572,-0.9373472979773523,-1.1750123911668044,-0.4334864462259053,-0.8648572056632182,-0.6041653720265876,-0.8859763955725972,-2.3287753050834197,-0.6819203931907485,-0.8309136197989203,1078,303,0.9767441860465116,0.911963760062077
7,0,0.05,0.2,False,-0.4953967045437777,-0.9934538124922496,-1.3600733416577668,-0.4986610331697152,-0.9805321491988247,-0.38508184702280346,-0.9500298225800458,-0.8900920896221102,-0.405336588252584,-0.8453301602805506,-0.6674718794954655,-0.9248678859035822,-2.397462732199182,-0.7216942978221753,-0.8789517451862127,1208,191,1.0,1.0612656133950418
7,0,0.05,0.2,True,-0.4531054543271893,-0.9872000885404809,-1.2614618355175107,-0.45898036232662814,-0.969053472844816,-0.3479051821900734,-0.9221445735408611,-0.8307453453807067,-0.37727834894064727,-0.8062425017480934,-0.6211891435029336,-0.8994496323505272,-2.176767918398714,-0.690632494761917,-0.8445842435611147,1078,174,0.9767441860465116,0.9269907087950532
7,0,0.05,0.3,False,-0.4954386884576466,-0.9943174950660302,-1.2539054104654412,-0.49827011082083567,-0.9805414753986708,-0.3783874225796454,-0.9541662565909126,-0.7904561388824661,-0.3965634080705859,-0.8387664466182905,-0.678284424130177,-0.9332550514914018,-2.3008447290112266,-0.7267942702760994,-0.8863875509177652,1208,110,1.0,1.0642194851044822
7,0,0.05,0.3,True,-0.4496267440768362,-0.9882776509149256,-1.1450689166885157,-0.45495994335254036,-0.9679025606263383,-0.34075712499514865,-0.9273743986495024,-0.7311251911203307,-0.3674428855178441,-0.7979625087163176,-0.6265057509805353,-0.9066736425733098,-2.05376192508541,-0.690993673536593,-0.8487405264766854,1078,103,0.9767441860465116,0.9289698478399488
7,0,0.1,0.0,False,-0.5898507581403926,-0.9983049745942041,-0.851666289962677,-0.590852267745293,-0.9940984024141537,-0.38135506688259635,-0.9563178819628961,-0.2653522283955525,-0.39877437625640094,-0.8417010466338919,-0.8277822921847128,-0.9853282965448029,-2.233892634923745,-0.8401081092336958,-0.9657276618024423,838,0,1.0,1.2306629761617194
7,0,0.1,0.0,True,-0.5399226474493338,-0.9957334705757528,-0.7564749555136634,-0.5422361137836813,-0.9885639715217287,-0.3212195550805399,-0.91810472359077,-0.18349189071932945,-0.3498724566237154,-0.7739954375684239,-0.7969286383114896,-0.9787190842496234,-2.088549770450679,-0.8142567679902644,-0.9529886254231937,765,0,0.9767441860465116,1.0696122225963889
7,0,0.1,0.1,False,-0.5967464790255603,-0.9968148431207312,-1.392588805726014,-0.5986532836502758,-0.9946474283283726,-0.4859305821251838,-0.9553613213178226,-0.9173556154440266,-0.5086353940464039,-0.9222324131035893,-0.7597775955170148,-0.9616497103544233,-2.4867666266354043,-0.7900772883683322,-0.9351163163703426,838,546,1.0,1.1597391615836907
7,0,0.1,0.1,True,-0.5400045016531192,-0.9919890181027814,-1.2484891070973307,-0.5443654030423637,-0.9885756837993217,-0.4167941101843041,-0.9136837159752664,-0.768558184308836,-0.45616891589166375,-0.8737762579373518,-0.7215296617280577,-0.9474633605644381,-2.3248668610169845,-0.7615383261873223,-0.9138624545186338,765,499,0.9767441860465116,1.0071937526867019
7,0,0.1,0.2,False,-0.5956626769811604,-0.9974572627120266,-1.2115434722038296,-0.5971811517634241,-0.9945640502331389,-0.4416100970793242,-0.9510353759242438,-0.6491553770242389,-0.46434665655854773,-0.8931791055258222,-0.7962751882720759,-0.9752333099316113,-2.4998907964663135,-0.8164971193692256,-0.9526980809515182,838,297,1.0,1.1996737305228833
7,0,0.1,0.2,True,-0.5414452706284242,-0.9933833692861639,-1.0894571184414508,-0.5450516762903951,-0.9887802221643882,-0.3721828381801826,-0.9043361874419937,-0.5221809010480459,-0.4115536272334068,-0.8325011796486311,-0.763562951380953,-0.9658300586268306,-2.3537517303260036,-0.7905769183313149,-0.9370629337282712,765,277,0.9767441860465116,1.042420508852051
7,0,0.1,0.3,False,-0.6017882140444875,-0.9979707432649538,-1.146331800578329,-0.6030118799632157,-0.9950215344817974,-0.42936085692839643,-0.9505831905710767,-0.5534461505436594,-0.451681516344142,-0.8839008908130708,-0.8156321013541075,-0.9813940473145838,-2.5225997422363915,-0.8310954234804506,-0.9609406291150183,838,168,1.0,1.2112196312864194
7,0,0.1,0.3,True,-0.5464202361458326,-0.9944966340041446,-1.0226985258677144,-0.5494440277246382,-0.9894633776999586,-0.3591689886237016,-0.9021881894765714,-0.431610776944266,-0.3981087236711479,-0.8187772154189641,-0.782738320610215,-0.9733948098366334,-2.363214562925981,-0.8041324164668429,-0.9464868148244444,765,159,0.9767441860465116,1.0521464929851505
7,0,0.15,0.0,False,-0.6260123852561943,-0.9993952397582553,-0.733369729340907,-0.6263912017507919,-0.9965316278607664,-0.31705975775750317,-0.9586508687334673,-0.0010622211030052054,-0.3307353783305807,-0.7686327780486879,-0.8929084198319981,-0.9950846975136537,-2.4552354990130603,-0.897319014213608,-0.9862197596945302,545,0,1.0,1.3787746420631124
7,0,0.15,0.0,True,-0.5885495536431291,-0.9982606294840664,-0.6853664753518073,-0.5895750430900102,-0.9939897618142267,-0.2936435762854336,-0.9210352434120517,-0.000776300594243173,-0.31881904453254856,-0.736670234571226,-0.8659251094084902,-0.9920021563832775,-2.2818882146950434,-0.8729064789189075,-0.9787959036237648,503,0,0.9767441860465116,1.214728164199723
7,0,0.15,0.1,False,-0.5971271755234877,-0.9970711313265687,-1.102714339502012,-0.5988812199677576,-0.994676463709601,-0.39745394411701507,-0.9193406835177699,-0.44836059635333947,-0.4323249816337892,-0.8569380263306264,-0.8256832343407671,-0.9825449639406431,-2.580981413832915,-0.8403516018536611,-0.9649220662091086,545,647,1.0,1.2776436216031821
7,0,0.15,0.1,True,-0.5482468036315211,-0.9938545889845928,-1.0172155556667286,-0.5516368387367987,-0.989705404216496,-0.35302647474130044,-0.8837368996747834,-0.4030719685792494,-0.39947010798260746,-0.8120185188265783,-0.7857109942694266,-0.9732381993107412,-2.3812210828818623,-0.8073162303184117,-0.9478821981949752,503,593,0.9767441860465116,1.1195783259827856
7,0,0.15,0.2,False,-0.6011471382460871,-0.9981944234993406,-0.9499800754042609,-0.6022345187410117,-0.9949752010551232,-0.33402515575804403,-0.9207987978769181,-0.20502012533419367,-0.3627558555986437,-0.7899279594025493,-0.862572003195683,-0.9901276666238931,-2.6278099892636333,-0.8711725086289676,-0.9777672305133378,545,357,1.0,1.3331663036484143
7,0,0.15,0.2,True,-0.5587723330735732,-0.9954453354874767,-0.89161054873853,-0.5613289983421725,-0.9910123371056844,-0.29951969144360224,-0.8629231682860087,-0.18638913598551546,-0.3470989103682623,-0.7449798367339096,-0.830846242590568,-0.9847533835060753,-2.452478910083593,-0.843709964856843,-0.9668874822615193,503,332,0.9767441860465116,1.171381086256194
7,0,0.15,0.3,False,-0.6074229380407161,-0.9987614521273964,-0.8874045103436066,-0.6081761933711841,-0.995413804588027,-0.3174495630578804,-0.9297710263612149,-0.12461315378483502,-0.34142767849011424,-0.7691392557472023,-0.8765669430892724,-0.9928212678967593,-2.6332938522815725,-0.8829050821465926,-0.9819057813604035,545,205,1.0,1.3537224500469045
7,0,0.15,0.3,True,-0.562653411176008,-0.9965316262221604,-0.8210245654899753,-0.564611695575604,-0.9914581901720747,-0.2801642468040044,-0.869076113044501,-0.10077626432705769,-0.32237020739477923,-0.7168536333331745,-0.845690618827595,-0.98850294938219,-2.4461762526491864,-0.8555266520511122,-0.9722353541020136,503,194,0.9767441860465116,1.1894987866873619
7,0,0.2,0.0,False,-0.6262926045243602,-0.9996573460588564,-0.6112036865245681,-0.626507279712909,-0.9965465672230912,-0.23123174219171883,-0.9610014383802088,0.1814910129784386,-0.24061539656118053,-0.6355464077508802,-0.9156900842621489,-0.9970805051707973,-2.372666954246996,-0.9183712644199112,-0.9912895366723129,320,0,1.0,1.5084012676986238
7,0,0.2,0.0,True,-0.613058253164639,-0.9992970719394075,-0.6380628538678572,-0.6134894921435453,-0.9957802134675241,-0.24990224779186454,-0.939770953965872,0.11776275484604945,-0.2659182503324526,-0.6683668900773732,-0.9011378533894819,-0.9958102491764967,-2.287697150840026,-0.9049292815922453,-0.9881788332576532,300,0,0.9767441860465116,1.3370502024524897
7,0,0.2,0.1,False,-0.5492710173620573,-0.9964937881989065,-0.7955367949498943,-0.5512036541189349,-0.9898390933046435,-0.2857026253597671,-0.898534231399543,-0.11948931996361313,-0.3179652097558499,-0.7251246687072772,-0.826284845255018,-0.9835333958487492,-2.2886893469054814,-0.8401187481203604,-0.965153873602618,320,697,1.0,1.386624460393088
7,0,0.2,0.1,True,-0.5301774770947688,-0.9937430187183081,-0.8185088896248439,-0.5335156746847606,-0.987096771127409,-0.2836807312090712,-0.8542707021762135,-0.16862185006706099,-0.3320735809930134,-0.7221261653568072,-0.8033731223383916,-0.9784505921843857,-2.219369650802567,-0.8210666218156867,-0.9558081161818585,300,634,0.9767441860465116,1.2214688848838293
7,0,0.2,0.2,False,-0.5839606305008609,-0.9985830474644961,-0.7474734450814403,-0.5847892491101229,-0.993593339640437,-0.2475776677827507,-0.9185231545390438,0.02750803925464642,-0.26953884238987563,-0.6644046637589082,-0.877817452815975,-0.9924934869183365,-2.4324504089362127,-0.8844566381403396,-0.9822557073561957,320,380,1.0,1.4559708134876592
7,0,0.2,0.2,True,-0.5696426713296492,-0.9973749170242137,-0.7829388685180706,-0.5711419663823566,-0.992215020149947,-0.2607318162275428,-0.882642898280815,-0.04242744324473519,-0.2953989849523384,-0.6863715815069377,-0.8591021285652997,-0.9897694910028968,-2.352463250549358,-0.867982026496698,-0.9766782076193037,300,351,0.9767441860465116,1.2864047380180959
7,0,0.2,0.3,False,-0.5861959046652362,-0.9990350802471774,-0.6791990678374428,-0.58676208298932,-0.9937890517671012,-0.2169931111705775,-0.9284185491126187,0.11217046475397496,-0.2337233690321884,-0.6089480368267621,-0.8901603080884554,-0.9945740212479229,-2.412822180975362,-0.8950166494109142,-0.9855336052049741,320,222,1.0,1.4783264197755015
7,0,0.2,0.3,True,-0.5692376334187339,-0.9981036803968659,-0.7038107604002751,-0.5703191407854479,-0.9921727302697873,-0.229421357363646,-0.8938736427500746,0.05035640770172032,-0.25665971832194606,-0.6322410835402392,-0.8713529011744795,-0.9923315880745116,-2.318013439358766,-0.8780864296230101,-0.9804115535503525,300,209,0.9767441860465116,1.3065356127013095
7,20,0.0,0.0,False,-0.1150383126035639,-0.9670876102473195,0.23740206817150736,-0.1189533516763227,-0.5052986361918042,0.4239453263406323,-0.7456271564750714,0.8292841128642501,0.5685754906578515,2.8829518921070805,-0.6731533288311026,-0.9613807805462922,-1.296807102765895,-0.7001942856071992,-0.8828870128683686,0,0,0.5249169435215947,0.9321456917904081
7,20,0.0,0.0,True,-0.10408534320207208,-0.9642694576652175,0.2487709545800898,-0.10794217567991168,-0.46898331678827787,0.44236483511284597,-0.7272547479005054,0.8443047708651796,0.6082666856282459,3.0793126248079927,-0.6676383810249658,-0.9578298212290086,-1.2994727174120153,-0.6970323602665732,-0.8790679579294063,0,0,0.5249169435215947,0.9134452865545366
7,20,0.0,0.1,False,-0.14887991450106552,-0.9405882034458932,0.020695731977816163,-0.15828384191470435,-0.6047936100351512,0.21633527940872055,-0.6811255810349471,0.6243628219447344,0.317614380420137,1.1206298574444662,-0.5961959929519773,-0.9195314331174524,-1.4500354475273751,-0.6483693449507395,-0.824324666683159,0,388,0.5249169435215947,0.834629447936344
7,20,0.0,0.1,True,-0.13965460822681852,-0.9346390345692427,0.03357187184775116,-0.14942090268162475,-0.5794795391298602,0.22350907009250065,-0.6622195147049288,0.6338860780591938,0.337515076389876,1.169040244798842,-0.5857384598355595,-0.9127897419653141,-1.424827689756645,-0.64170140494175,-0.8154958615461787,0,382,0.5249169435215947,0.8177785851762928
7,20,0.0,0.2,False,-0.1333461044701464,-0.950666194037238,0.1091641925937032,-0.1402659580266122,-0.561409410915526,0.294805469902111,-0.7057515945121395,0.7169133733825246,0.4177184609917875,1.6957581804644346,-0.6265544712227705,-0.9360016691668922,-1.3691957139657296,-0.6693946088583884,-0.8487783643990261,0,227,0.5249169435215947,0.8833717255968936
7,20,0.0,0.2,True,-0.12215198908230496,-0.9458221292255612,0.1242647496505735,-0.12914900731105008,-0.5277659006266533,0.31191957602874654,-0.6838427151752646,0.7363225417502761,0.4561276578764219,1.8351097528001863,-0.6198195409042794,-0.9313225105676738,-1.357283021540386,-0.6655262101701779,-0.8435048190347882,0,224,0.5249169435215947,0.865607576283001
7,20,0.0,0.3,False,-0.1157928886673606,-0.9554177748039544,0.1675534525593483,-0.12119607958007747,-0.5077229030721322,0.34385197412394364,-0.7081924743742953,0.7662957965004455,0.48553463439122946,2.109270572142748,-0.6356930975104469,-0.9444416330138767,-1.3262863414745945,-0.6730888127854341,-0.8557955790201089,0,141,0.5249169435215947,0.9006520510774232
7,20,0.0,0.3,True,-0.1027977206740105,-0.9504978817675429,0.184399322237193,-0.10815144635866855,-0.4645731474428443,0.36132932883745483,-0.683845948206532,0.7843477068258149,0.5283782550515717,2.267371217703812,-0.6270777182069267,-0.9393531644384198,-1.3083529944005265,-0.6675633211730511,-0.8491844515336419,0,140,0.5249169435215947,0.8821609545003284
7,20,0.05,0.0,False,-0.2302821386106777,-0.9376700560594255,-0.39019459958503244,-0.24558973289436406,-0.7784894681532443,-0.15135772757302923,-0.8535844393513278,-0.14679381207780534,-0.17732015790734412,-0.4673770654364383,-0.3836165488794482,-0.8087396840615502,-1.018413624797581,-0.47433872287915646,-0.6046566270385475,650,0,0.5249169435215947,0.5715291404400067
7,20,0.05,0.0,True,-0.23242288767999797,-0.9386617947026602,-0.4065604626229156,-0.24761089563000968,-0.7820139467654075,-0.1493811046823056,-0.8506246637976628,-0.1453067573875735,-0.17561341804431704,-0.46259957830445375,-0.387924050261217,-0.7986777913216792,-1.0744128209792836,-0.4857078216977426,-0.6099381456410169,639,0,0.5249169435215947,0.5574202674059427
7,20,0.05,0.1,False,-0.3230148435017588,-0.9460844792553351,-1.1354326336701732,-0.34142283335628165,-0.894239973610023,-0.27385969067476323,-0.8551646004838402,-0.8750998468301907,-0.3202420803197621,-0.7072159893861305,-0.42115286392611784,-0.7718751376964859,-1.766349017930798,-0.5456230462131068,-0.6495362734364323,650,168,0.5249169435215947,0.550974855806982
7,20,0.05,0.1,True,-0.32324807016868407,-0.9461913593205222,-1.1532647067724562,-0.3416307568067569,-0.8944496282393138,-0.27382351966854357,-0.8535750393587485,-0.8850304654072839,-0.3207960718652862,-0.7071600054573992,-0.4186924778097768,-0.7617340848251233,-1.786796097607289,-0.5496570078072573,-0.6466738503441376,639,163,0.5249169435215947,0.5381710307488834
7,20,0.05,0.2,False,-0.2856291815559725,-0.9349264631351136,-0.8630875595356173,-0.3055097837301178,-0.8558679286733117,-0.2234228384638215,-0.8356506294311491,-0.5910737946324286,-0.2673639324796676,-0.621130681420629,-0.40802796692207877,-0.7729171026771746,-1.5184315465752514,-0.527906505767282,-0.6341379615152207,650,103,0.5249169435215947,0.559121393554726
7,20,0.05,0.2,True,-0.2867925891346542,-0.9353033483122972,-0.8822117932268424,-0.3066305596490759,-0.8572144892309074,-0.2213820487447673,-0.8315397749422718,-0.5916835150731203,-0.2662314604976489,-0.6172947782175863,-0.41040838301219573,-0.7651178500535109,-1.560615475857807,-0.5363989129040612,-0.6369542164660928,639,100,0.5249169435215947,0.5460008969850627
7,20,0.05,0.3,False,-0.2793550262166091,-0.9378252330915163,-0.7655188527430836,-0.29787535711288404,-0.8484238169448088,-0.21470557442558014,-0.8421005582290462,-0.5071357164197948,-0.25496429414215105,-0.6045446954749458,-0.4122858069480717,-0.7880187341932758,-1.4196855505038528,-0.5231929001918261,-0.6391680373421573,650,62,0.5249169435215947,0.5614617775981406
7,20,0.05,0.3,True,-0.2793075427517385,-0.9371160983815956,-0.7802334474021995,-0.2980500956435431,-0.8483662915055031,-0.21277175702486928,-0.837049916431751,-0.5085308085413792,-0.2541924356577099,-0.6007937303470461,-0.41159560187599487,-0.7768667461347813,-1.449118814779295,-0.5298149314845119,-0.6383549145619528,639,61,0.5249169435215947,0.5475896004141346
7,20,0.1,0.0,False,-0.3223612471123556,-0.9603921539726882,-0.3926214474147906,-0.3356558524337163,-0.8936506014226824,-0.16426278663054683,-0.8172004627753001,-0.005466941186040796,-0.2010067224787084,-0.4978009246257483,-0.5739833095640217,-0.9180754339509513,-1.4032995480886676,-0.6252027756519701,-0.8053244928003958,465,0,0.5249169435215947,0.6624513137202871
7,20,0.1,0.0,True,-0.3193367020310266,-0.9593631985988328,-0.3942648510340045,-0.33286319768928346,-0.8908877956620016,-0.16091602243277014,-0.8123448951397874,-0.002318681339457664,-0.19808830386640136,-0.49003767104326124,-0.5693193397495611,-0.9115427255733365,-1.4201954019991998,-0.624566818183398,-0.8012165782802085,460,0,0.5249169435215947,0.6444645013878818
7,20,0.1,0.1,False,-0.3753294566235953,-0.9590929680081308,-0.9201046997721771,-0.39133792983915755,-0.9334460463330523,-0.29057440745038354,-0.8387779896218157,-0.592008265327505,-0.3464258850919495,-0.7322512852582717,-0.5307490617914699,-0.8636287599262832,-1.722560126712214,-0.6145569559735053,-0.7656752862611707,465,284,0.5249169435215947,0.6164070966274873
7,20,0.1,0.1,True,-0.37299057995690166,-0.9582030209262321,-0.9243791042259321,-0.389260492621236,-0.9319981413159762,-0.29177692291121005,-0.8380622523360984,-0.6043011432761524,-0.3481566221338354,-0.7339891324215664,-0.5214714033559568,-0.8538946652958869,-1.6985921014406438,-0.6106975772887155,-0.7567097345289302,460,278,0.5249169435215947,0.5999849993566192
7,20,0.1,0.2,False,-0.36537151085462405,-0.9591992047797422,-0.7701603596313114,-0.38091306689367316,-0.927099735109965,-0.25694134520357825,-0.8243226430811444,-0.40854158942401936,-0.3116999725291854,-0.6801541579549157,-0.5547723407906322,-0.8889687498996822,-1.6452507621336063,-0.6240628153163278,-0.7881405048661162,465,163,0.5249169435215947,0.6380399702606127
7,20,0.1,0.2,True,-0.36224166639719046,-0.9580267134545116,-0.7712722071514267,-0.3781122815364899,-0.9250048022114968,-0.25371362238515793,-0.8209990844977693,-0.40625444424424356,-0.3090303353265765,-0.6747883482119179,-0.5495279543839862,-0.8822537256900052,-1.64195997206124,-0.6228683862504562,-0.7833287205390143,460,160,0.5249169435215947,0.6209696471712977
7,20,0.1,0.3,False,-0.35860106583260276,-0.962282198898946,-0.6856135792460276,-0.3726568632807695,-0.9225056582490447,-0.23378718032685697,-0.8173396054927022,-0.3019485981681207,-0.2860343225212086,-0.6401745640425576,-0.5722789768659964,-0.9064397027706796,-1.6336789594634742,-0.6313480920095766,-0.8038281167222705,465,98,0.5249169435215947,0.6457918693418953
7,20,0.1,0.3,True,-0.35418970256824855,-0.9607636068006923,-0.6837609748851721,-0.36865437039990234,-0.9193855851905152,-0.2306017998129959,-0.8123782157784726,-0.2999475755344349,-0.2838601470769604,-0.6343987883281175,-0.5646418107061935,-0.8989791550166981,-1.6242431311390366,-0.628092217216878,-0.7970555085499827,460,97,0.5249169435215947,0.6279607075260198
7,20,0.15,0.0,False,-0.29492293107435597,-0.9657678350791332,-0.18364193665886072,-0.3053766343856239,-0.8663376547598037,0.0004063002185257236,-0.7559756656965193,0.34751435128598107,0.0005374514511011123,0.0015604244136446788,-0.665145638217578,-0.9528551089908226,-1.5804241860779484,-0.6980553831757692,-0.877322517380861,311,0,0.5249169435215947,0.7450789106975847
7,20,0.15,0.0,True,-0.28467982804166725,-0.962335100850682,-0.16903862122801563,-0.2958219312482906,-0.8547613605710613,0.013680554261674915,-0.7372384436952095,0.3640729916159855,0.018556485189655622,0.05353891649130471,-0.6575446552515829,-0.9479537925566202,-1.5776405116040682,-0.693646315268377,-0.8719263969262079,306,0,0.5249169435215947,0.7283473755095403
7,20,0.15,0.1,False,-0.33617059938628735,-0.9482266375318046,-0.5940695527803931,-0.35452558078449026,-0.9055416512029256,-0.15581891159611638,-0.7246087649557235,-0.08308459347011957,-0.2150386789837376,-0.47804422904413757,-0.6023285424742205,-0.9096284675763958,-1.8293388865560973,-0.6621698462000185,-0.8294056501353723,311,347,0.5249169435215947,0.6784274214298954
7,20,0.15,0.1,True,-0.3275455995967622,-0.9423068527754827,-0.5770165819541556,-0.34759972150473617,-0.8982517800197349,-0.15042479421143218,-0.7048425459956479,-0.07478809045288264,-0.21341616658362306,-0.465126101259128,-0.589816062495016,-0.9010361066475997,-1.7849642437005946,-0.6545975884246072,-0.8189630295097556,306,341,0.5249169435215947,0.663274255613768
7,20,0.15,0.2,False,-0.3232188454835142,-0.9557541210300539,-0.4514550666965221,-0.3381820055718604,-0.8944233761073668,-0.09328312536266303,-0.7238102329038174,0.10238192263294416,-0.1288778758880283,-0.3133091965370335,-0.6374075507061904,-0.9306253291990199,-1.7911439082347214,-0.6849239223424113,-0.8570942613499211,311,202,0.5249169435215947,0.7101448044398828
7,20,0.15,0.2,True,-0.3131372838201485,-0.9512714495072035,-0.4321789817522283,-0.32917763271710304,-0.8850392353050518,-0.08099134440841349,-0.7026305721777115,0.12335696917475253,-0.11526874522039571,-0.27688467220752444,-0.6289464188056964,-0.9248085747905155,-1.7676772373490675,-0.68008281492001,-0.8506304662559097,306,199,0.5249169435215947,0.6943326925150104
7,20,0.15,0.3,False,-0.30928512513015305,-0.9616850481263319,-0.3608647972313468,-0.3216075010552974,-0.8812763472975587,-0.047835324612472196,-0.7271479056416398,0.2104517660763306,-0.06578486198108761,-0.1715060810106489,-0.6541458061363001,-0.9428399943478047,-1.7753646613163596,-0.6938036252787468,-0.8694775268128976,311,123,0.5249169435215947,0.7232010506734025
7,20,0.15,0.3,True,-0.29760116349340615,-0.9568690142423829,-0.3395490753759977,-0.3110155716862008,-0.8692352402065288,-0.03512686063646575,-0.7033648110658663,0.23027471735937563,-0.04994116862803406,-0.12825159868222313,-0.6438778741377698,-0.9368975596456417,-1.747169063730554,-0.6872446912779884,-0.8619447919853,306,122,0.5249169435215947,0.7066269160992305
7,20,0.2,0.0,False,-0.2937756780202625,-0.9794135249214243,-0.12032864666201401,-0.2999506036470462,-0.8650803134685577,0.14063811031468232,-0.7505455579066229,0.543062827405567,0.18738117737575022,0.6571198108587031,-0.7412075058889975,-0.9725784930831024,-1.7987038846920702,-0.7621055895852148,-0.9251565326319868,177,0,0.5249169435215947,0.8301636222285007
7,20,0.2,0.0,True,-0.2801173935179956,-0.9769488691887885,-0.10050243105541284,-0.2867267697956308,-0.8493449461975494,0.16698828817649947,-0.7239483339703985,0.5717165426036778,0.2306632674471041,0.808943923645604,-0.7366840503909966,-0.9700232075044832,-1.8086965670535105,-0.7594499231479385,-0.9226275505657175,174,0,0.5249169435215947,0.8122284652528431
7,20,0.2,0.1,False,-0.31222482833387144,-0.9594111396107786,-0.4321416742554404,-0.3254338160598565,-0.8841569599737613,-0.04150999732765037,-0.7039923286551685,0.19962078188623916,-0.058963706901389995,-0.1501806752003454,-0.656951439400323,-0.9346584640215381,-1.9323965635793563,-0.702878607201255,-0.8715005841544796,177,369,0.5249169435215947,0.7499695189243228
7,20,0.2,0.1,True,-0.30052789197652474,-0.9532858834465127,-0.4094699187377918,-0.31525473857852093,-0.8723421204253237,-0.027301921259099804,-0.6692878630798369,0.22358763311645843,-0.040792494179508317,-0.10080164222852406,-0.6478613112565954,-0.9291050397835002,-1.9094870380767164,-0.6972960898022466,-0.8648911211559456,174,363,0.5249169435215947,0.7336198982671013
7,20,0.2,0.2,False,-0.3190484232129085,-0.9727174039834379,-0.34912881706420146,-0.32799703378016337,-0.8906213974824648,0.01778227303719815,-0.7358943936914084,0.33370567776620946,0.024164164300801844,0.06999602675051086,-0.706915991395757,-0.9554112578367019,-1.9621913795030381,-0.7399075378244941,-0.9049847944102111,177,212,0.5249169435215947,0.7905975452596629
7,20,0.2,0.2,True,-0.3055312962238458,-0.9690990787095932,-0.3236745649721976,-0.31527353903862637,-0.877512163838803,0.04154701611437517,-0.7049523431063698,0.3694841188285705,0.05893592172670624,0.16911662001772054,-0.7014602028356235,-0.95209919197943,-1.953704014945854,-0.7367511796510152,-0.9015637709427895,174,209,0.5249169435215947,0.7735890577266128
7,20,0.2,0.3,False,-0.3040000232998913,-0.9765738560608914,-0.2650765027759507,-0.3112924039622624,-0.8759486144175452,0.07323767191730801,-0.7394056902004151,0.42954045740058155,0.09904937558359474,0.31166167639787723,-0.721521580071071,-0.9638154423611558,-1.931717897833512,-0.7486096905684422,-0.9138576602217614,177,131,0.5249169435215947,0.8044082182286275
7,20,0.2,0.3,True,-0.28894303281010614,-0.9731721202641153,-0.238255322310672,-0.29690845719222625,-0.8596761090730541,0.09804246937443462,-0.7088375038457528,0.46342786055825336,0.13831444984571417,0.43189350108313906,-0.7147683134468052,-0.9604571403165975,-1.9178714528288858,-0.744195949452981,-0.9098067980155011,174,130,0.5249169435215947,0.7866725540891357
7,50,0.0,0.0,False,-0.04958407702122347,-0.9598793757589242,0.33456958930758524,-0.05165657089154567,-0.2538826523885469,0.5334859778330074,-0.7104756635055411,0.9156499420522012,0.7508856463861787,4.160659913333899,-0.6508746851450435,-0.9598793757589242,-1.1427606384598508,-0.678079664572887,-0.8670997315318748,0,0,0.5382059800664452,0.9322660484438621
7,50,0.0,0.0,True,-0.007998713211671116,-0.9515868546308898,0.3815333533166281,-0.008405657531675057,-0.0451958483592767,0.5843298939878654,-0.6836950624033963,0.9545648402381071,0.8546644931642009,4.84896005130423,-0.6259972133815759,-0.9515868546308898,-1.0843880620419695,-0.6578455874365703,-0.848345307149891,0,0,0.5382059800664452,0.8799682878107202
7,50,0.0,0.1,False,-0.0634457813767586,-0.9101360713624779,0.18747087823099087,-0.06971021517890175,-0.31441573477517604,0.2800666813794044,-0.639980238020131,0.7066944035802621,0.43761770245567283,1.5798644406343447,-0.5141241584030245,-0.891233802780973,-1.0741874399269895,-0.576867884497615,-0.7494954288771345,0,411,0.5382059800664452,0.8351176900589117
7,50,0.0,0.1,True,-0.021991367045414156,-0.883759531827638,0.25350438291361904,-0.024883881025798308,-0.12019896555022291,0.3316866812253674,-0.5729949201176052,0.7727104360862823,0.5788649594961328,2.0026132675912547,-0.4861919116758552,-0.8750616035026905,-1.0055637520506138,-0.5556087819757256,-0.7211493512279804,0,399,0.5382059800664452,0.7847979438996179
7,50,0.0,0.2,False,-0.04422453260967729,-0.932923169771784,0.2639932711027847,-0.04740426011768547,-0.22932478786831523,0.3697648065548056,-0.6811896284094859,0.7980572543191033,0.5428221322426353,2.345769597712827,-0.5523264812671188,-0.919330440092162,-1.025944848772879,-0.6007921169364833,-0.7859028361371685,0,244,0.5382059800664452,0.8834027167459235
7,50,0.0,0.2,True,-0.0018464354088782997,-0.9130507436604147,0.3234447391252602,-0.002022270308302857,-0.010586834323762506,0.42496083160781395,-0.6338955563194726,0.8572045175161741,0.6703956627732549,2.893591746091851,-0.5261503697108396,-0.9067179089573485,-0.9620012909106129,-0.5802801119433822,-0.7612514331131128,0,239,0.5382059800664452,0.8317626989481448
7,50,0.0,0.3,False,-0.05245341626640132,-0.9470323252976758,0.27369759917625247,-0.055387144520028825,-0.2667620622010407,0.4107468168239623,-0.6819883897152705,0.8324004282280958,0.6022783129716456,2.7466126375133575,-0.5931188998899546,-0.9394307563297324,-1.1038128079489096,-0.631359890969734,-0.8217483353292389,0,150,0.5382059800664452,0.9024108384930742
7,50,0.0,0.3,True,-0.005834031226573555,-0.9288101618034508,0.3360335795488929,-0.006281187982747456,-0.03313462654943844,0.46402352404732383,-0.6223689323757341,0.8846458491700633,0.7455762971265818,3.319489251243203,-0.5612305150837549,-0.926938641237349,-1.0195962784379686,-0.6054667376198506,-0.7939948591723124,0,148,0.5382059800664452,0.8499967386073219
7,50,0.05,0.0,False,-0.20941509244814416,-0.9324770819914004,-0.29469880656023106,-0.22457934515764907,-0.7415983345584725,-0.07124060793521525,-0.8077696174789984,0.06521205590406423,-0.08819421576854178,-0.2469893454274662,-0.44240105788129447,-0.8421863591694223,-1.1622359422559334,-0.5253006689844721,-0.6737923559356351,674,0,0.5382059800664452,0.5767929720997876
7,50,0.05,0.0,True,-0.1927158632646162,-0.9135368707871541,-0.26160441430686593,-0.21095575824822652,-0.7085432887736017,-0.05418549899495961,-0.7633698306392102,0.10035775468568574,-0.07098197599659815,-0.19251458076406724,-0.42406508841643065,-0.8208567899798829,-1.145605520413063,-0.5166127558338446,-0.6529099638087155,639,0,0.5382059800664452,0.538343919525935
7,50,0.05,0.1,False,-0.30375930311349963,-0.9385295382820712,-0.9912318308257454,-0.32365449431619914,-0.8757013269148869,-0.22776640763361278,-0.8220595903791161,-0.6493599346379769,-0.2770680012729635,-0.6292002003124422,-0.44326952458707747,-0.7882977731399843,-1.77059622480642,-0.5623122881870206,-0.6747660443584016,674,181,0.5382059800664452,0.5578222280414178
7,50,0.05,0.1,True,-0.28299431675050957,-0.9208159522628209,-0.9248060669414562,-0.307329945854084,-0.8527794295453128,-0.2053600396784152,-0.781686739086636,-0.5715042317072817,-0.26271398683105296,-0.5861733622900454,-0.42264280635942675,-0.7648296335319543,-1.7326207015595867,-0.552597320801599,-0.6512642606210504,639,173,0.5382059800664452,0.5212714144374104
7,50,0.05,0.2,False,-0.2774204328450405,-0.9333859623482571,-0.7846576298648954,-0.2972194183712522,-0.8460654370623542,-0.18672231376287174,-0.8119258091403228,-0.43274153490159617,-0.22997460070960876,-0.5476602406225477,-0.4414473130556734,-0.7968650666741683,-1.5788991597257391,-0.5539800042912129,-0.6727214525169429,674,106,0.5382059800664452,0.5662345967540154
7,50,0.05,0.2,True,-0.26153718470578646,-0.9163268450744192,-0.7436351210340316,-0.2854191013955788,-0.825531424292893,-0.1662641100239144,-0.7681626003650499,-0.36992259301141445,-0.21644390125853766,-0.5024012910923996,-0.4292022814231826,-0.7792665085277148,-1.58341149835538,-0.5507772716090209,-0.6588231017896105,639,101,0.5382059800664452,0.5291826172870189
7,50,0.05,0.3,False,-0.27882717514884536,-0.9407454045649524,-0.7205402379918213,-0.2963896223099691,-0.8477833188922836,-0.17189407861778627,-0.8162851552587145,-0.33842284268165745,-0.2105809195602803,-0.5151755971185401,-0.4703592678535615,-0.8263632305180865,-1.603218360781567,-0.5691919128089362,-0.7044375780883801,674,66,0.5382059800664452,0.5677900131534547
7,50,0.05,0.3,True,-0.25929897762486354,-0.9228174373021394,-0.6686141186960833,-0.28098621367940896,-0.8224640881585769,-0.1528151528452083,-0.7735871397500366,-0.2839311797871031,-0.19754096855150194,-0.4708794845378863,-0.44844575997725133,-0.8028950596488227,-1.5611931138457813,-0.5585359563345632,-0.6805405211514555,639,64,0.5382059800664452,0.5300103102016495
7,50,0.1,0.0,False,-0.31369426581199367,-0.9571872889447831,-0.3445356456404383,-0.3277250642952172,-0.8855750600520533,-0.08900298550694385,-0.7486477878547094,0.14430915164136338,-0.11888499098085457,-0.30078352967948796,-0.6275631534788764,-0.9355981957489324,-1.5537335588018355,-0.6707613977136001,-0.84956072602165,484,0,0.5382059800664452,0.6619479266498549
7,50,0.1,0.0,True,-0.2836923451860738,-0.9375787370119063,-0.2866041175843373,-0.3025797556909305,-0.8536029092315944,-0.05359219755108069,-0.6897123649808025,0.20284814827761827,-0.07770224266252262,-0.1905686113988987,-0.6054518259411866,-0.9239350305096163,-1.5236267257455827,-0.6552969699690211,-0.8319659353558371,466,0,0.5382059800664452,0.6159839079892465
7,50,0.1,0.1,False,-0.3714818506970886,-0.955659136111553,-0.8794768980441188,-0.38871793996403126,-0.931050410918003,-0.2551846125489182,-0.7997862273342238,-0.4742932189774829,-0.31906602517959937,-0.6772419299648503,-0.5663899126710664,-0.8809691999644791,-1.8019118593513608,-0.6429168155866328,-0.798615425253235,484,294,0.5382059800664452,0.61924096701059
7,50,0.1,0.1,True,-0.33926924840242023,-0.9355246060010759,-0.787240524555083,-0.3626513361873349,-0.9080528083002201,-0.21991406609568842,-0.7363935814115676,-0.37525570000472697,-0.29863658734523824,-0.6145178286818931,-0.5384491509291907,-0.8615454290193646,-1.7394312336257822,-0.6249805672372596,-0.7729939137128217,466,285,0.5382059800664452,0.5752926280323919
7,50,0.1,0.2,False,-0.3545794127101384,-0.9560264292371692,-0.7058645261242453,-0.3708887138120896,-0.9196653323793299,-0.2049925670517132,-0.7770941239435265,-0.2568155749098719,-0.2637937422708019,-0.5854383352540219,-0.5908950822105764,-0.905688944280919,-1.7226485747662164,-0.6524260740311053,-0.8198752473308983,484,173,0.5382059800664452,0.6387843660021638
7,50,0.1,0.2,True,-0.32526210197639494,-0.9368629804201516,-0.6316581815070916,-0.34718214805597913,-0.8962458570034713,-0.1680108091500906,-0.7058237630304529,-0.16658039473961705,-0.23803507043845692,-0.5063908291168441,-0.5707770994970148,-0.892775518088442,-1.6952639733347517,-0.6393287987098133,-0.8025049487114888,466,168,0.5382059800664452,0.5939456425968027
7,50,0.1,0.3,False,-0.36080795283090294,-0.9631121110453166,-0.6656665615523659,-0.37462715782828127,-0.924028682731098,-0.18408890239156217,-0.7677839581737171,-0.16740863983566615,-0.2397665390527873,-0.5420123668367444,-0.6267155799510243,-0.928025078177166,-1.8115832821682205,-0.6753218147746869,-0.8489034550700968,484,103,0.5382059800664452,0.6467099767662489
7,50,0.1,0.3,True,-0.3290634961020802,-0.9453578269670158,-0.5875532982421955,-0.3480835369584997,-0.8995673492968541,-0.14805655518106386,-0.6894924271109001,-0.08567411882222067,-0.21473267777783728,-0.45938046666537924,-0.6018552259492809,-0.9149917753877597,-1.7604001773231177,-0.6577711867346826,-0.8290160364505205,466,101,0.5382059800664452,0.6007025844927759
7,50,0.15,0.0,False,-0.2341027143615042,-0.9674962816043666,-0.04452896218415139,-0.24196755978565573,-0.7847470107079743,0.19441153571357184,-0.6939197129881072,0.5943444455124898,0.280164307303522,0.977627488342957,-0.6989106885659515,-0.9643112699920661,-1.6506551691317435,-0.7247770614271695,-0.8999452674433706,314,0,0.5382059800664452,0.7482285072281744
7,50,0.15,0.0,True,-0.19025530865643447,-0.9549708953587871,0.024968066812426453,-0.19922629012160067,-0.7033901624675363,0.2417814606329003,-0.6388234434665425,0.646673285404795,0.3784793171034639,1.2960369057762273,-0.6689552705025827,-0.95473235896183,-1.5683893295615867,-0.7006730883511695,-0.8799852223552931,301,0,0.5382059800664452,0.7031316354273492
7,50,0.15,0.1,False,-0.28373759982633184,-0.946403502771066,-0.41829463928888605,-0.29980615984149384,-0.8536561654753657,-0.028244167538021725,-0.6637730234894609,0.19772919901589966,-0.04255094217228335,-0.10414043947913287,-0.6230051892499251,-0.9233734555449202,-1.8295713114367786,-0.674705543579076,-0.8460100085797746,314,364,0.5382059800664452,0.6835002849303575
7,50,0.15,0.1,True,-0.23798700285675023,-0.9251749439792025,-0.31274770215017994,-0.2572345959058961,-0.7909584299461836,0.017322753666182633,-0.6038780036003188,0.28383031171213363,0.028685849729422876,0.06814293000790372,-0.5836996700165197,-0.9043633425792769,-1.7039560414175976,-0.6454260611136529,-0.8137504865751115,301,354,0.5382059800664452,0.6394005632430922
7,50,0.15,0.2,False,-0.2578500740617702,-0.9607877870167868,-0.2631235063151841,-0.26837359669442284,-0.820454790525154,0.06159449107806325,-0.7117612182889747,0.38510588081931485,0.08653813876812817,0.2578781346746697,-0.6511878645264633,-0.9410878827131113,-1.7579030620589933,-0.691952235798765,-0.8673282724851527,314,216,0.5382059800664452,0.7146390989464515
7,50,0.15,0.2,True,-0.21444763097144792,-0.9467482924959527,-0.17482465166856334,-0.2265096569713271,-0.7509286937535147,0.11135703711623246,-0.6599112841608951,0.46443042476789,0.16874546592702624,0.49969333997692966,-0.6203941441938567,-0.9281507139941232,-1.6698250491795157,-0.6684196163833204,-0.8439581163260216,301,211,0.5382059800664452,0.6699157256345463
7,50,0.15,0.3,False,-0.258646062634479,-0.9687737494186114,-0.2194448231141161,-0.26698293878183615,-0.8215609572255111,0.10310647814454543,-0.7127124285531062,0.458832007756151,0.14466771451406318,0.45740714565026686,-0.6813901681408829,-0.9557560112970167,-1.816131932018671,-0.7129331755038576,-0.8884816436152825,314,131,0.5382059800664452,0.727231071075768
7,50,0.15,0.3,True,-0.2120628242893876,-0.9561639395367663,-0.1290193022891956,-0.22178500518658537,-0.7465425853860277,0.15198205755795668,-0.6609927730251237,0.529870534776244,0.22992998374610063,0.7212760995928598,-0.6473011749545394,-0.9438820238180039,-1.706983807085322,-0.6857861031574745,-0.8644786572661427,301,129,0.5382059800664452,0.6819815348323561
7,50,0.2,0.0,False,-0.2234120228390053,-0.977911379405439,0.023986733493771603,-0.2284583527137579,-0.7668590530905195,0.31372682179366307,-0.7087832689351153,0.7265195511345601,0.44262729602098266,1.8501298963265307,-0.7405752101891391,-0.9747969650692551,-1.6774282148230462,-0.7597225234862364,-0.9248054460262491,183,0,0.5382059800664452,0.8283713307978111
7,50,0.2,0.0,True,-0.17393170926406432,-0.9691525859700749,0.09856720003713985,-0.17946782764859165,-0.6672616769242852,0.39124959218630395,-0.6390229287535709,0.8005381821048435,0.6122622124834322,2.5517276628367167,-0.7200215877337494,-0.9691525859700749,-1.6132353252024758,-0.7429393453178919,-0.9129656057892044,175,0,0.5382059800664452,0.7799723355335132
7,50,0.2,0.1,False,-0.2461807146253261,-0.9543691025433338,-0.25000104322875905,-0.2579512622205286,-0.803576327196134,0.06406321067997567,-0.6846056736908219,0.38877071845911426,0.09357680361397,0.26914310146240106,-0.6334720348787679,-0.9310569358214036,-1.7088091623738721,-0.6803794811107892,-0.8541047864803581,183,390,0.5382059800664452,0.7494444035174627
7,50,0.2,0.1,True,-0.19765685462632965,-0.937482195540015,-0.14729805114679342,-0.2108379823816003,-0.7186679209584641,0.13466503125214557,-0.6096817236647047,0.5034858592329945,0.22087759239803748,0.6240584751107581,-0.6093584331972204,-0.9196099706489215,-1.6316315920332296,-0.6626270404258747,-0.8351422522782439,175,378,0.5382059800664452,0.7028398191740302
7,50,0.2,0.2,False,-0.24656180206754086,-0.9711051987305285,-0.16618691753897907,-0.2538981383168964,-0.8041475015072641,0.1475993683309238,-0.7252853931656422,0.5293664716889735,0.2035052266621544,0.6962758091838834,-0.6877039154393215,-0.9546000777441388,-1.74001020038297,-0.7204104959476513,-0.8926812625582773,183,228,0.5382059800664452,0.7894266776740266
7,50,0.2,0.2,True,-0.1976410143763373,-0.9602240331911391,-0.0726148898964797,-0.20582802298700173,-0.7186359333781609,0.22370835755011242,-0.6595136974733102,0.6333881066177092,0.33920198838503374,1.1703966393724277,-0.6663958426696148,-0.9465700606838374,-1.6673495213405525,-0.7040111137554739,-0.8781994178395732,175,223,0.5382059800664452,0.7414169998994354
7,50,0.2,0.3,False,-0.24511234846814967,-0.9772695059511025,-0.12202420420596113,-0.2508134623822119,-0.8019677153335624,0.20184190805069147,-0.7261024419247877,0.6041063195964881,0.2779799328530546,1.025268201711791,-0.7166400102571869,-0.9665952594015755,-1.7890724082682812,-0.7414065021391298,-0.9109384338563449,183,140,0.5382059800664452,0.8037987475951133
7,50,0.2,0.3,True,-0.19283090436045214,-0.9676657921569035,-0.02717511540889821,-0.19927428035937567,-0.708782396295762,0.27842384788004826,-0.6604845570623796,0.6990941267094839,0.42154482629902346,1.5671788116548688,-0.6921567352355663,-0.9591285684555131,-1.697591393447217,-0.7216516721529292,-0.8955966560079489,175,138,0.5382059800664452,0.7552838343618553
7,100,0.0,0.0,False,0.07629802524331053,-0.95717768137069,0.48883044027220834,0.07971145454838734,0.5272018999720325,0.5246405569907913,-0.8477754358931566,0.9094796059768696,0.618843781948066,4.0473332611977675,-0.4868781954766902,-0.9160346198065726,-0.6123333074852524,-0.5315063262341526,-0.7218632117316355,0,0,0.5614617940199336,0.9522055218757292
7,100,0.0,0.0,True,0.04175423753354268,-0.9427210329376892,0.44212363897688656,0.044291191216375994,0.2656351251398297,0.4052408667973082,-0.8183718990607032,0.8147959277243195,0.49517935215325526,2.6907963624834808,-0.4492445622301803,-0.8983011384903947,-0.5404186115710042,-0.500104634159922,-0.6814272345278023,0,0,0.5614617940199336,0.8987716131018801
7,100,0.0,0.1,False,-0.019785729996128043,-0.9114052743245847,0.2668933006917867,-0.021709036093510273,-0.10871091007824463,0.21838320753461726,-0.7741275039683067,0.62746022736264,0.2821023751451131,1.1343674017511298,-0.38500136643227245,-0.8290853064435875,-0.6338520399903601,-0.46436882120581724,-0.6063582886719214,0,419,0.5614617940199336,0.8606230388033069
7,100,0.0,0.1,True,-0.03512042483500044,-0.8874769781276095,0.23252244767192318,-0.0395733362110386,-0.1860791984139586,0.16230762547505484,-0.7355429349948155,0.551059213955533,0.22066369990515763,0.7812529523683578,-0.3522285831365408,-0.8051648054210154,-0.5639215388624569,-0.4374614746758122,-0.5651463286297057,0,399,0.5614617940199336,0.8100820480574256
7,100,0.0,0.2,False,0.004025655005251982,-0.9319147034450406,0.33911489435837283,0.004319767667974555,0.02340655440324957,0.30210365205011747,-0.7993723021019975,0.7257399917041576,0.377926094331412,1.7545488606440056,-0.42559047547362194,-0.8698835993032054,-0.61793577031419,-0.4892499132234803,-0.6546708275953189,0,246,0.5614617940199336,0.9053626050441645
7,100,0.0,0.2,True,-0.01758971833181555,-0.9108850571354111,0.29912212694558077,-0.01931057952265945,-0.09715012008020119,0.22721062729268837,-0.7682236781388463,0.6398925591089383,0.2957610312704044,1.1943363850388575,-0.39078896684998665,-0.8489630035287004,-0.5444377820483184,-0.46031330602827086,-0.6134320526977152,0,235,0.5614617940199336,0.8541766282029931
7,100,0.0,0.3,False,0.024933236592445285,-0.9411394897558221,0.38504970196135435,0.026492604830463753,0.15237758059419693,0.36471884868739535,-0.802024575003093,0.7882835591593725,0.454747722270217,2.2987078962963072,-0.4495950776496156,-0.8918822603757325,-0.6372056653830268,-0.5040968944266365,-0.6818159531035062,0,153,0.5614617940199336,0.9231183196245243
7,100,0.0,0.3,True,0.008069922068126623,-0.9201682644822495,0.35452060207290653,0.008770050413189723,0.04737537264432512,0.2841266355913967,-0.763563617297268,0.7052779951605289,0.3721060421882065,1.6114133921923455,-0.40528254314258716,-0.8690875754257846,-0.5409759967709199,-0.46633107479879754,-0.6308769379978781,0,149,0.5614617940199336,0.8699410604085216
7,100,0.05,0.0,False,-0.127025761875317,-0.9335350082393112,-0.05822063180731265,-0.13606962862045555,-0.5426666428087016,0.02351054702554012,-0.8447745173786496,0.28051114154636964,0.027830558973883073,0.09329642397737792,-0.38174847409657486,-0.8076264746226065,-0.9144910572555994,-0.4726794949050686,-0.6023555748195071,695,0,0.5614617940199336,0.5999271000604744
7,100,0.05,0.0,True,-0.158292435174183,-0.9166702729803429,-0.15164110791289706,-0.1726819771950622,-0.6293101435053541,-0.04623092676044127,-0.81483299104318,0.13154832892585927,-0.05673668993354662,-0.16613486067742156,-0.35797798159729377,-0.7793642592493963,-0.8798291366632733,-0.45932050045772105,-0.5725181700516688,659,0,0.5614617940199336,0.5562169287218792
7,100,0.05,0.1,False,-0.26177895742620394,-0.9311251278837671,-0.7676692301346033,-0.2811426193826035,-0.8258601225535023,-0.18842936227146867,-0.8277894205360146,-0.4544767207054592,-0.22762958500901823,-0.5512937232888147,-0.3990856278688215,-0.7549049645234762,-1.522213343156678,-0.528656780156081,-0.6234653310999101,695,195,0.5614617940199336,0.5796499234426471
7,100,0.05,0.1,True,-0.268958996306524,-0.922194920860844,-0.8314550384573333,-0.29165091915216584,-0.8353910252491863,-0.21171217519900443,-0.8139685167808197,-0.5612910493713562,-0.2600987272042279,-0.5987273706444736,-0.37812629176800394,-0.7288269571221211,-1.4872144469040895,-0.5188149094554494,-0.5978756463752574,659,181,0.5614617940199336,0.5397435566629141
7,100,0.05,0.2,False,-0.22832744686520123,-0.9293831202203031,-0.5591689348573631,-0.2456763436924462,-0.7752303085710245,-0.13200419733023194,-0.8246869092875964,-0.2138423773469078,-0.16006583328000615,-0.4192238850396449,-0.4027035888282905,-0.7689839053660532,-1.3772625281819177,-0.5236827273213147,-0.6278010352078026,695,115,0.5614617940199336,0.5880888367847389
7,100,0.05,0.2,True,-0.24553253909800143,-0.9183533256508093,-0.6535603280156631,-0.2673617356631228,-0.8026016794828185,-0.16966514316476455,-0.8031680208001133,-0.35419540720358544,-0.21124489368456764,-0.5101475439768182,-0.38624156760478867,-0.7463070342756033,-1.3646841142584702,-0.5175370857648298,-0.6078792639651969,659,105,0.5614617940199336,0.5477037487463846
7,100,0.05,0.3,False,-0.22949738158085653,-0.9394022575434371,-0.5070340268269542,-0.24430150102150971,-0.7771857265670143,-0.12062095127445438,-0.8383627432802626,-0.14603567457959893,-0.14387680302025432,-0.38944042802633794,-0.4271379494845702,-0.7981731770043601,-1.38775445483696,-0.5351444546002789,-0.6564528078395705,695,70,0.5614617940199336,0.5913393683459556
7,100,0.05,0.3,True,-0.2435449522836758,-0.9268072769837241,-0.5851429686864416,-0.2627784204244576,-0.7995880371282066,-0.16153100570955603,-0.8172010664438548,-0.2859399107931911,-0.1976637235833244,-0.49147081389690817,-0.4001762670138497,-0.7684879217869308,-1.3286736131629293,-0.5207320189019206,-0.6247748649966864,659,66,0.5614617940199336,0.5492372788693974
7,100,0.1,0.0,False,-0.24116033913385282,-0.9600931248435186,-0.15923632549742298,-0.2511843204513713,-0.79592234043641,-0.05053117629876869,-0.846030668732026,0.22356194780310235,-0.05972735760808934,-0.18047361455310407,-0.5364236060103755,-0.9020010290412205,-1.1531350021016618,-0.59470398451825,-0.7710794873977493,498,0,0.5614617940199336,0.6832587707632097
7,100,0.1,0.0,True,-0.2587833694812671,-0.9445510888380175,-0.21738174474371513,-0.27397498403143156,-0.8217511985828335,-0.10813169152167301,-0.8052645393269395,0.1166846619542886,-0.13428095519026856,-0.3554798366955636,-0.5076531916857749,-0.8836885685947155,-1.1071731408467913,-0.5744707012483705,-0.7430580369051281,481,0,0.5614617940199336,0.6297841555180916
7,100,0.1,0.1,False,-0.3382924991802161,-0.945486145612919,-0.737073999473743,-0.35779741538244886,-0.9072672749131503,-0.2522361598978199,-0.8141847835254319,-0.44012013616227813,-0.3098021051261038,-0.6723101143555259,-0.4979189359075896,-0.8423206700453801,-1.4537643112168708,-0.5911275285227943,-0.7332271580146488,498,308,0.5614617940199336,0.6405233592577103
7,100,0.1,0.1,True,-0.3371949206414665,-0.9343501639391487,-0.7664020218330563,-0.3608870995643416,-0.9063779577454472,-0.2702799306487943,-0.7959687035543588,-0.5146000079784667,-0.3395610021372356,-0.7016369040182185,-0.4674981897864068,-0.8178596649888487,-1.3896730901391805,-0.5716117444094532,-0.7013680060321023,481,292,0.5614617940199336,0.5914650574008649
7,100,0.1,0.2,False,-0.30934208342406644,-0.9513048201005754,-0.5448104815411542,-0.3251766173027082,-0.8813327175585117,-0.18718808401848408,-0.8180682811852277,-0.1918382448037225,-0.2288171883981171,-0.5486537910731386,-0.5203462864173101,-0.8720412636036352,-1.3879274093351612,-0.5966991564906275,-0.7556115179762236,498,180,0.5614617940199336,0.6598209675601459
7,100,0.1,0.2,True,-0.31553317335632036,-0.9335549053267685,-0.5929972913828299,-0.33799101858489566,-0.8873294834271284,-0.21592134867545298,-0.7697912748231921,-0.28251905628857155,-0.2804933697449954,-0.6068895113983277,-0.4954485513912512,-0.8537932635860975,-1.347578597903049,-0.5802910054715952,-0.7307041601692553,481,170,0.5614617940199336,0.6092777566152848
7,100,0.1,0.3,False,-0.31057017023092415,-0.95993270042764,-0.4955832527722983,-0.3235332748770496,-0.8825427572709059,-0.16940897593038096,-0.8252995256428799,-0.11407655081578014,-0.20526968775174953,-0.5095672193339154,-0.547925492220094,-0.896083237707588,-1.427183509794968,-0.6114671820241038,-0.781848130640078,498,109,0.5614617940199336,0.6681622416150677
7,100,0.1,0.3,True,-0.31447464524314184,-0.9434370774955754,-0.5352890151670229,-0.3333286901103552,-0.88632232357037,-0.20143000602188055,-0.7784730680489119,-0.2059420278085532,-0.2587501280252698,-0.5782622719672899,-0.5165743281286683,-0.8766581414478367,-1.3608426267383946,-0.5892540132867811,-0.7519124773749073,481,105,0.5614617940199336,0.6154987341741164
7,100,0.15,0.0,False,-0.1753800553574809,-0.9722306557702856,0.06222176523599148,-0.18038934929338307,-0.6706073803615789,0.16066574849961945,-0.8469166584437665,0.5569164235640465,0.18970668116842493,0.7716142264644836,-0.6019401817278554,-0.9390363308595745,-1.212298532965505,-0.6410190553296822,-0.8290859996934581,321,0,0.5614617940199336,0.7709226445808192
7,100,0.15,0.0,True,-0.1927292559431879,-0.959604437286755,0.01657240334356569,-0.20084239761137676,-0.7085711331689108,0.07393660481609787,-0.8111395164241706,0.44670281444143556,0.09115152611728274,0.31494344559633003,-0.561348780255668,-0.922338339893116,-1.1145892376554574,-0.6086148173355986,-0.7941013347395918,310,0,0.5614617940199336,0.7204662390017517
7,100,0.15,0.1,False,-0.27417576385713716,-0.9540904808352609,-0.38706059176901936,-0.28736872378928807,-0.8420419527990376,-0.09362951828313526,-0.7957717067616279,0.06584011233601297,-0.1176587675680983,-0.31431559123840025,-0.5490007856039003,-0.8919406812851066,-1.4542864871824996,-0.6155126648253121,-0.7828421772100579,321,373,0.5614617940199336,0.7081924646620537
7,100,0.15,0.1,True,-0.2720848572899216,-0.9344675622731323,-0.40669281543319913,-0.2911656522651932,-0.8394034217924495,-0.12991456006769797,-0.752188028032391,-0.02495190844084241,-0.17271553817139926,-0.41383882254657933,-0.5038696611726166,-0.8661124060292992,-1.325169396922361,-0.5817601245115653,-0.7392579382927212,310,355,0.5614617940199336,0.66063956073291
7,100,0.15,0.2,False,-0.23888400388670195,-0.9630631618372728,-0.21990860135396337,-0.24804604033547883,-0.7923715749142801,0.0032616927973461163,-0.8109975037695389,0.28598019988052714,0.004021828405371999,0.012577606543378472,-0.578668027263221,-0.9153693125672031,-1.4109651856936238,-0.6321689173087035,-0.8094093368296383,321,219,0.5614617940199336,0.7372299676783007
7,100,0.15,0.2,True,-0.24551018648152256,-0.9472388507770978,-0.2572997216120845,-0.25918508967417286,-0.8025679971805214,-0.04922763682891973,-0.7664786443674388,0.18315252911463917,-0.06422571221086847,-0.17614650630910156,-0.5404122033051111,-0.8963262555330248,-1.310348365325383,-0.6029190821636038,-0.7748419326973088,310,208,0.5614617940199336,0.6891273588454996
7,100,0.15,0.3,False,-0.22465115988672046,-0.9677086767926104,-0.14663139163896916,-0.23214751016939103,-0.768993269064977,0.047099189056826196,-0.8121169595046114,0.3727630243902694,0.05799557379710004,0.19321961657099318,-0.5954045567342392,-0.9300400432708373,-1.3991612194548189,-0.6401923885344485,-0.8236637424451716,321,135,0.5614617940199336,0.7504702061404236
7,100,0.15,0.3,True,-0.2279214669541605,-0.9523517610555206,-0.17347385735042806,-0.2393248758227193,-0.7745484524053872,-0.009494821691673594,-0.767981685958151,0.2738316193425493,-0.012363343899050984,-0.03595627494125064,-0.5510891837238671,-0.9108740797649987,-1.2746719494246672,-0.6050113796915217,-0.7847665720612165,310,131,0.5614617940199336,0.7005701078972079
7,100,0.2,0.0,False,-0.13652971551261361,-0.9802323151318831,0.16781897516274435,-0.13928301832636944,-0.5706070905093563,0.2981026722774627,-0.8648478256777641,0.7125127828004008,0.34468800571227143,1.7222027436158105,-0.6346469529446488,-0.9514003277613925,-1.1879650961828705,-0.6670661491550545,-0.8550003724831347,183,0,0.5614617940199336,0.8486907323816103
7,100,0.2,0.0,True,-0.15006875358339455,-0.9708846992648493,0.1346775891360805,-0.15456907879692214,-0.6079621029842304,0.22247874855743177,-0.8249411049976137,0.6335506382301054,0.2696904630035078,1.1620376435090214,-0.6049326742485329,-0.9402936673239269,-1.1125666507867487,-0.6433444095929834,-0.83154164916485,177,0,0.5614617940199336,0.797991035934362
7,100,0.2,0.1,False,-0.21534303202565463,-0.9568851847496689,-0.1707954155093116,-0.2250458419230209,-0.7525592215329531,0.017109820914187113,-0.8010638174340403,0.3104525512268727,0.02135887371494711,0.0672850444773807,-0.5474966476250069,-0.8967242881069516,-1.2981924409672851,-0.6105518216539123,-0.781451082606406,183,399,0.5614617940199336,0.77430772745549
7,100,0.2,0.1,True,-0.21443720196066718,-0.93965516251838,-0.18547779547365825,-0.22820840082009627,-0.7509096503206772,-0.008630094403462296,-0.7465645411723548,0.2582040428928641,-0.011559743233867196,-0.03272181000569985,-0.5196451822409411,-0.8804938926060099,-1.2221880791259279,-0.5901746583419678,-0.754925979465348,177,379,0.5614617940199336,0.7263581015290747
7,100,0.2,0.2,False,-0.21414896588469146,-0.972035508973667,-0.09699357436445911,-0.22030981780779046,-0.7503828532490944,0.09523247732739137,-0.8256321170815348,0.45470673004498185,0.11534492827631455,0.4178794312374474,-0.6108710531195508,-0.9307758592333351,-1.367745709355236,-0.6563030691650247,-0.8363643147735246,183,230,0.5614617940199336,0.8111175144308144
7,100,0.2,0.2,True,-0.21757765216697034,-0.9595589754309931,-0.11994473377376157,-0.22674755563538312,-0.7565900337287264,0.05467746830685449,-0.773830655820642,0.38902598324174686,0.07065818328025454,0.22670891157604633,-0.5834889262423346,-0.9182190798223627,-1.287689620059119,-0.6354572008623645,-0.8135696237963271,177,219,0.5614617940199336,0.7623943252665764
7,100,0.2,0.3,False,-0.19663751053807077,-0.9759565643291284,-0.026857125052962522,-0.20148182585691118,-0.7166033360883353,0.1519485222914423,-0.8279571841962726,0.5401736330536464,0.18352219799740502,0.7210837754018609,-0.6281581305063761,-0.943746781852704,-1.3573160526182675,-0.6656002887482337,-0.8500212958080816,183,143,0.5614617940199336,0.8255470971397744
7,100,0.2,0.3,True,-0.19646814040279936,-0.9640922638018118,-0.041037608687549444,-0.20378562071232145,-0.7162590830890141,0.10747689034070729,-0.7769526161784198,0.4765398310888097,0.13833133205645354,0.4796951960421054,-0.5952291605518227,-0.9309111364374307,-1.2564736846728504,-0.6394049198183911,-0.823517109238231,177,139,0.5614617940199336,0.775103395694902
7,200,0.0,0.0,False,-0.09155228434148566,-0.9510809072533053,0.2829080161054829,-0.09626129979402705,-0.42475435829914643,0.2266249817770507,-0.7996535748728232,0.6585277642894541,0.28340395003310415,1.190319679011906,-0.523395065253983,-0.9271194542425466,-0.65455051970511,-0.5645389737631975,-0.7585819194880163,0,0,0.5614617940199336,0.9469211636524844
7,200,0.0,0.0,True,0.005414657680081536,-0.9225578040423528,0.3923735968513351,0.005869179856650977,0.03158698292394879,0.3677307283002911,-0.7284393351094335,0.7817447411358764,0.5048199768688313,2.3267392130578477,-0.47739727872989046,-0.9080366566129107,-0.5548823893266361,-0.5257467033441596,-0.7119238486790226,0,0,0.5581395348837209,0.8798711880226601
7,200,0.0,0.1,False,-0.18688288761618999,-0.9325454321684093,-0.025116098194384904,-0.20040083964771446,-0.696205207941492,-0.027401191774849565,-0.7875184116216507,0.2797208714686597,-0.03479435067229131,-0.10115383472059236,-0.4492194279518982,-0.8616672711669264,-0.7756590384011296,-0.5213374616672346,-0.6813993521028655,0,398,0.5614617940199336,0.8607555996932262
7,200,0.0,0.1,True,-0.10341045665818671,-0.8832541376760721,0.10609764278614887,-0.11707893826602356,-0.46667555691331253,0.09761847550026426,-0.6631180962297236,0.4545858978685155,0.1472112977391079,0.42977241432605195,-0.4172701697734288,-0.8409493553452511,-0.70219801122276,-0.4961894163080949,-0.6450140494079795,0,377,0.5581395348837209,0.7971075721668773
7,200,0.0,0.2,False,-0.1442333801023452,-0.9272994355452777,0.10469578966927838,-0.1555413220083888,-0.5922059328607117,0.07942458684377374,-0.738280523717419,0.45742686811692934,0.10758049859401944,0.3409231625743603,-0.48253874527594576,-0.8934946710513229,-0.7275834966932381,-0.540057776403043,-0.717334656514184,0,237,0.5614617940199336,0.9011695920649364
7,200,0.0,0.2,True,-0.05476943788946409,-0.9016293579003765,0.2316845835854092,-0.060744958457215316,-0.27702333852434835,0.20619256022251364,-0.6907586969344568,0.6121849684203111,0.2985015767989359,1.0535537888413296,-0.43834439314556806,-0.8707623073875118,-0.6201561186023122,-0.5034030405618987,-0.669225747929481,0,228,0.5581395348837209,0.8361078304336412
7,200,0.0,0.3,False,-0.10687734665570092,-0.9324804514808118,0.19210017650475186,-0.1146161793375678,-0.4784430210406626,0.13768452842840895,-0.7504268895035253,0.5419020935250544,0.1834749398698914,0.6407099855554583,-0.47602128604452065,-0.901617929775786,-0.6606914721252594,-0.5279634203402515,-0.7104674464545748,0,151,0.5614617940199336,0.9175191685518468
7,200,0.0,0.3,True,-0.006355934521220297,-0.90307976186439,0.3263809625606723,-0.007038065506083978,-0.03605403275726049,0.27328723732189886,-0.6980937604213913,0.6934390372325516,0.39147640734811057,1.5278124032009845,-0.42072930807483,-0.8755307749003762,-0.5315879364710498,-0.4805419982212543,-0.6490443009090261,0,148,0.5581395348837209,0.8501987581087186
7,200,0.05,0.0,False,-0.13168909222257663,-0.9195055897279049,-0.06855414653973106,-0.1432172829547946,-0.5565581435482347,-0.018460444967147382,-0.83490522397589,0.19562141710445585,-0.022110826998107843,-0.06902230297416867,-0.33843114961533605,-0.7809477295707042,-0.7345932397918322,-0.4333595409789788,-0.5472094510486355,693,0,0.5614617940199336,0.601929156493243
7,200,0.05,0.0,True,-0.10447037225762801,-0.8780373038642909,-0.014565695423075172,-0.11898170134440542,-0.47029621416339606,0.005136963506243708,-0.768039649623414,0.2394886533497804,0.006688409262155241,0.019861694306244182,-0.3037159358084369,-0.7422178879049086,-0.6580426636614894,-0.409200506694536,-0.5005470617250664,643,0,0.5581395348837209,0.5466492988259385
7,200,0.05,0.1,False,-0.2747275312112182,-0.9367828367805355,-0.8117189679626498,-0.29326704165010214,-0.8427322253521444,-0.2108608351579505,-0.8428301448603608,-0.5298609404666589,-0.2501818859277817,-0.5970613951071082,-0.3973047142883952,-0.7535100096646976,-1.4959487829073752,-0.5272719793930684,-0.6213222894635928,693,188,0.5614617940199336,0.5805357069474865
7,200,0.05,0.1,True,-0.24596072520163625,-0.9070010485625686,-0.722988303740336,-0.27118019939606375,-0.8032459806173219,-0.18029814580163261,-0.7838637711620938,-0.4356880494393381,-0.2300120919408445,-0.5337909941695702,-0.3688524807383534,-0.7210184411363483,-1.413465419300343,-0.5115714934517209,-0.5862963447963705,643,175,0.5581395348837209,0.5289212398721915
7,200,0.05,0.2,False,-0.23864246522800037,-0.9300559425412818,-0.5930807835132876,-0.2565893666309303,-0.7919918313639771,-0.15512200442316004,-0.8308334268476554,-0.2853892260353606,-0.18670650386771664,-0.4763883558893798,-0.3945141527062941,-0.7628711854797293,-1.328764140733908,-0.5171438641481851,-0.6179525957847423,693,112,0.5614617940199336,0.5893262158372211
7,200,0.05,0.2,True,-0.21617789543536525,-0.8982805948433277,-0.5368332257100041,-0.24065742561551118,-0.7540715540224221,-0.1331357251086357,-0.7677987187122282,-0.22995336680675826,-0.17339925408046314,-0.4221245531701173,-0.3685289704078929,-0.7320802154818483,-1.2587852605513357,-0.503399713056486,-0.5858895700810498,643,103,0.5581395348837209,0.536746999268196
7,200,0.05,0.3,False,-0.23190915071076756,-0.9360954157279832,-0.5141254974848949,-0.247740931975846,-0.7811723985031266,-0.14665018564329158,-0.8453424318199121,-0.22343583900942177,-0.17348021360713295,-0.4559469198820554,-0.3973318322807521,-0.7775539251782968,-1.2395458183706924,-0.5110022847478289,-0.6213549652230521,693,70,0.5614617940199336,0.5934294593612712
7,200,0.05,0.3,True,-0.2031806671508578,-0.9012618080022285,-0.439623836307685,-0.2254402276306769,-0.7296409526356187,-0.1226453901420832,-0.7824576537231003,-0.16423800102859096,-0.15674380531458834,-0.3948179557559027,-0.3596551413550031,-0.7375655957904232,-1.1241689456013575,-0.4876246172648187,-0.574657246787681,643,67,0.5581395348837209,0.5393778803959696
7,200,0.1,0.0,False,-0.24433805834197098,-0.9452488456939269,-0.16879923861769058,-0.25849072385018074,-0.800795095442244,-0.09145885796436237,-0.8172640432958027,0.1492781258686609,-0.11190857925858792,-0.30799101564578035,-0.500025045069803,-0.8867137280992352,-0.9822041728281137,-0.5639080903164313,-0.7353691454083342,495,0,0.5614617940199336,0.6768925118053986
7,200,0.1,0.0,True,-0.20393227533315528,-0.9082928629589596,-0.09888887400073178,-0.2245226001983567,-0.7311062902591787,-0.05690298133233784,-0.7354529543372603,0.20088581926726673,-0.07737134101747528,-0.2013834730292272,-0.4544577806687482,-0.8583962873538631,-0.8736618938389251,-0.529426545016502,-0.6871852106968008,468,0,0.5581395348837209,0.61573101715812
7,200,0.1,0.1,False,-0.3609051952448351,-0.9548313126711404,-0.8022553119106369,-0.37797796370460757,-0.9240952187270126,-0.284369749992202,-0.8410882004812529,-0.5315708744734224,-0.33809741930690695,-0.723150694806246,-0.506136219389977,-0.8472326745038611,-1.4534285710151904,-0.5973993149949866,-0.7415376283196307,495,294,0.5614617940199336,0.635868565745863
7,200,0.1,0.1,True,-0.32542839426386616,-0.927348512776896,-0.7146402904268421,-0.3509235091016516,-0.8963930298264121,-0.2484927753445062,-0.7715774558966717,-0.4458524101948747,-0.3220581076409572,-0.6659686105120599,-0.47070521060135406,-0.8199575894373667,-1.356628344604835,-0.5740604351553591,-0.7048077019190153,468,276,0.5581395348837209,0.5792932973963073
7,200,0.1,0.2,False,-0.32158991118307023,-0.9499266833376941,-0.5814063896598815,-0.33854182309430575,-0.8929515702137774,-0.20700348050895212,-0.81135860298532,-0.24638083911553738,-0.2551319228603748,-0.5894488233401,-0.522419711195083,-0.8730999640845906,-1.3712886788884793,-0.5983503982190843,-0.7576335307813729,495,175,0.5614617940199336,0.6545457691894424
7,200,0.1,0.2,True,-0.28667721383058764,-0.9157167368913234,-0.506164969601969,-0.3130632020594053,-0.857081416775713,-0.1761301999324566,-0.721617183774775,-0.18602780741265648,-0.24407705899008753,-0.524626163405767,-0.4827158718122885,-0.8466353895929436,-1.2561634686092706,-0.5701579189175814,-0.7175201870107918,468,166,0.5581395348837209,0.5956648809895138
7,200,0.1,0.3,False,-0.3107625394658061,-0.9522005021021787,-0.4976814165774228,-0.3263625032540246,-0.8827313725454865,-0.19079710493418278,-0.8111410912340008,-0.17003706944682526,-0.23522061327693355,-0.5562977188735237,-0.5240932345238558,-0.8853232234609192,-1.29836956269584,-0.5919795399414267,-0.7592596937969252,495,109,0.5614617940199336,0.6621305205039416
7,200,0.1,0.3,True,-0.269712642754515,-0.9145325463907722,-0.4090309969175872,-0.2949185830716942,-0.8363659116429949,-0.15647450370091687,-0.713058718124157,-0.10389192226718572,-0.21944126019881535,-0.4795983985491371,-0.4761408374688062,-0.8561158646932849,-1.1578920468644909,-0.5561640159996218,-0.7105941235832987,468,106,0.5581395348837209,0.6013960918116571
7,200,0.15,0.0,False,-0.2527718128640226,-0.9751488857936266,-0.08267223892104406,-0.2592135586129536,-0.8132634293368797,0.015318418613813778,-0.855400981794362,0.3705785352875804,0.017907880561091428,0.06008781669056984,-0.6129945312413135,-0.9422417630522457,-1.2118207704993305,-0.6505703262988609,-0.8380725526278281,326,0,0.5614617940199336,0.7602473954374019
7,200,0.15,0.0,True,-0.2023252795519469,-0.9564092613679261,-0.0051516049041026935,-0.2115467590334357,-0.7279652642634258,0.058530653768997576,-0.7934508594686683,0.4218840825177226,0.07376720696753977,0.24400062360474095,-0.5644041580296655,-0.9233724498701666,-1.0772440711112978,-0.6112421462314855,-0.796842994712821,309,0,0.5581395348837209,0.700901486346025
7,200,0.15,0.1,False,-0.3607482862044826,-0.9687874267016503,-0.6247999214649111,-0.37237094151055633,-0.9239878332928932,-0.20604457540393117,-0.8264362882979821,-0.18786317217383364,-0.24931695076976,-0.5875400158754671,-0.5985412621944085,-0.9135537745776238,-1.6238878972500281,-0.6551790150187279,-0.8262762126971421,326,349,0.5614617940199336,0.7029002489345405
7,200,0.15,0.1,True,-0.3162177317258237,-0.9484534908527054,-0.5280287818570911,-0.3334035192822462,-0.8879768865013178,-0.16224524754904912,-0.7583581806418965,-0.10476720535881699,-0.21394276700716805,-0.4931315260593283,-0.5564496631107012,-0.891997586788132,-1.4910900445534456,-0.6238241799670581,-0.7896685491563571,309,330,0.5581395348837209,0.6466451789761177
7,200,0.15,0.2,False,-0.3136692559923916,-0.9699143513756028,-0.40613488014382393,-0.32339892233527956,-0.885551044579877,-0.09731254619784724,-0.8138124701813054,0.09526714597237099,-0.11957613057485766,-0.3249487751057313,-0.6184397901431302,-0.9300247464119007,-1.5437009959772479,-0.6649713274072688,-0.8424137816801482,326,209,0.5614617940199336,0.7292941688893162
7,200,0.15,0.2,True,-0.26835619763102614,-0.9509794371424309,-0.3191739800607063,-0.282189274709663,-0.8346078191580839,-0.05687745543308809,-0.7489115989770094,0.16039223534016464,-0.07594682137488719,-0.20130050229659102,-0.574116175814944,-0.9104155186588034,-1.400195550288138,-0.6306089516803433,-0.8054409167676992,309,200,0.5581395348837209,0.6717018278228052
7,200,0.15,0.3,False,-0.2843535949872932,-0.970194207231643,-0.2851790817086713,-0.2930893555823933,-0.854379485935424,-0.051493157421339864,-0.8117836940322609,0.20390329952540864,-0.06343211596868252,-0.18365612272531262,-0.6123126029292345,-0.9355393467228086,-1.4279611447237472,-0.6545022452280213,-0.8375249086900534,326,133,0.5614617940199336,0.7410922788485965
7,200,0.15,0.3,True,-0.23198216695047857,-0.9512929643338603,-0.18796890718139006,-0.24385985773890728,-0.7812921692022928,-0.007457995734686085,-0.7535774945979055,0.2709370270093749,-0.009896786711585023,-0.028324837744263087,-0.5599546432847192,-0.9142190661199439,-1.2610916706724526,-0.6124950397952587,-0.7928445013372434,309,130,0.5581395348837209,0.6814006747038266
7,200,0.2,0.0,False,-0.22067373837635074,-0.980189177217538,0.026524621349496923,-0.22513382467941245,-0.7620849602547948,0.10140626994238744,-0.8698956367727008,0.49718074885312896,0.11657291479079389,0.4488039314794319,-0.6268991834439799,-0.9494045782927286,-1.084840594973099,-0.6603077315798334,-0.8490459510934458,189,0,0.5614617940199336,0.8407057357609299
7,200,0.2,0.0,True,-0.16309370545201574,-0.9650120024431343,0.1096046854677754,-0.1690069191254711,-0.6413231861551306,0.1695773776016376,-0.805972690231677,0.5717859446141176,0.21040089776849955,0.8243971104188128,-0.5879183941232634,-0.9352649445355454,-0.975266652626021,-0.6286116009781858,-0.8173533661412327,179,0,0.5581395348837209,0.7781500559819793
7,200,0.2,0.1,False,-0.3030314370491769,-0.9651582013468215,-0.3815288282663784,-0.31397074244026973,-0.874951123909818,-0.13567866504757153,-0.8296916798838472,0.01691267140266497,-0.1635290172688798,-0.4286042690862507,-0.5609024305649957,-0.9025122270460932,-1.2820174597705856,-0.6214901180904989,-0.7936993427972889,189,378,0.5614617940199336,0.7707647997287442
7,200,0.2,0.1,True,-0.2542094316143271,-0.9438959621511765,-0.2825247802146775,-0.2693193337059877,-0.8153229767302619,-0.07110262337290141,-0.7524500861975589,0.1322040730071566,-0.09449480394402282,-0.2465598433770455,-0.531853274566894,-0.886250709585017,-1.1968905521085882,-0.6001160493467272,-0.7667316211533931,179,357,0.5581395348837209,0.7115304567413839
7,200,0.2,0.2,False,-0.28690511085910264,-0.9730978460386273,-0.2603975940604561,-0.29483685739009835,-0.8573441717639994,-0.043110934517482824,-0.825203716248951,0.22846152546305568,-0.052242777957239514,-0.15561604324738376,-0.619138131569693,-0.9335688136924719,-1.3289782600483464,-0.6631949594812023,-0.8429664482573899,189,221,0.5614617940199336,0.8045689224788779
7,200,0.2,0.2,True,-0.23531339149789388,-0.9574513685693847,-0.16537838114207115,-0.2457705939148607,-0.7866991621843266,0.018253484512189555,-0.7627232308251128,0.3223163500764953,0.0239319897106621,0.07189874179185063,-0.5828673849272872,-0.9179848738768259,-1.2078079649131912,-0.6349422539673519,-0.8130357205107872,179,212,0.5581395348837209,0.7437995469817701
7,200,0.2,0.3,False,-0.25511109414368327,-0.9738172469983645,-0.14974480939129672,-0.26197019505458785,-0.8166051023598013,0.011269613155218572,-0.8243929626371835,0.3339882264997119,0.013670195727008339,0.04395340935396175,-0.6153927873232201,-0.9399848657955363,-1.2337874648233789,-0.6546837185536977,-0.8399915177312609,189,141,0.5614617940199336,0.8178636790379634
7,200,0.2,0.3,True,-0.19589380804797663,-0.9582382923091617,-0.04654041111072908,-0.20443120424243527,-0.7150891510058108,0.07781886585283404,-0.7672174755568979,0.42802420342086145,0.1014299964900407,0.33328287054135,-0.571712258141025,-0.9230081008430645,-1.093428719921909,-0.6194011272694464,-0.8033293323027819,179,138,0.5581395348837209,0.755042119398939
14,0,0.0,0.0,False,-0.523591144604939,-0.9994376541619716,-0.23095247622305665,-0.5238857495758154,-0.9860196934788483,-0.08575378301112657,-0.974775299924656,0.43182390468549103,-0.08797287233042815,-0.29116266172451677,-0.8779696410203901,-0.9944807159910702,-1.801874465489047,-0.882842298400358,-0.9822980704200286,0,0,1.0,1.2432255821809812
14,0,0.0,0.0,True,-0.528197520346431,-0.999081243249107,-0.29431758944089903,-0.5286832516529713,-0.986780458731908,-0.17077719704525818,-0.968683190438137,0.30223458816707527,-0.17629829724619808,-0.5126609205242514,-0.853660592715118,-0.9918676903031158,-1.6561702053864356,-0.8606597442994018,-0.9749202602728493,0,0,0.973421926910299,1.1387814772104938
14,0,0.0,0.1,False,-0.39609755193858287,-0.9906562272640218,-0.26732853790727235,-0.39983350534475376,-0.9452216751045447,-0.13755833277588536,-0.9111382988303669,0.22201584486365147,-0.15097415282890614,-0.433359235514315,-0.716346394904147,-0.959875533613428,-1.4822920885823225,-0.7462909198315312,-0.9107613649952538,0,746,1.0,1.20601381541385
14,0,0.0,0.1,True,-0.40085231760094264,-0.9904891767478053,-0.33664052943555794,-0.4047013607126029,-0.94765936722122,-0.1768650744303628,-0.917845637645905,0.12084777759077696,-0.19269588172144853,-0.5262516572474536,-0.6915071218830778,-0.951662512854758,-1.4153265372304833,-0.7266306201436088,-0.8951737292071043,0,676,0.973421926910299,1.094322588149914
14,0,0.0,0.2,False,-0.45581886145102646,-0.9969091157543252,-0.2818447809676773,-0.45723211298567046,-0.9699273243991356,-0.11038858073466773,-0.9407185057615763,0.3109022192846823,-0.11734496563911069,-0.36171763379190425,-0.8068300144174385,-0.9831784095184519,-1.686355258441392,-0.8206343900621388,-0.957286103912405,0,411,1.0,1.2306100180486579
14,0,0.0,0.2,True,-0.4697166272328308,-0.9960522276058533,-0.37217942491269135,-0.47157831107095505,-0.9740899622425735,-0.19333047782999935,-0.9361704671131706,0.1581108071409157,-0.20651204521134317,-0.561605933328319,-0.7791764003146974,-0.9774287383359904,-1.5754656059844736,-0.7971695221906357,-0.9447916153877145,0,374,0.973421926910299,1.1241039651252362
14,0,0.0,0.3,False,-0.4651581466730913,-0.9977922641515082,-0.24575067688766017,-0.4661873652314266,-0.9727807563551534,-0.07463080359571905,-0.9433086095661323,0.3809927627860154,-0.0791159996197267,-0.2574851890183746,-0.8322095245954357,-0.9884449622173701,-1.7372178562409795,-0.8419381517495392,-0.9673973902999543,0,244,1.0,1.2365870632370546
14,0,0.0,0.3,True,-0.4743163757884442,-0.9970932854149894,-0.32273182193085914,-0.47569909729262105,-0.9753578340561734,-0.16246154918809952,-0.941237774335027,0.2350186057127751,-0.17260415340095825,-0.4936336654861938,-0.8024954194903782,-0.9835225733044248,-1.5997193531706027,-0.8159400112131293,-0.9554290274024644,0,225,0.973421926910299,1.1308262549854953
14,0,0.05,0.0,False,-0.4033481476086669,-0.9960237721807245,-0.6109093887967354,-0.40495835428261345,-0.9489026112743278,-0.22720990026933796,-0.9717940122925823,-0.15243234479123913,-0.2338045896509711,-0.6281734824426638,-0.6557536119964954,-0.9385794504770067,-1.6610548503646956,-0.6986660656838661,-0.8706387171676355,1201,0,1.0,1.0373579282176346
14,0,0.05,0.0,True,-0.3625032032686577,-0.9920207494795975,-0.5366220728253533,-0.3654189727975172,-0.9251817423315234,-0.219372106882728,-0.9596605403631839,-0.16787491136478866,-0.22859344284355648,-0.6134888606228178,-0.5837356263232422,-0.9095477176811859,-1.3472585224686753,-0.641786697911162,-0.8137813363095334,1076,0,0.973421926910299,0.9152376072702805
14,0,0.05,0.1,False,-0.4756134148379796,-0.9931753881469209,-1.3854248903925048,-0.47888159585326123,-0.9757059292483884,-0.38552597152682555,-0.9581454992455162,-0.9649015172676328,-0.40236683450520283,-0.8457585047307362,-0.6261039511805624,-0.9033224808337661,-2.3572005874833253,-0.6931123319356215,-0.8484283013132929,1201,360,1.0,1.0163544002652707
14,0,0.05,0.1,True,-0.4253594898388181,-0.9879595919093734,-1.2370216452538312,-0.4305434081739618,-0.9588484676161839,-0.34551366931696526,-0.9445309368231206,-0.8843333978938026,-0.3658045023692734,-0.8035007675595146,-0.5619757461667174,-0.8673887955463755,-2.0081115540388774,-0.6478937116229685,-0.7946653597076978,1076,327,0.973421926910299,0.89637397989767
14,0,0.05,0.2,False,-0.45486255813878396,-0.993780907946607,-1.1515841266594422,-0.45770909312258834,-0.9696217054470385,-0.3186591651936228,-0.9549964960331818,-0.632826207841578,-0.3336757428087473,-0.7707056847066647,-0.6602074969754621,-0.9238048854719285,-2.3169619362996885,-0.7146611880475098,-0.873829460971256,1201,201,1.0,1.0278430826347493
14,0,0.05,0.2,True,-0.4056902225306609,-0.9877841548216628,-1.0223968959555465,-0.4107073600546926,-0.9500469720491097,-0.29070355328313446,-0.9370175329708288,-0.5989464926766186,-0.3102434512206557,-0.7324383250492856,-0.5890102285314653,-0.8883297905364506,-1.9268149891616204,-0.6630535582689059,-0.8182803282458817,1076,186,0.973421926910299,0.906435686096206
14,0,0.05,0.3,False,-0.45222133556624267,-0.9946501841465359,-1.0447318209010068,-0.4546536488647747,-0.968764252037256,-0.30833971606731825,-0.9595887775057138,-0.5352870770120629,-0.32132484590825916,-0.7570864784025617,-0.6691549518914341,-0.931967065336513,-2.221984004296961,-0.7180027887035009,-0.8801240163187736,1201,120,1.0,1.0303699224420424
14,0,0.05,0.3,True,-0.40699962474389717,-0.9899399009672597,-0.9393411321578998,-0.41113569050628446,-0.9506774724962272,-0.28436895508723625,-0.9449381564931469,-0.5163406836708708,-0.30093922351763835,-0.7231495144423608,-0.6034071970322733,-0.9011969325512281,-1.8736977511029864,-0.6695619739007188,-0.8302919625210701,1076,110,0.973421926910299,0.9099705688096893
14,0,0.1,0.0,False,-0.504949344934665,-0.9984774684235967,-0.5792316399959078,-0.5057193185659788,-0.9825612017169558,-0.184701371508604,-0.9650414113094148,0.1079191245155571,-0.19139217171830197,-0.5433305558339729,-0.8277755563100107,-0.9865153832638314,-2.225210065702468,-0.8390903683340053,-0.9657250909751559,842,0,1.0,1.0918624397689969
14,0,0.1,0.0,True,-0.4628270831850453,-0.9964776273391779,-0.5226221761596471,-0.4644630952938692,-0.9720904374741833,-0.19270919934772168,-0.9495942142333126,0.06180521712454901,-0.2029384725172447,-0.5603085292502289,-0.7720198229914674,-0.9759855049644474,-1.8742947761160629,-0.7910156647455436,-0.9413092370759165,766,0,0.973421926910299,0.9632342867429294
14,0,0.1,0.1,False,-0.5094390492837998,-0.9941345479107346,-1.0331020897882315,-0.5124447695278601,-0.9834525719381962,-0.3645565568935395,-0.9419689443709468,-0.5229590708288244,-0.38701547335723774,-0.8245557998949467,-0.7199675396405463,-0.9509455414245491,-2.2848425848141707,-0.7571070143112614,-0.9129333809774932,842,581,1.0,1.0576522770127812
14,0,0.1,0.1,True,-0.458759233887019,-0.9896678085367941,-0.9345333765900214,-0.4635487078894545,-0.9708511479837872,-0.32788090312097373,-0.9259363805946088,-0.4886862499435875,-0.3541073771293211,-0.7823908297226339,-0.6589063228257754,-0.9265599798342757,-1.9754571944656116,-0.7111318610411247,-0.8729012489258116,766,529,0.973421926910299,0.9313808932096916
14,0,0.1,0.2,False,-0.5236753795821524,-0.9965391866713544,-0.9370746915055229,-0.5254940162778101,-0.9860339228748266,-0.2975660412728566,-0.9444906145387502,-0.26715663718573285,-0.3150545243037438,-0.7422389620554966,-0.7922244818378383,-0.9751456020607141,-2.5322198650043544,-0.8124166074929529,-0.9508779048798848,842,315,1.0,1.0797141554382903
14,0,0.1,0.2,True,-0.481164604686277,-0.9933097435155179,-0.8714228175745189,-0.48440540106184915,-0.9771501806448091,-0.28535293772986925,-0.9265459056750678,-0.2920810290619262,-0.30797495945110814,-0.7246077955593926,-0.7364407289784053,-0.9592863638056993,-2.1948226512391074,-0.767696442652206,-0.9224903743535002,766,288,0.973421926910299,0.9522864994634122
14,0,0.1,0.3,False,-0.5236177359976765,-0.9973516182538789,-0.8560638577201191,-0.5250081580199412,-0.98602418672406,-0.257277452696008,-0.9457612927869595,-0.13549736911078897,-0.27203212338904825,-0.6807091187136842,-0.8159508326977283,-0.9821779031202522,-2.5838541188543083,-0.8307566583462711,-0.9610700264075447,842,186,1.0,1.0822679661106611
14,0,0.1,0.3,True,-0.4760278173623713,-0.9944721153114319,-0.7767726309616605,-0.4786738713264947,-0.9758162848433861,-0.24611042324366605,-0.9282261803507403,-0.15799042526081342,-0.2651405750597021,-0.6618858058590082,-0.7585654485223932,-0.9687156917121953,-2.2054874584686357,-0.7830630338831782,-0.9344869742418768,766,173,0.973421926910299,0.9549988926147019
14,0,0.15,0.0,False,-0.6032176436580223,-0.9994580394432724,-0.6783909661815888,-0.6035447411019199,-0.9951235756485263,-0.290370658955755,-0.9739334389903669,0.032240161980805176,-0.2981422008230554,-0.7319560030825167,-0.8830002661851003,-0.9940930985498724,-2.356061657911691,-0.8882470539964233,-0.9836710863657177,555,0,1.0,1.1562217598437483
14,0,0.15,0.0,True,-0.5664932620402223,-0.9987213047382257,-0.6334172306362484,-0.5672185617274936,-0.9918811611602074,-0.2890695810407483,-0.9614249768611712,-0.00497418889107998,-0.3006678503241025,-0.7300647356936474,-0.8455629926498712,-0.9895381432078977,-2.0744445512393046,-0.8545026772881277,-0.9721912976469586,510,0,0.973421926910299,1.0196916679350092
14,0,0.15,0.1,False,-0.5607769900621737,-0.9962350078151795,-1.0033583919625544,-0.5628962901956247,-0.9912449695566462,-0.37847367552409417,-0.936316836291993,-0.4183267274069456,-0.40421539040452126,-0.8388523023531962,-0.7899628341422358,-0.974152344005346,-2.3843808650199905,-0.8109233006556319,-0.9498473384736247,555,669,1.0,1.1182889258374424
14,0,0.15,0.1,True,-0.5162840139119633,-0.9934371419701833,-0.9326152073065679,-0.519694696423439,-0.98473887354186,-0.3394958335506505,-0.9171587690577806,-0.3849153076840323,-0.37016037463112605,-0.7964747714744351,-0.7479540343701345,-0.9623958739650486,-2.172758068298493,-0.7771791781365203,-0.9288535973690093,510,611,0.973421926910299,0.9847377662271969
14,0,0.15,0.2,False,-0.5821630783043436,-0.9981475761251354,-0.9144683295718671,-0.583243492474663,-0.9934322807529365,-0.33530126674006755,-0.9474939613567986,-0.22460848865442676,-0.35388222027285604,-0.7914688184833099,-0.8434190717490101,-0.9868853014433567,-2.507863049372715,-0.8546272505178445,-0.9714462223357853,555,368,1.0,1.1430734095448656
14,0,0.15,0.2,True,-0.544579441787549,-0.9962629307160001,-0.8677904176389096,-0.546622206846708,-0.9892147280947167,-0.32163813168494815,-0.926823786224116,-0.24795258417420718,-0.34703266841618646,-0.7745299133243533,-0.8022346561934831,-0.9786943156131224,-2.253044004673755,-0.8196989022981168,-0.9553161025266396,510,339,0.973421926910299,1.008466484554371
14,0,0.15,0.3,False,-0.5829472433603256,-0.998599677027163,-0.8315274650044713,-0.5837647024839452,-0.9935029476390598,-0.2938715470359954,-0.9472202498893648,-0.09406378848890028,-0.31024626750781514,-0.7369962975770865,-0.8634183701561261,-0.9910438085044695,-2.549277013992075,-0.871221194004596,-0.9780290806893048,555,218,1.0,1.1476253850166882
14,0,0.15,0.3,True,-0.5410982126069744,-0.9970682890890434,-0.7721512930135059,-0.5426892205160198,-0.9887312310667944,-0.2811723398329229,-0.9292584462911974,-0.11506423511496461,-0.30257711506967916,-0.7183726417865979,-0.8216577515785956,-0.9844174328764144,-2.2580055556058323,-0.8346639587413199,-0.9633520891021065,510,204,0.973421926910299,1.0128531763666246
14,0,0.2,0.0,False,-0.5962711712124185,-0.9996295015017969,-0.5440149338877959,-0.59649217066584,-0.9946109934566916,-0.2491030495073142,-0.9783541200724107,0.14920471245533068,-0.25461440228705473,-0.6670085877281804,-0.8899257187397305,-0.99517504572902,-2.1159737796438725,-0.894240387717732,-0.9854742935706265,324,0,1.0,1.1932393796678709
14,0,0.2,0.0,True,-0.598252000912745,-0.9994097918052257,-0.610318413320252,-0.5986053026678149,-0.9947614937727459,-0.32125574696974013,-0.9748432440351097,-0.00488964322401584,-0.3295460566972651,-0.7740416875480707,-0.8651655193132601,-0.9925953150770074,-1.9281134957427994,-0.8716195877331328,-0.9785649183664133,307,0,0.973421926910299,1.0668067273068036
14,0,0.2,0.1,False,-0.4953592546739618,-0.9939286180289265,-0.6596088572248259,-0.4983851412351075,-0.9805238270633622,-0.29616179873091253,-0.9200882452203213,-0.150856671532178,-0.3218841239081308,-0.7402554672635034,-0.7515400950597294,-0.9673481404542339,-1.8452151210831156,-0.7769075719800647,-0.9307822321614311,324,720,1.0,1.1540452042304126
14,0,0.2,0.1,True,-0.49731330914669847,-0.9940627651377674,-0.7375926108906207,-0.5002836104396041,-0.980954152861209,-0.3265640890117789,-0.9299820984344489,-0.27349454659232597,-0.3511509410358798,-0.7807498319001214,-0.7278584927626204,-0.9601259451973706,-1.7624751508343748,-0.7580864743874788,-0.9175776876166548,307,651,0.973421926910299,1.0247360905701746
14,0,0.2,0.2,False,-0.5596421645800886,-0.9983750415228371,-0.7030453137443013,-0.5605530399943268,-0.9911138969614254,-0.291330567099921,-0.9529245422522039,-0.06271597005487443,-0.30572259836164084,-0.7333450459256609,-0.8387412537772123,-0.9872644199456574,-2.1451318599880933,-0.8495609046899306,-0.9697878501084869,324,390,1.0,1.1815918890690116
14,0,0.2,0.2,True,-0.5664405697544235,-0.9979047144292038,-0.7973210772563978,-0.567629916528077,-0.9918754764207864,-0.35454797295796814,-0.950951992546941,-0.2419003610004261,-0.3728347758212063,-0.8137097208411866,-0.8115384210324132,-0.9821719806612884,-1.992394473607858,-0.8262691636611452,-0.959260435937482,307,354,0.973421926910299,1.0538795231381686
14,0,0.2,0.3,False,-0.5587374602718056,-0.998773912284797,-0.6261212902260902,-0.5594233623840222,-0.9910082455129295,-0.24162266890366102,-0.9525462571034536,0.061984703318037,-0.253659774632256,-0.6540947405721351,-0.8597403404702809,-0.9913446008415718,-2.1796067668637016,-0.8672467068872222,-0.9768803809048305,324,234,1.0,1.185528301120178
14,0,0.2,0.3,True,-0.5644221087434771,-0.9982896485928606,-0.711912584981233,-0.5653891228252826,-0.991655223414408,-0.31639520179307823,-0.9499512136009791,-0.11753724399532067,-0.3330646850733726,-0.7677674203695655,-0.8313842934911759,-0.9871483253284125,-1.9992407875413614,-0.8422080777117099,-0.9670891816747244,307,215,0.973421926910299,1.0582086801469015
14,20,0.0,0.0,False,-0.10853129569951558,-0.9485976187156038,0.23406999618031551,-0.114412363638933,-0.4839808451938884,0.18852241499256595,-0.8281217642032036,0.6085722035224185,0.2276505981870397,0.9404614838963825,-0.526224025340324,-0.9228416993075984,-0.7187204622637287,-0.5702213345313136,-0.7613226003931559,0,0,0.5249169435215947,0.7860113497132002
14,20,0.0,0.0,True,-0.11440792141092015,-0.9503335141959215,0.22378197651909862,-0.12038712694218814,-0.5032657888191828,0.19603543581860738,-0.8227437351100095,0.6160812929453677,0.23827034768292144,0.9879677835429874,-0.5342098623802359,-0.9223301053965073,-0.7522205061894276,-0.5791959508364747,-0.7689783886774095,0,0,0.5249169435215947,0.7752931238708951
14,20,0.0,0.1,False,-0.10817267487693527,-0.8889034752273909,0.0847042185026418,-0.12169226231145464,-0.4827842402525576,0.0938444259093969,-0.7275463214326028,0.4462047462728711,0.12898756154056137,0.4109944526626075,-0.431651268327363,-0.8389516222148327,-0.8314155693596066,-0.5145127047824325,-0.661624875107952,0,390,0.5249169435215947,0.7296976232886694
14,20,0.0,0.1,True,-0.11451220096123671,-0.8921577530353136,0.07024665403494974,-0.12835420705771086,-0.5036025388656771,0.09867788482223516,-0.7189156467770699,0.453425295143383,0.13725933670328697,0.4350766082789137,-0.44063138267700885,-0.8398050412102623,-0.8729320924858835,-0.5246829455107876,-0.6718039596454989,0,385,0.5249169435215947,0.7205044291361369
14,20,0.0,0.2,False,-0.11191632632546566,-0.9166337960881742,0.1320340711079659,-0.12209491598834749,-0.4951633534593415,0.1302926440734089,-0.7674299047043104,0.512441282985109,0.16977790841185744,0.6001681563592687,-0.47934633166751217,-0.8780532463652295,-0.812895730119543,-0.5459194344441001,-0.7139807831065532,0,230,0.5249169435215947,0.7584630723344298
14,20,0.0,0.2,True,-0.12076300366067905,-0.9196425109194867,0.11412008835009464,-0.13131516021365358,-0.5234466262391211,0.1324791975161257,-0.7600626456617532,0.5151613199243971,0.1743003662557076,0.61208255644434,-0.48880441672655706,-0.8777767330263693,-0.8553386294598677,-0.5568664540028004,-0.7238621548347159,0,226,0.5249169435215947,0.7489477707588336
14,20,0.0,0.3,False,-0.11159708988371642,-0.9206042641224796,0.15987775527545361,-0.12122156526191068,-0.4941173797447015,0.15842347749053198,-0.752531377898808,0.5564285966334962,0.2105207598557239,0.7585132266193275,-0.5087452613655521,-0.9007951442404869,-0.8434529745680066,-0.5647735388210879,-0.7441499224579204,0,139,0.5249169435215947,0.7700527864740255
14,20,0.0,0.3,True,-0.12410041973701569,-0.9245767166983143,0.13660478598976875,-0.1342240373304892,-0.5337702988960665,0.15782007182409874,-0.7446921695018462,0.5554899462505314,0.2119265896533742,0.7549999537305252,-0.5214506319592562,-0.9015928772496793,-0.8973597418937811,-0.578365962195651,-0.7566894812024869,0,136,0.5249169435215947,0.7603421111498303
14,20,0.05,0.0,False,-0.2370568942650536,-0.9544270536649946,-0.3881154495204964,-0.2483761261321716,-0.7894847430525503,-0.18918529357593772,-0.905645925527659,-0.24596407725759534,-0.20889542838246875,-0.5528958220404527,-0.34575863973257637,-0.7895590766783975,-0.7630476543027228,-0.4379135772678989,-0.5567785047068219,650,0,0.5249169435215947,0.5592587683454145
14,20,0.05,0.0,True,-0.2319421963291839,-0.952639309546609,-0.37760320851819373,-0.24347325793176902,-0.7812266109214454,-0.18128562302142504,-0.9016875863644795,-0.22725951282446843,-0.20105147920728486,-0.5359430548764047,-0.3378721261933305,-0.7797087881397032,-0.7420643074595031,-0.4333311761169899,-0.5464754006893062,642,0,0.5249169435215947,0.551318584785033
14,20,0.05,0.1,False,-0.3021798093698941,-0.9451456003191676,-1.022748640480765,-0.3197177337204453,-0.8740686151821074,-0.2770155479443168,-0.8788488532669854,-0.8978027704309929,-0.3152027187775852,-0.7120700997641783,-0.3631611455092425,-0.7315436725106309,-1.3544801140001452,-0.49643125783985914,-0.579112270032573,650,181,0.5249169435215947,0.5415202182249865
14,20,0.05,0.1,True,-0.29875346650691403,-0.9435762708604678,-1.0151747146854841,-0.31661824881890493,-0.8704658443356581,-0.27136366613179574,-0.8753248675694268,-0.8782392939965963,-0.3100148027158298,-0.7033341386874448,-0.35748744111119124,-0.7235148619198646,-1.3356098342203329,-0.49409826933283646,-0.5718915561640503,642,178,0.5249169435215947,0.5341687429508741
14,20,0.05,0.2,False,-0.2783195887808205,-0.9429769404332299,-0.8237325755969802,-0.29514994147465873,-0.8471653024135292,-0.23286913345105476,-0.8706977830016327,-0.6400239341262149,-0.2674511615824547,-0.6385169211921382,-0.37770693232390073,-0.7568406271854019,-1.2790055654931947,-0.49905742207384773,-0.5973554298339383,650,107,0.5249169435215947,0.5490095994048945
14,20,0.05,0.2,True,-0.27499078579870684,-0.9401785394618187,-0.8188411864217048,-0.29248783529574957,-0.843060682912533,-0.22886182872098526,-0.8646891871509891,-0.6298596176908842,-0.264675252243003,-0.6312150505135075,-0.3684482722289091,-0.7454588581582274,-1.2463537145775507,-0.4942570179382107,-0.5857880721670574,642,105,0.5249169435215947,0.5416717888418087
14,20,0.05,0.3,False,-0.2800953257862645,-0.9469739325254485,-0.7691067580735113,-0.2957793410841722,-0.8493183480589048,-0.22913072578800608,-0.8741120294590846,-0.5797308914368823,-0.26212970199002533,-0.6317084030860916,-0.39503496467753996,-0.7835350685799988,-1.2638482042952377,-0.5041701137812021,-0.6185825774705473,650,61,0.5249169435215947,0.5533726604921301
14,20,0.05,0.3,True,-0.2789630962157743,-0.9448054013971477,-0.774100092575858,-0.2952598448349816,-0.8479484598335388,-0.22704005240362257,-0.8682771928341703,-0.5771400718879012,-0.2614833768263959,-0.6278597065064384,-0.38861956766936323,-0.7734028091347327,-1.246885155601145,-0.50248016050542,-0.6107877462415663,642,59,0.5249169435215947,0.5460622525768778
14,20,0.1,0.0,False,-0.24858038651565195,-0.9566032301673799,-0.21004173957238093,-0.25985735640068564,-0.8071501197823417,-0.11662914739374663,-0.8733052147868683,0.07839168411998185,-0.13354912511567926,-0.3787335477105993,-0.48641917386342004,-0.8903861384463119,-0.9560111921687745,-0.546301377413851,-0.7213858423919879,463,0,0.5249169435215947,0.6060666081976269
14,20,0.1,0.0,True,-0.24624420015682713,-0.9558204575008351,-0.20899094809797292,-0.25762599892523436,-0.803671574822358,-0.11094544205082524,-0.86984610621201,0.08787842224536757,-0.12754605815730835,-0.3632498462505154,-0.4802309423362092,-0.883350576857395,-0.9453078493336678,-0.543647058051037,-0.7149120300569256,462,0,0.5249169435215947,0.59355698762062
14,20,0.1,0.1,False,-0.30290816888925054,-0.9428539370423545,-0.6675063666404676,-0.32126733207419744,-0.8748237031668158,-0.251016055424916,-0.8568937687589132,-0.47689775797052514,-0.2929371931231061,-0.6702530571284822,-0.4211817458669106,-0.8025631005402183,-1.197888429357964,-0.5247958018296709,-0.6495698086279038,463,300,0.5249169435215947,0.5773817039752622
14,20,0.1,0.1,True,-0.3019512739061718,-0.9424007065823895,-0.6710882017987942,-0.32040645958468805,-0.8738309189284253,-0.2476746304023616,-0.8529645521129007,-0.4689654146937871,-0.29036919504900915,-0.6645706317829704,-0.4156323042182998,-0.7937754422849423,-1.18568109720332,-0.5236144658517917,-0.6430980864756924,462,296,0.5249169435215947,0.5660172832948749
14,20,0.1,0.2,False,-0.3027025043904813,-0.9483824925003009,-0.573638738459776,-0.3191776596301784,-0.8746108715366486,-0.20976261991447742,-0.8484365498824963,-0.28976407421619793,-0.24723430401899632,-0.5949047651077848,-0.48449214615132585,-0.8580129185152473,-1.3021019195213523,-0.5646676590717511,-0.719377514612934,463,173,0.5249169435215947,0.5910849923306158
14,20,0.1,0.2,True,-0.30244249606354745,-0.9482715516819596,-0.580721450767995,-0.3189408092303327,-0.8743413743602707,-0.20825464651790238,-0.8469699806228939,-0.2881571056441084,-0.24588196899817394,-0.5919295769675474,-0.4777896719954636,-0.8488994830203479,-1.2889926358692854,-0.5628342124741418,-0.712338528295714,462,170,0.5249169435215947,0.5793776895625522
14,20,0.1,0.3,False,-0.29469019913934413,-0.9511189466406339,-0.49954349094858824,-0.30983527368495206,-0.866083376388836,-0.17596190218751295,-0.8391054768601769,-0.16895305046342968,-0.20970176818049074,-0.5242533202617378,-0.5142777879030999,-0.8853888286363815,-1.3394166889958625,-0.5808496462454323,-0.7496473111614479,463,103,0.5249169435215947,0.5962447113034939
14,20,0.1,0.3,True,-0.2961307503260431,-0.9516911084074002,-0.5114222936799071,-0.3111626742227325,-0.8676508952268903,-0.17647183741912986,-0.8391145961478454,-0.17235629134801242,-0.21030719550019233,-0.5253823550775991,-0.5091817576981924,-0.8780325149049146,-1.3333155808270958,-0.5799121889618559,-0.7445857226831296,462,101,0.5249169435215947,0.5842816310112227
14,20,0.15,0.0,False,-0.2822583516367668,-0.963354927275314,-0.16798996865723376,-0.2929951813659029,-0.8519070534622739,-0.08235223130480518,-0.8390319553330984,0.2101760614804363,-0.09815148372043957,-0.2809861696715559,-0.5853140282715967,-0.9331253612343242,-1.113987637578365,-0.6272619442015295,-0.815133160770475,308,0,0.5249169435215947,0.6672528176574463
14,20,0.15,0.0,True,-0.27859248804034464,-0.9622638807706198,-0.16367421271862295,-0.2895177649370322,-0.8474978306206719,-0.07655870576561907,-0.8346199231199536,0.2185127701855545,-0.09172882607382458,-0.2634053839861734,-0.5777096962254942,-0.9279851672934918,-1.0947881156973784,-0.6225419506546738,-0.8085770922380258,307,0,0.5249169435215947,0.6559996045895707
14,20,0.15,0.1,False,-0.31007882743015547,-0.9415060904118513,-0.536845908968634,-0.32934341114513127,-0.8820598645263968,-0.19292856812460812,-0.7944087827669374,-0.1952635662642615,-0.2428580503007974,-0.5607669567233622,-0.5167936033009093,-0.8722519653612579,-1.3794413849286775,-0.5924820164628353,-0.7521282416006403,308,353,0.5249169435215947,0.6263762745468754
14,20,0.15,0.1,True,-0.30778991735918526,-0.9403796483551117,-0.5345354701918842,-0.3273038903995462,-0.8797886412535734,-0.18938158617691647,-0.7903108221523721,-0.18759284642971702,-0.23962924569493452,-0.5533111461054068,-0.5092525703199766,-0.8650392292426163,-1.3556290826928548,-0.5887045963983065,-0.7446563888555946,307,349,0.5249169435215947,0.6162677487821542
14,20,0.15,0.2,False,-0.3070316412500147,-0.9454212528223964,-0.42662661283790304,-0.3247564409340527,-0.8790283029059646,-0.14802336140325312,-0.7815836017877504,-0.030115166075378723,-0.1893890315312051,-0.45929961165537525,-0.5647621094129722,-0.9028171858587202,-1.3827563438387684,-0.6255553375136466,-0.7971630415121158,308,208,0.5249169435215947,0.6458819088389036
14,20,0.15,0.2,True,-0.30534811301712894,-0.9446532172461611,-0.4272585797768968,-0.32323831374573114,-0.877325981546637,-0.14641349212465582,-0.7793638465085525,-0.027896716103158803,-0.1878628227118425,-0.4553674688221776,-0.5563678168486395,-0.8953474107448351,-1.3584565172111005,-0.6213988114242713,-0.7895941098866824,307,205,0.5249169435215947,0.635411952635899
14,20,0.15,0.3,False,-0.2963235328692343,-0.947931171166638,-0.34898119193848104,-0.31260026242679934,-0.8678595140735359,-0.10338239063135923,-0.7671667067667756,0.08872707615487878,-0.13475870331634224,-0.34220616348260413,-0.5926270443084287,-0.9219443305410902,-1.4104537592239628,-0.6428013326581392,-0.82133485990249,308,125,0.5249169435215947,0.6549713684820688
14,20,0.15,0.3,True,-0.29629122506583716,-0.9479174022583745,-0.35387589802134656,-0.3125707201491769,-0.8678245712820543,-0.10390782810097088,-0.7670191986442113,0.0866598664644921,-0.1354696574539974,-0.34368454878537935,-0.5857983507612964,-0.9159447276033301,-1.3926998349562385,-0.6395564416797311,-0.8155470142840558,307,123,0.5249169435215947,0.644271275596461
14,20,0.2,0.0,False,-0.28095071773924163,-0.9755253280398698,-0.10827637762757916,-0.2879994087941909,-0.8503465125771116,-0.03607641429751496,-0.8652274114104566,0.3086885153243378,-0.0416958753522438,-0.13153995683923025,-0.6221414425889238,-0.946653440004623,-1.1224640382458548,-0.6572008470025583,-0.8453326712153515,176,0,0.5249169435215947,0.7220792057150756
14,20,0.2,0.0,True,-0.2856105965857051,-0.9764247811999534,-0.12059981496493824,-0.29250650135559947,-0.8558463330608881,-0.029983450175349313,-0.8615285207538252,0.3166330084116507,-0.0348026205204608,-0.11027940040700124,-0.628386439157849,-0.9462657259803557,-1.1600466546830712,-0.6640697447926949,-0.8501978493617837,176,0,0.5249169435215947,0.7101674668693564
14,20,0.2,0.1,False,-0.2807713285192669,-0.9413855227171046,-0.3698572181626387,-0.2982532891613645,-0.8501313720704999,-0.14491946006128198,-0.7936667829415571,-0.025961436120548936,-0.18259484102908885,-0.45169938016405664,-0.5122908737470351,-0.8736405831852979,-1.211562971248819,-0.5863863053147326,-0.7476795925992763,176,375,0.5249169435215947,0.6724596355712248
14,20,0.2,0.1,True,-0.28580586668732066,-0.9437093673191228,-0.3876585221102078,-0.3028536926567066,-0.8560731021373732,-0.14114130618631548,-0.789533735753567,-0.0186005982429203,-0.17876538999515174,-0.44234190360983094,-0.5198405890451694,-0.8742323630900773,-1.2578729491415312,-0.5946251946195764,-0.755117140291854,176,370,0.5249169435215947,0.6620738130761388
14,20,0.2,0.2,False,-0.3000954879738187,-0.9561487290733842,-0.3259664125532063,-0.3138585858547812,-0.8718869797749317,-0.11539408182378663,-0.7992671297927224,0.08472010001419349,-0.14437486232382946,-0.37539289191421044,-0.5840438349674358,-0.9150116462221491,-1.300998942951335,-0.6382911489474529,-0.8140456723381134,176,219,0.5249169435215947,0.6967811531201404
14,20,0.2,0.2,True,-0.3069901951707734,-0.957704133406579,-0.34796423321761516,-0.3205480528509375,-0.8789866298379426,-0.11368306968518094,-0.7929083971650696,0.08705383849015697,-0.14337478338183637,-0.3707429518837321,-0.5914641967802674,-0.9147652519914273,-1.3499787941338386,-0.6465748403676906,-0.8203554960641108,176,215,0.5249169435215947,0.6860724566351465
14,20,0.2,0.3,False,-0.2929911904016639,-0.959531758393235,-0.26448333628503423,-0.30534809071070923,-0.8642149340223468,-0.07182432231308833,-0.7857771602764456,0.18610663063281546,-0.0914054593898093,-0.24880425995728528,-0.6144453189494141,-0.934053280014606,-1.3373436586900171,-0.6578268414621978,-0.8392347089941518,176,133,0.5249169435215947,0.7072591683004114
14,20,0.2,0.3,True,-0.30286492824325106,-0.9626801781395068,-0.2923018835703424,-0.31460596688359505,-0.8747789804448975,-0.07230807978755971,-0.7855867159946539,0.1844771007659172,-0.09204340948663875,-0.25030593043793503,-0.6242939896391424,-0.9345430450061143,-1.3981338595824262,-0.6680205828668468,-0.8470180213385745,176,130,0.5249169435215947,0.6963554530489814
14,50,0.0,0.0,False,0.05591155810469295,-0.9116783623269731,0.4571050341679911,0.061328161789409995,0.3679453853348569,0.37771502759355524,-0.7721903436093447,0.7898581445515757,0.48914756668421033,2.4209231952888133,-0.41392696757059466,-0.8880979429854822,-0.39533209865478836,-0.4660825653746179,-0.6410979522126574,0,0,0.5382059800664452,0.7288321751226771
14,50,0.0,0.0,True,0.07489730939770078,-0.9021326654510045,0.4769817045171783,0.08302250019985394,0.5157912851089101,0.40400552060325556,-0.7501475342318021,0.8123613952269175,0.5385680844995143,2.678358051988914,-0.3953815071847351,-0.8764581309481032,-0.366584770404289,-0.4511128292654819,-0.6190014846072256,0,0,0.5382059800664452,0.7057348450699303
14,50,0.0,0.1,False,0.048684133499296456,-0.7824458712397128,0.37116252806963945,0.06222044909274167,0.31489426640734286,0.2043631831767554,-0.6489462237491515,0.6075952000586804,0.31491543628390306,1.0416248168167224,-0.23749243003883314,-0.7326850595465426,-0.25673830453508,-0.3241398564695952,-0.40547943559880306,0,422,0.5382059800664452,0.6854365765846802
14,50,0.0,0.1,True,0.06537091612050028,-0.7617399769327633,0.39618196690378005,0.08581788812466434,0.44004041674790173,0.2312011587487819,-0.612285361396246,0.6438555423444206,0.3776036033615998,1.2218510124366837,-0.22394156693154277,-0.7164350478739889,-0.23847814111707058,-0.31257762667542055,-0.38505168111822663,0,413,0.5382059800664452,0.6629087527072522
14,50,0.0,0.2,False,0.039441617027422105,-0.8499103921814838,0.3830312121510468,0.04640679463418071,0.24954002248417573,0.23314095284484537,-0.7127098116698652,0.6449688182617996,0.3271190448446341,1.2353176055343682,-0.2984071062944639,-0.800419197213157,-0.29563796211831445,-0.37281352987714017,-0.49321833267388293,0,250,0.5382059800664452,0.7065591663641565
14,50,0.0,0.2,True,0.05684004885403393,-0.8348542156323661,0.40593990758444076,0.06808380168623818,0.3748871098485369,0.25744087051956743,-0.6841508091965312,0.6736661939595503,0.376292576225857,1.4091771510236164,-0.2796464566204637,-0.7820530669663969,-0.2664278529242051,-0.35757989890023606,-0.46691069896312276,0,245,0.5382059800664452,0.684085511199918
14,50,0.0,0.3,False,0.025953009616113354,-0.8705926803316755,0.37914562728758827,0.02981073721665781,0.15899625222186664,0.2744658679305745,-0.6877753396671609,0.6934770403103374,0.3990632581613036,1.536805554743795,-0.3747453651414342,-0.8559891249105195,-0.43335448750547817,-0.43779220347058506,-0.5936724360899592,0,152,0.5382059800664452,0.7168935386659344
14,50,0.0,0.3,True,0.04116338008222509,-0.863011595490081,0.3976586377892561,0.04769736617368335,0.261506744628353,0.2985893261731203,-0.6671538260275229,0.7196158963642653,0.447556941929015,1.7261220386218477,-0.36085084310763993,-0.8433178156235853,-0.4164717688793002,-0.427894248671613,-0.5761791282470845,0,150,0.5382059800664452,0.6937613740294438
14,50,0.05,0.0,False,-0.17939008125668776,-0.9439644040429436,-0.19952668148783254,-0.19003903165031508,-0.6797258805738053,-0.09320874728590334,-0.8828429257864809,0.018829499470663428,-0.10557795114331159,-0.31309295938834747,-0.349089287978525,-0.7916088706548958,-0.7384981160232496,-0.44098708455569025,-0.5610956913878462,673,0,0.5382059800664452,0.564189161235508
14,50,0.05,0.0,True,-0.15134946422066475,-0.9320016053700699,-0.13237954587492198,-0.162391849272157,-0.6113519345955438,-0.0707321857768205,-0.8707980376783843,0.06892233195434956,-0.08122685481170587,-0.2454058929876829,-0.30661395691394977,-0.7593327169421811,-0.6137456520734873,-0.40379394970452287,-0.5045261579240391,648,0,0.5382059800664452,0.5448335446598899
14,50,0.05,0.1,False,-0.27180757351790596,-0.9366781908414727,-0.8390405578582896,-0.29018245132164905,-0.8390507964760655,-0.23005357115912617,-0.8606770208391485,-0.6573621845967205,-0.2672937299230169,-0.6333978608758885,-0.36190087413671235,-0.7305238900406867,-1.2831979484854494,-0.4953990951843562,-0.5775134478597101,673,192,0.5382059800664452,0.5480000783210361
14,50,0.05,0.1,True,-0.24597209158311129,-0.9225983186840496,-0.742609013391469,-0.2666079989544683,-0.803263060156297,-0.2106407337348809,-0.8468901904913873,-0.5839467749879677,-0.24872260429969295,-0.5966298508882373,-0.31931793172203415,-0.6911573841989247,-1.112687702038236,-0.46200465917344524,-0.5217893715411899,648,189,0.5382059800664452,0.5286905838890429
14,50,0.05,0.2,False,-0.25518195221497264,-0.9369176763673157,-0.690256238634203,-0.2723632594961623,-0.8167055469650066,-0.1977011762802977,-0.8583371751863688,-0.4774596166622002,-0.23033043656459515,-0.5706533361712223,-0.3745555569241278,-0.7544735668033826,-1.1948930470262833,-0.49644622874075817,-0.5934358440945805,673,111,0.5382059800664452,0.5539111915915638
14,50,0.05,0.2,True,-0.22903889428810453,-0.9230534450404859,-0.6010451367524546,-0.2481317799296645,-0.7764210971942757,-0.17755287882256998,-0.8435604238759872,-0.40806105939387893,-0.21048033288089893,-0.5277693079917922,-0.33233212981729,-0.7168112289959684,-1.037487426897258,-0.46362573070009644,-0.5391701084961045,648,109,0.5382059800664452,0.5346463678621564
14,50,0.05,0.3,False,-0.2587509586259854,-0.9451210432976684,-0.6446338932504805,-0.27377547083616366,-0.8217063078196742,-0.186441260023973,-0.8645827523908619,-0.39570342826861626,-0.21564304805803752,-0.5470599334493585,-0.4070962672478068,-0.7917359908900041,-1.2484240299354723,-0.514181838304689,-0.6330328379784602,673,66,0.5382059800664452,0.5574944211448957
14,50,0.05,0.3,True,-0.233642555538912,-0.9335153678458692,-0.5640669793731397,-0.25028249516454476,-0.7840011681652985,-0.16606877911647278,-0.8505182619911729,-0.3299092916183955,-0.19525598277888162,-0.5019536691351902,-0.3693110142649637,-0.7594795258860227,-1.1120963180303716,-0.4862685585027703,-0.5868725669215828,648,65,0.5382059800664452,0.5384168991761079
14,50,0.1,0.0,False,-0.1721629980116013,-0.9485593610625452,-0.0243571828686738,-0.18149944545247007,-0.6631378868235032,0.029393425457596933,-0.8374870267521266,0.34170160818818773,0.035097171082862144,0.11761405941539604,-0.494240160856773,-0.8935650356043054,-0.9372328079513191,-0.5531104521368446,-0.7294658948711451,479,0,0.5382059800664452,0.6038363403250635
14,50,0.1,0.0,True,-0.12879901151714412,-0.9309757716725419,0.05414338458585317,-0.13834840329491135,-0.5479906957797396,0.0653599951069066,-0.8110582121216332,0.3962877486672574,0.08058607154218007,0.2750902293158244,-0.4410087688876827,-0.865885749279109,-0.7922817164663993,-0.5093151945910225,-0.6722284735886482,463,0,0.5382059800664452,0.5797573458106227
14,50,0.1,0.1,False,-0.2571922003207643,-0.926954214275316,-0.48676405607069795,-0.277459443368338,-0.8195362873559893,-0.17645754586987983,-0.8173617923149421,-0.2355892530519905,-0.2158867071215974,-0.5253507395305004,-0.42071193842303967,-0.8022556516685069,-1.1313840523871033,-0.5244113114666824,-0.649024118499839,479,318,0.5382059800664452,0.5769719223075924
14,50,0.1,0.1,True,-0.21773352165772464,-0.9015886164555745,-0.38009686790661457,-0.24149985667931664,-0.7568691545355056,-0.14699888960480023,-0.7880798492222375,-0.15849111086758266,-0.18652791306601058,-0.4567997537953664,-0.36016383245855876,-0.754603351381568,-0.939083773777196,-0.47728893835304553,-0.5753050246063125,463,313,0.5382059800664452,0.5538869429707803
14,50,0.1,0.2,False,-0.2556230948011662,-0.9408480564035708,-0.4008618569963807,-0.27169434326972586,-0.8173298650727414,-0.13005109185774366,-0.8181262945811977,-0.06500531284860635,-0.15896212200870205,-0.41419179229749914,-0.4825019328308734,-0.8569597763017566,-1.2193075720296374,-0.5630391836045436,-0.7172960901458247,479,185,0.5382059800664452,0.5886515642706226
14,50,0.1,0.2,True,-0.21646010832369866,-0.9205288361367758,-0.30470220142335297,-0.2351475584753286,-0.7545810442888341,-0.09906269876530194,-0.7879950555797473,0.006519919009899931,-0.12571487354374208,-0.32995863178810214,-0.4283440415151434,-0.8202722033861914,-1.053625445629744,-0.5221974361033849,-0.657838612907863,463,182,0.5382059800664452,0.5648879207359424
14,50,0.1,0.3,False,-0.24879957485806237,-0.9470219269919434,-0.3387959373852802,-0.2627178608718518,-0.8074738570635138,-0.08011247460888127,-0.8047054110219929,0.07283673546640038,-0.09955503406785439,-0.27422672014078564,-0.5290760748645729,-0.8919917421035085,-1.3261080621157588,-0.5931401042086977,-0.7640704875498907,479,113,0.5382059800664452,0.5923852298733577
14,50,0.1,0.3,True,-0.20955052699355936,-0.9289648561832313,-0.24733525687416624,-0.2255742244701527,-0.7418531578167956,-0.047494339867331536,-0.7725078858464428,0.1415328274791389,-0.06148071849815698,-0.1703666758184137,-0.480312200528505,-0.8639033078866467,-1.1739602826600497,-0.5559791195886091,-0.7149974992576982,463,112,0.5382059800664452,0.5684950569016409
14,50,0.15,0.0,False,-0.17370299222964858,-0.9515438475728125,0.05898953254723027,-0.1825485947628459,-0.6667307786026466,0.1132193381406763,-0.7927152936498836,0.49377722548484515,0.142824717837072,0.5093622305965524,-0.5699995751046925,-0.9283087673363222,-1.0049666484571327,-0.6140193814394775,-0.8018182703090235,320,0,0.5382059800664452,0.6456375778926116
14,50,0.15,0.0,True,-0.12474436851446369,-0.932498373610067,0.13595943115347794,-0.1337743550495743,-0.5357408018758428,0.16092328292451374,-0.7517113718428133,0.5517778337887778,0.21407589262619753,0.773123539438598,-0.522708953300892,-0.9089256676558454,-0.8777761947477466,-0.5750843791758887,-0.7579149618954362,308,0,0.5382059800664452,0.6239241132829735
14,50,0.15,0.1,False,-0.2311483985513747,-0.9075452832905854,-0.28852972399879184,-0.2546962700453633,-0.7799212866937935,-0.07449073224690272,-0.7021378369148357,0.09438288280182298,-0.1060913232851998,-0.2570536918432573,-0.49140312817075993,-0.8590684531156779,-1.203280667115979,-0.5720185933827907,-0.7265480409233325,320,378,0.5382059800664452,0.6112339898297205
14,50,0.15,0.1,True,-0.18540351057602755,-0.8710332879862723,-0.18326242375831447,-0.21285467861355667,-0.6930083282984842,-0.03437960147971286,-0.644380570099577,0.1765097957518089,-0.0533529455650721,-0.1256573311672433,-0.4362515042915974,-0.823919168480622,-1.0401994407855577,-0.529483377715417,-0.6668578941780618,308,373,0.5382059800664452,0.5898919520592912
14,50,0.15,0.2,False,-0.22545454213920535,-0.9372529967133567,-0.1949875488439381,-0.24054822223007186,-0.7703683203559994,-0.029753146566753097,-0.7617338260203015,0.2195083174491476,-0.03905976805861333,-0.10946831451862904,-0.5313209406455094,-0.8926264868264527,-1.1721330442270048,-0.5952332229514162,-0.7662226539983978,320,224,0.5382059800664452,0.6266153995428949
14,50,0.15,0.2,True,-0.1795048717038128,-0.9125553690714514,-0.10054203911894802,-0.1967057318247589,-0.6799838012304456,0.012574264005192015,-0.7137666425136775,0.29467243770547125,0.017616771723751524,0.0491324435827456,-0.48037343554976253,-0.8641389497861613,-1.0284596910466732,-0.5558983722104357,-0.715061899531502,308,221,0.5382059800664452,0.6051836626101378
14,50,0.15,0.3,False,-0.21783835300964605,-0.9405919261817466,-0.13802196280744422,-0.2315970900302562,-0.7570567308037959,0.028288443625213544,-0.7252303285156063,0.33615296577743375,0.039006150891557484,0.11301626861577785,-0.5746039242067448,-0.9208643406391274,-1.2560299284730512,-0.6239832501364316,-0.8058680202088061,320,137,0.5382059800664452,0.6333666482938256
14,50,0.15,0.3,True,-0.17156766921812416,-0.9189377400831956,-0.04829282503002002,-0.18670216896586636,-0.6617404015244029,0.07295669283408479,-0.6767603254760077,0.4076280843938599,0.10780285144932189,0.3103440756951159,-0.5285498961317678,-0.8994685021221628,-1.1222963662520618,-0.5876246860059386,-0.763564671505104,308,136,0.5382059800664452,0.6118222010501213
14,50,0.2,0.0,False,-0.14223287108791927,-0.9610092338387233,0.1517566277162076,-0.1480036466660931,-0.5866853873577882,0.1705889803786691,-0.8216298758728183,0.5744109105166294,0.20762266001762927,0.8304613834668884,-0.564952967490069,-0.932680991200769,-0.8555856590910712,-0.6057301186794072,-0.7973335903273991,186,0,0.5382059800664452,0.6808675436939892
14,50,0.2,0.0,True,-0.12660016265862029,-0.9567353765969079,0.17163174123319772,-0.132325160912242,-0.5413811313941452,0.19375090071091305,-0.8039197744047581,0.5994628172489873,0.2410077558477411,0.9734322519995491,-0.5514846327417287,-0.9257738151878342,-0.8307876583808697,-0.5957012649248841,-0.7851300430274926,184,0,0.5382059800664452,0.6555642301559074
14,50,0.2,0.1,False,-0.16716823381306334,-0.9002246988652329,-0.07537846121811849,-0.18569612011732758,-0.6512638216969264,-0.022346059221102665,-0.7265715791644662,0.23008605145465974,-0.03075548213267564,-0.08308911186361467,-0.42060552682052876,-0.8343770230256569,-0.8170366731526361,-0.5040952893157453,-0.6489004629927959,186,405,0.5382059800664452,0.6403663864777444
14,50,0.2,0.1,True,-0.15362955164450331,-0.890515192625443,-0.052036298483767264,-0.17251760881425074,-0.6173270050623099,0.00018584950498090613,-0.6972559085129615,0.2698301745087846,0.00026654418085501436,0.0007135447648494164,-0.4105916429959501,-0.8244713230467748,-0.807471473593641,-0.4980059724559467,-0.6371705983831869,184,396,0.5382059800664452,0.615595823403193
14,50,0.2,0.2,False,-0.19167083393847661,-0.9434869942644099,-0.05972598085449908,-0.20315153796890745,-0.7063638042480176,0.007008170822444981,-0.788159894869523,0.31085566070438814,0.008891813536903142,0.02716854804971769,-0.5054298121622783,-0.890749126483639,-0.9257750819830726,-0.56742105844946,-0.7408281560501386,186,238,0.5382059800664452,0.6602756201542357
14,50,0.2,0.2,True,-0.17768622684307622,-0.9376195794418287,-0.038064545791164396,-0.18950780331278283,-0.6758772756166715,0.027567525068522558,-0.7665579078134652,0.3425556677989544,0.03596274304593158,0.11002410115871264,-0.49207152054041037,-0.8806362487784649,-0.9043619208166075,-0.558768187458744,-0.7272368232699238,184,233,0.5382059800664452,0.6354271173786998
14,50,0.2,0.3,False,-0.18758198016655936,-0.9481857083171583,-0.018135487794586493,-0.1978325327213381,-0.6977063207242797,0.06622728844247106,-0.7579558122664958,0.4150786642671319,0.08737618654105085,0.279079169533597,-0.5565983118264066,-0.9213078400089396,-1.0264182206483772,-0.6041393415484295,-0.789803713096475,186,146,0.5382059800664452,0.6682448028083453
14,50,0.2,0.3,True,-0.17534422029978158,-0.9435267153786624,-0.0009591918538815774,-0.18583916855964305,-0.670524937531428,0.08715429519680273,-0.7340832081916987,0.4445280328927382,0.11872536277119587,0.3781563726254933,-0.547049567270969,-0.9144948630072922,-1.0172233419046257,-0.5981986224307602,-0.7810367830376096,184,144,0.5382059800664452,0.6429051084288159
14,100,0.0,0.0,False,0.1717948051471876,-0.9222390968889923,0.5895282556344774,0.18628011513143009,1.4917793355192357,0.42845231797910555,-0.8734937256989272,0.8334492402890213,0.49050417349738695,2.930337987896604,-0.2547227218667306,-0.8225841910153191,-0.07353733940641569,-0.3096615819376802,-0.4309765266764578,0,0,0.5614617940199336,0.7361380612249933
14,100,0.0,0.0,True,0.10369300593809427,-0.9279009676900717,0.5113858960874682,0.11175007845527841,0.7650588739916815,0.2871372557723013,-0.8867649738117108,0.7096429892329711,0.32380310933804424,1.6349917573007495,-0.2210671802123354,-0.7991791976683116,-0.022925248194721547,-0.2766177859200063,-0.38067613728412864,0,0,0.5581395348837209,0.7116600778509263
14,100,0.0,0.1,False,0.07375170261914454,-0.8272736427566293,0.4144137833891647,0.08915031110309544,0.5065113152634082,0.1739533653170866,-0.7794778685104413,0.566716931411199,0.2231665225460554,0.8507371844825931,-0.13845077839696496,-0.6621406173412061,-0.02402505248633827,-0.20909573400421713,-0.2485853932226474,0,431,0.5614617940199336,0.70221955407614
14,100,0.0,0.1,True,0.03210910933841293,-0.8373073740820144,0.3442279133220712,0.038348055125653105,0.1996221563217846,0.10143805243403103,-0.7927464991740212,0.46281368508770526,0.12795774253146677,0.44896440857993847,-0.11826848247096655,-0.6377740459274734,0.008574577986179952,-0.18543947221774504,-0.2144648348034902,0,414,0.5581395348837209,0.6755154369783183
14,100,0.0,0.2,False,0.0790556091569059,-0.8794662286408345,0.4424641133613774,0.08989044329659127,0.5498734154992564,0.2104517417432923,-0.8267889518012387,0.6188742016310625,0.25454106671938836,1.0815266230823033,-0.18528676163331637,-0.734158920467378,-0.048358129370344165,-0.2523796367077576,-0.3249682151383827,0,255,0.5614617940199336,0.7193648124101187
14,100,0.0,0.2,True,0.0280780287496607,-0.8906549864940339,0.3650906815260125,0.031525146297318556,0.17288931315449396,0.12245247543975779,-0.8414686926815234,0.5072816503552257,0.14552231889880096,0.5579822535097303,-0.1677159306718895,-0.7124939552646196,-0.02490141569851552,-0.23539277692482313,-0.2967719513252771,0,244,0.5581395348837209,0.6933396041410385
14,100,0.0,0.3,False,0.09067718713306716,-0.8898151991999929,0.4696347884426199,0.10190563974923378,0.6485000723402821,0.2896383988977904,-0.8044079085358182,0.7105471877735707,0.36006408667089024,1.654699444179097,-0.26624297339727565,-0.8042624944573931,-0.18447811609521103,-0.3310398970884502,-0.44772543223879646,0,159,0.5614617940199336,0.7245915843058176
14,100,0.0,0.3,True,0.03699030495150479,-0.8993508362518872,0.39279453661282854,0.04113000562234945,0.23266470840046227,0.1889605040549842,-0.821602561486505,0.5971918630524367,0.22999015936988157,0.9432083184791515,-0.2465955285449719,-0.7852164897973963,-0.15853850905384329,-0.3140478221599742,-0.4190166872225367,0,153,0.5581395348837209,0.6998314574078409
14,100,0.05,0.0,False,-0.0846591279890605,-0.9450352866282017,0.04783999441655372,-0.08958303376280945,-0.3991592966307538,0.03152960370748481,-0.8995382882304666,0.2992378574635622,0.035050874565337856,0.12654242549032624,-0.30182137852959223,-0.7616214661832725,-0.6143049246917642,-0.39628790932340074,-0.49793752785155365,692,0,0.5614617940199336,0.585799268389843
14,100,0.05,0.0,True,-0.09012754709871407,-0.9380947846262065,0.028689429753715485,-0.09607509664881711,-0.4195394237821991,-0.008234047890236185,-0.8988920577965541,0.21845537061756917,-0.009160218759102435,-0.031237743564860643,-0.24969225807769702,-0.7200184118219379,-0.46428964741768597,-0.34678593488446297,-0.4235878203196143,662,0,0.5581395348837209,0.5585333648884712
14,100,0.05,0.1,False,-0.22679753805564307,-0.9334808627622744,-0.6195213358578797,-0.24295895834920897,-0.7726518561847738,-0.17119348503069787,-0.8625285100592601,-0.38418343972838426,-0.19847863929615034,-0.5135993242386708,-0.3407156254661853,-0.713104540224287,-1.2240622330115858,-0.4777919733325814,-0.5502032679496338,692,204,0.5614617940199336,0.5700940194986668
14,100,0.05,0.1,True,-0.21709079358415806,-0.9285257939192884,-0.5972917740829622,-0.23380157557909326,-0.7557164936603991,-0.18279896628233439,-0.8699300139145216,-0.43407718318209704,-0.21013065805118436,-0.5392268957591757,-0.2890599327893649,-0.664291691335907,-1.0120660481429602,-0.4351400695800639,-0.4801906438698763,662,197,0.5581395348837209,0.5426498802817273
14,100,0.05,0.2,False,-0.2024448875301731,-0.938545367573943,-0.46588841259935454,-0.2157006944197863,-0.7282000888573117,-0.1273717884237222,-0.8715079243824302,-0.199341751595329,-0.14615103874583893,-0.40723632134054877,-0.35081744647450286,-0.7362911219836641,-1.1281205368844958,-0.47646567505710924,-0.5633277606830238,692,120,0.5614617940199336,0.5757264750077323
14,100,0.05,0.2,True,-0.1971492711452868,-0.9309501572970035,-0.46113458216167197,-0.21177210143849812,-0.7176414179950448,-0.1444768094092117,-0.8706765679421736,-0.260934165227684,-0.1659362554693297,-0.45060910243892904,-0.3031397131537459,-0.6925893205750187,-0.9498783825571442,-0.4376904236728134,-0.4997540702468878,662,115,0.5581395348837209,0.5485479679527273
14,100,0.05,0.3,False,-0.20189226558759077,-0.945315195843258,-0.4132677500909207,-0.2135713743684137,-0.7271137316833342,-0.11142591759080811,-0.8763152153570928,-0.11919554673818042,-0.1271527820561723,-0.36456969477343404,-0.37955421100996234,-0.7727872258674217,-1.162712905852997,-0.49114969593852753,-0.5996445701069937,692,74,0.5614617940199336,0.578011812293044
14,100,0.05,0.3,True,-0.1990756018064963,-0.9431998135560831,-0.4184258244271133,-0.21106408095643583,-0.721520757501292,-0.1291208389811097,-0.883011684372687,-0.17845676695967724,-0.14622778074883608,-0.41178373401244894,-0.33981113989112144,-0.737441433339271,-1.0235830981692957,-0.46079746069107325,-0.5490190717573011,662,71,0.5581395348837209,0.5513176651943174
14,100,0.1,0.0,False,-0.09157328134881593,-0.9529721928556815,0.14134161643062812,-0.09609229108186983,-0.424830922677768,0.11463241235046828,-0.8819110337726608,0.47601872832864184,0.1299818325892703,0.5167294777354694,-0.4299080688766891,-0.8660904937386055,-0.7504501181686279,-0.49637777112750475,-0.6596316948066873,491,0,0.5614617940199336,0.6288903426961311
14,100,0.1,0.0,True,-0.1013252095389311,-0.9458434582433669,0.11396037598394919,-0.1071268280769353,-0.45949267144649797,0.043125291236000285,-0.8856689538582857,0.3698719548184743,0.04869233707259506,0.17593122604232958,-0.3599277121556632,-0.8261045835999109,-0.574007230973972,-0.4356926705178277,-0.5750044028653231,475,0,0.5581395348837209,0.595044372350163
14,100,0.1,0.1,False,-0.22121259565611928,-0.9244188680761408,-0.35988488919375283,-0.2392990918894776,-0.7630307654522055,-0.15315731295455126,-0.8398170879492248,-0.15000862182021157,-0.18236984594889682,-0.4716992736221004,-0.36856325127867806,-0.7667091214761217,-0.9417512829570495,-0.4807080559692501,-0.5859326831500402,491,334,0.5614617940199336,0.5996683003791262
14,100,0.1,0.1,True,-0.21364047090398808,-0.9111897230477679,-0.3560877432163018,-0.23446321386220054,-0.7494512534327085,-0.17941539610393276,-0.8400615455262418,-0.22884922304326116,-0.2135741090154783,-0.5318609321364698,-0.29765408009460437,-0.7065690812379333,-0.7264089294809002,-0.42126677772696225,-0.49217465876164856,475,322,0.5581395348837209,0.5667230177836136
14,100,0.1,0.2,False,-0.20604445447346054,-0.9409587752190822,-0.2506314284367587,-0.2189728815967389,-0.7351891066351853,-0.09016269976383329,-0.8512624191463736,0.04410840263157115,-0.1059164574118594,-0.3041939370157426,-0.42584277357838096,-0.8254203087612271,-1.014470043403383,-0.5159102205971605,-0.6549616603057513,491,194,0.5614617940199336,0.6141302757256498
14,100,0.1,0.2,True,-0.20537114782303556,-0.933082722721628,-0.2661600624683559,-0.22009961477371084,-0.7338932146346571,-0.12491105393753854,-0.8527684399806759,-0.042816464119288584,-0.14647710689242802,-0.4007946299585907,-0.36793080284778257,-0.7820840520243647,-0.8534523218701061,-0.47044918240619005,-0.5851369435688467,475,186,0.5581395348837209,0.580573814885072
14,100,0.1,0.3,False,-0.19777267428057965,-0.9490421442428271,-0.1901669051951607,-0.20839187751600677,-0.7189017142530607,-0.03129717056598569,-0.8430973716712276,0.18945822831626258,-0.037121655952914376,-0.1148956350522724,-0.4827346074667883,-0.8706900509149793,-1.1532275922708342,-0.5544276140051199,-0.7175398081893478,491,122,0.5614617940199336,0.6173310799094616
14,100,0.1,0.3,True,-0.19605448940614167,-0.9411940808411793,-0.20241765163651654,-0.20830399744006112,-0.7154168645776319,-0.07105536072356033,-0.8448259227235682,0.10231335021951894,-0.08410651095374834,-0.2464126881408809,-0.4251003652699219,-0.8348256816259138,-0.9874442186022165,-0.5092085385322511,-0.6541055255346585,475,118,0.5581395348837209,0.5839874105352081
14,100,0.15,0.0,False,-0.12028208650650773,-0.9617562514773289,0.15262984375149743,-0.1250650425424795,-0.5219435501701819,0.12821517856385256,-0.8799394707698388,0.5154151003857962,0.14570908888958015,0.5889086127889691,-0.49471350382695833,-0.902311243383688,-0.7780049613114177,-0.5482736776855083,-0.7299512640770883,329,0,0.5614617940199336,0.6650557136981541
14,100,0.15,0.0,True,-0.12712792013215946,-0.9554854916260038,0.13124671338795005,-0.13305060228158846,-0.5429747656144019,0.05922882763253057,-0.8830109440166395,0.4246652916159465,0.06707598363742868,0.2471529596648332,-0.4312632331961571,-0.8725338310865817,-0.6246621206476112,-0.49426534287971097,-0.6611816791382914,318,0,0.5581395348837209,0.6341948484056558
14,100,0.15,0.1,False,-0.23425783552676793,-0.9309049213390832,-0.29043976006134475,-0.2516452863841282,-0.7849979567053261,-0.12076740230887895,-0.8128620754424544,-0.0006085716258900731,-0.14857059513219784,-0.38983062778615374,-0.443231602214442,-0.8323591737781941,-1.020345360910437,-0.5325004110936293,-0.6747235564709209,329,387,0.5614617940199336,0.6325419548480425
14,100,0.15,0.1,True,-0.22443668141235418,-0.9172749671021497,-0.28113870413700676,-0.24467764788282992,-0.7686250240189028,-0.1452472656392515,-0.8104809395259365,-0.06213252702756963,-0.17921120479922575,-0.45250575512423363,-0.37905065063446886,-0.7880643637668436,-0.8400800476779375,-0.48098945728576886,-0.5990211793970557,318,375,0.5581395348837209,0.6017004050364101
14,100,0.15,0.2,False,-0.2119711039071127,-0.9491990519294403,-0.16372655015685603,-0.22331575603266596,-0.7463726282496471,-0.05936848498788949,-0.8449391376380014,0.16522799135377209,-0.07026362295614814,-0.20936748460762766,-0.4747968447711046,-0.8664216153505222,-0.9712347326406432,-0.547997460311536,-0.7091684967403176,329,229,0.5614617940199336,0.6485462349147996
14,100,0.15,0.2,True,-0.20864669456043328,-0.941751725841321,-0.17091998321889693,-0.22155169864333105,-0.7401486375517339,-0.09200266773144483,-0.8454743905601555,0.0967703302795738,-0.10881780543404744,-0.30957952755323304,-0.4201949808196823,-0.8323650149019138,-0.8327496582337768,-0.5048205694579778,-0.6484231930289593,318,221,0.5581395348837209,0.6176513610199196
14,100,0.15,0.3,False,-0.194514930552674,-0.9521497490359443,-0.08579000038650682,-0.20429027130408972,-0.7122640541465314,0.011057751915031444,-0.824874805769608,0.30960044814811905,0.01340536992727589,0.0431141777812567,-0.5193805512127728,-0.8999928299142668,-1.0522137515805394,-0.5770940989188202,-0.7546669847846456,329,144,0.5614617940199336,0.6531738117367141
14,100,0.15,0.3,True,-0.19016821731918088,-0.9441715548842903,-0.09021272355418893,-0.20141277963249624,-0.7032063972161298,-0.02695268454846156,-0.8256485203288599,0.2407105356235074,-0.03264425949401105,-0.09956180723506336,-0.46447715817156254,-0.8716375487267417,-0.9076550104630293,-0.5328787852818582,-0.6981103537312991,318,140,0.5581395348837209,0.622818068122835
14,100,0.2,0.0,False,-0.07124799552956973,-0.9701267382652528,0.2633121694714804,-0.07344194600488277,-0.34666214935028505,0.1923582550987526,-0.9072098818315968,0.6018243741565513,0.21203280404132502,0.9646100848398131,-0.4676345425624929,-0.9008531377429071,-0.5884843249935416,-0.5191018635225649,-0.7015146395890126,190,0,0.5614617940199336,0.6925224301848026
14,100,0.2,0.0,True,-0.12517841025961451,-0.9723119438726897,0.17406076461608716,-0.12874305519793638,-0.5370650961765834,0.07468160391386136,-0.9169449245005739,0.4629911469121237,0.08144611733854973,0.31844819507117217,-0.44379935344840826,-0.8878538682514701,-0.54352243044272,-0.4998563044191292,-0.6753593820776544,189,0,0.5581395348837209,0.6624791824267302
14,100,0.2,0.1,False,-0.15751749303123785,-0.9275958146258505,-0.046810205381806635,-0.16981263881055045,-0.6273403982313982,-0.05393071471333433,-0.8363087303505177,0.17700620135810097,-0.06448660973649124,-0.19167933813946747,-0.3594629228059414,-0.7992390010723196,-0.6254049099241532,-0.4497564837597498,-0.5744123486952435,190,415,0.5614617940199336,0.6582376813904184
14,100,0.2,0.1,True,-0.19015207785221022,-0.9318096813234241,-0.13059953917155798,-0.20406750612651112,-0.7031723321412414,-0.11215046292812714,-0.8461256231656329,0.056646895912546125,-0.13254587718137592,-0.36655616707082317,-0.34468956928377803,-0.784906983788651,-0.6038266204111783,-0.4391470281230054,-0.5553884885447187,189,398,0.5581395348837209,0.6271861179345531
14,100,0.2,0.2,False,-0.17200301155693853,-0.9578035686070141,-0.016911686330506208,-0.17958067519741222,-0.6627628014678044,-0.018485084947644337,-0.8751854161267494,0.27154029551103936,-0.021121335670162972,-0.06911200487153324,-0.4404133070567626,-0.8615493224932013,-0.7222530324271571,-0.511187572851046,-0.6715585310155805,190,243,0.5614617940199336,0.6761772408528215
14,100,0.2,0.2,True,-0.21087894734738066,-0.9616776568382532,-0.10868299485790274,-0.21928236124430295,-0.7443416229795221,-0.08960538107364979,-0.8857624270902629,0.14192858037948103,-0.10116186726050712,-0.3025565517960699,-0.4281183950265368,-0.8501535649273,-0.709596839980104,-0.5035777213533733,-0.657579547946272,189,232,0.5581395348837209,0.6451015250784196
14,100,0.2,0.3,False,-0.1556941744680469,-0.9611293754386727,0.04643188972275154,-0.1619908603844159,-0.6226717559684753,0.05687666449500561,-0.8593652027409808,0.404337876020963,0.06618450958171816,0.2365561855676961,-0.493403409308925,-0.8983972912916648,-0.8209714576298377,-0.5492040259822439,-0.7286068636029479,190,153,0.5614617940199336,0.6809156111034885
14,100,0.2,0.3,True,-0.1972193202307807,-0.9645077385354321,-0.04467059267290887,-0.20447665928554462,-0.7177832644024388,-0.025384450626803723,-0.8717326742088258,0.2732031789681975,-0.02911953558450972,-0.0939787864008439,-0.48003581459625877,-0.8885929810500327,-0.8056125696247134,-0.5402201287129345,-0.7147067402095941,189,147,0.5581395348837209,0.6505888074438237
14,200,0.0,0.0,False,-0.09890889291667704,-0.9614950973246378,0.26122458847153857,-0.10286988794003345,-0.45106957646336343,0.10938163516976607,-0.8922379096830575,0.5331054109309978,0.12259245430248623,0.48948737927011243,-0.43834487926275656,-0.896868078597041,-0.4485452332821376,-0.48875067551568313,-0.6692262969740221,0,0,0.5614617940199336,0.7249058792088293
14,200,0.0,0.0,True,-0.09720708649910037,-0.9610744198911008,0.255668475254057,-0.1011441824766441,-0.44507234946838414,0.08491512093566245,-0.8990999101992689,0.5019357573729204,0.09444458838489103,0.36729284767164927,-0.4001613020812861,-0.8783243748639498,-0.37421634821323735,-0.4555962620794511,-0.6247569113287185,0,0,0.5581395348837209,0.6798415740781071
14,200,0.0,0.1,False,-0.15733815665080597,-0.9322009211867832,0.015407571372835542,-0.16878137864367165,-0.6268833314630985,-0.08385023770094602,-0.8650682555615654,0.17347259177849167,-0.09692904249100438,-0.28548100587210423,-0.31648138322867236,-0.7832599296879409,-0.4283224784559959,-0.40405664994858337,-0.5179602430581607,0,407,0.5614617940199336,0.6963475191188563
14,200,0.0,0.1,True,-0.1590028279060559,-0.9329686319149229,0.0008534547251474886,-0.17042676727480302,-0.6311082512451605,-0.08952427535733298,-0.8662919951327683,0.1558482756365676,-0.10334191688290095,-0.3023180284130673,-0.3021041899657322,-0.7686687816996153,-0.41132357755238047,-0.39302258288380726,-0.49832748116763625,0,382,0.5581395348837209,0.6495331305777524
14,200,0.0,0.2,False,-0.14836287929445569,-0.9395735763493397,0.08281417240665609,-0.15790448244714514,-0.6034090210833228,-0.019758895051179004,-0.8489927546124744,0.30691078361818186,-0.02327333766257878,-0.07374061390026465,-0.38947510728754686,-0.8471314865725705,-0.49304209020749173,-0.459757562386606,-0.6118316038951835,0,242,0.5614617940199336,0.7096897118683704
14,200,0.0,0.2,True,-0.1520678447871051,-0.9410718872746763,0.06539230648847508,-0.1615900409345882,-0.6132427421725616,-0.03962094865242749,-0.8576021651788569,0.269806536242985,-0.046199683560925194,-0.14373390894200644,-0.3623462205034874,-0.8275027468053547,-0.4428976660719107,-0.4378791755101189,-0.5780787605150739,0,230,0.5581395348837209,0.6625777452784533
14,200,0.0,0.3,False,-0.12807283846458029,-0.9464259190699688,0.1457069630945595,-0.1353226236559905,-0.5458166414501746,0.03762501009807506,-0.8501710931234137,0.40692372238600066,0.04425580968631368,0.15230882397996703,-0.4210828830880248,-0.8757596209147349,-0.5309345574335509,-0.4808201623274224,-0.6494550114200324,0,153,0.5614617940199336,0.7126689781453746
14,200,0.0,0.3,True,-0.1283297021980765,-0.9465167456034141,0.1352046952010704,-0.13558101617765356,-0.5465866387938441,0.020191614241000133,-0.856797301723859,0.3778126850666405,0.02356638402148911,0.07975107805401849,-0.392408496220917,-0.8578175471337504,-0.47901025113184026,-0.45744983596113464,-0.6154004914412751,0,148,0.5581395348837209,0.6666896884275699
14,200,0.05,0.0,False,-0.09345755554026103,-0.9393882379204584,0.026480595425158477,-0.09948767907414914,-0.43166762073553844,-0.0037520448839977183,-0.8975253189583884,0.22936357845226638,-0.004180433470503213,-0.014325174411784047,-0.27285583624923915,-0.7422942640227354,-0.5162527998847893,-0.36758446006378137,-0.4572314175274904,687,0,0.5614617940199336,0.5873235448786636
14,200,0.05,0.0,True,-0.05669558756161952,-0.923796128375813,0.10318773034253499,-0.06137240222179733,-0.2854666126930504,0.014654230230265686,-0.8896381261886489,0.2628895045114463,0.016472124787464692,0.05742848254952304,-0.2011479686429677,-0.6842484607237174,-0.3152123043669652,-0.2939691942166988,-0.34994642263430153,642,0,0.5581395348837209,0.539747269294489
14,200,0.05,0.1,False,-0.24468194937175325,-0.9418677991105292,-0.6882912039873444,-0.25978375054633285,-0.8013166057628969,-0.19706345907471334,-0.878283052115259,-0.47474543108900674,-0.22437351899265873,-0.5693419360751429,-0.3451871518601488,-0.7168246673282612,-1.2453640325562838,-0.48155032547460386,-0.5560357095487019,687,193,0.5614617940199336,0.5723215701565755
14,200,0.05,0.1,True,-0.21525086655448145,-0.9275530303139429,-0.5913274463275682,-0.23206313765330147,-0.752391796299158,-0.18122780136968197,-0.8689675155579797,-0.43002669980748726,-0.2085553235592614,-0.5358172440100084,-0.28677807509800757,-0.6622222077671494,-1.0006156041221064,-0.4330541497014315,-0.47698626407457556,642,179,0.5581395348837209,0.5259113777604574
14,200,0.05,0.2,False,-0.2127178291024554,-0.9383139830001133,-0.5074688737891629,-0.22670218387060925,-0.7477535703514973,-0.14382441503656762,-0.870817613193149,-0.25398977098372505,-0.1651602044533602,-0.4489992905978395,-0.3513588125131748,-0.7367127096132761,-1.1470229760430157,-0.47692785522543,-0.5640258623763603,687,116,0.5614617940199336,0.5771658743130561
14,200,0.05,0.2,True,-0.1839205363167422,-0.9241357200779899,-0.42192332184177234,-0.19901896693401347,-0.6897758247510652,-0.13309189434582003,-0.8639450683402442,-0.22965112182328581,-0.15405133870548926,-0.4220123930152081,-0.28719921790511116,-0.6789619340920299,-0.8945799349633069,-0.42299752531661483,-0.4775783779969015,642,110,0.5581395348837209,0.5296562655322449
14,200,0.05,0.3,False,-0.20869643706329222,-0.9470184432213944,-0.44106294973462523,-0.22037209365573365,-0.7402426871841985,-0.13260792972991275,-0.8852456415414021,-0.1843040965551473,-0.14979789055952197,-0.4207728876607718,-0.36538639317579513,-0.7627327011217941,-1.1142697646014734,-0.4790490726809021,-0.5819282089020698,687,74,0.5614617940199336,0.5783537645874428
14,200,0.05,0.3,True,-0.1786711858104052,-0.9343448386157583,-0.3575442809901584,-0.19122617092326258,-0.6781066972998971,-0.11609857174959237,-0.8761533423513456,-0.14426443036808415,-0.13250942059755993,-0.37730004807315776,-0.3088458311769434,-0.7133159689083097,-0.9053389927222921,-0.43297198526147496,-0.5075802244870075,642,71,0.5581395348837209,0.5313540749064263
14,200,0.1,0.0,False,-0.1752808380858858,-0.9632453281330542,-0.021822321317278334,-0.18196905083942858,-0.6703790774273957,0.044077785865745955,-0.8747022866621874,0.3720340031581866,0.0503917579019305,0.18005805049882917,-0.5139155897730872,-0.9013640105278057,-1.050833575082303,-0.570153216426022,-0.7492891617329854,495,0,0.5614617940199336,0.6184596333653309
14,200,0.1,0.0,True,-0.13346082383890123,-0.9511318385983679,0.048155721592373,-0.14031790170706018,-0.5617436470676502,0.046496974605638064,-0.8711773933666698,0.37180302428736617,0.05337256792896135,0.19058768549931915,-0.4299200545833659,-0.8607371415474586,-0.7956346425684745,-0.49947891618856244,-0.6596454184318805,467,0,0.5581395348837209,0.5660374788359336
14,200,0.1,0.1,False,-0.2933944159220603,-0.9520270781009634,-0.5775126354792914,-0.3081786460394622,-0.864660308880254,-0.196937517968932,-0.8547960033145805,-0.2664042169446126,-0.2303912479764548,-0.5690826012706525,-0.4756474980972556,-0.8366503711114659,-1.3803403863751487,-0.5685140585850355,-0.710071208227022,495,313,0.5614617940199336,0.592740424485694
14,200,0.1,0.1,True,-0.25855609100535604,-0.9367057310448457,-0.4921645724021174,-0.276027019410835,-0.821436208783173,-0.18533549024566265,-0.8444453759125873,-0.2478114003843599,-0.21947599635485202,-0.544692382043164,-0.40276788275456477,-0.784980916435418,-1.1199033640691927,-0.5130925788406747,-0.627877866639407,467,293,0.5581395348837209,0.5424916181562307
14,200,0.1,0.2,False,-0.28198218745229486,-0.95750062241752,-0.46812505836264434,-0.2944981766594988,-0.8515786021126167,-0.12967437749768185,-0.8389071766736652,-0.05241523701113457,-0.15457535839882935,-0.41321750725652695,-0.5360035401429672,-0.8839712928346624,-1.490222072103099,-0.6063585373051488,-0.7706815025679493,495,183,0.5614617940199336,0.6054189640569007
14,200,0.1,0.2,True,-0.24988527152655227,-0.9453288247905876,-0.39925960186057075,-0.2643368793730665,-0.8090707979668834,-0.1276741704069949,-0.8343723647326642,-0.05818811233132642,-0.1530182156115659,-0.40802434623285655,-0.4650267386030086,-0.8417377722466234,-1.2360565164545765,-0.552460343275125,-0.698704238339853,467,173,0.5581395348837209,0.5531872666421244
14,200,0.1,0.3,False,-0.26359758036221437,-0.9607567312471897,-0.3680012770929976,-0.2743645418128164,-0.8283162390678893,-0.07738408956234444,-0.8359196202124739,0.09018233778534174,-0.09257360120662673,-0.2659292687224216,-0.5590087676780571,-0.9047731241958399,-1.5019218059098574,-0.6178441343236214,-0.7919896976614939,495,118,0.5614617940199336,0.6064008542281787
14,200,0.1,0.3,True,-0.22522540117951595,-0.9474215763949487,-0.28699645203104196,-0.23772458511714,-0.7699768190754893,-0.06982064191158055,-0.8274728462000039,0.098457681381077,-0.08437816688755076,-0.24256077759295247,-0.4868576052479682,-0.8671716568438875,-1.2421646549561123,-0.5614316397515915,-0.7218418068756955,467,114,0.5581395348837209,0.5545594761486558
14,200,0.15,0.0,False,-0.2591364366789898,-0.9791472649372408,-0.10498783336830117,-0.26465522190433666,-0.8222396107336657,-0.032118597983300856,-0.9022473729138316,0.2963104310076899,-0.035598438906586115,-0.11777300497824938,-0.5900379818649619,-0.9345787302056867,-1.1098801333808606,-0.6313411195813363,-0.8191508232748219,336,0,0.5614617940199336,0.6567282459565988
14,200,0.15,0.0,True,-0.22271706332708185,-0.9725094291832097,-0.049735582526109254,-0.22901275467749166,-0.7656549821959054,-0.022599199482897236,-0.8965125714133142,0.30407540952430173,-0.025207900260975205,-0.08400004999031041,-0.528439883604207,-0.9110113231225347,-0.9331181261839452,-0.5800585241827227,-0.7634588508474756,321,0,0.5581395348837209,0.6035942056092638
14,200,0.15,0.1,False,-0.35014806544660804,-0.9640645911542002,-0.6187771942982369,-0.36319979870581365,-0.916436586586343,-0.23520565261810444,-0.8533722202345916,-0.28103514990073164,-0.27561906403919095,-0.6427247235825642,-0.5503534620219391,-0.8887241763864604,-1.429732781439381,-0.6192623950657765,-0.7840895623619902,336,360,0.5614617940199336,0.6270345072972218
14,200,0.15,0.1,True,-0.31932286858040293,-0.9530721585948755,-0.5544277318284961,-0.3350458469494944,-0.8908750244424924,-0.2172994310358234,-0.8374296284968694,-0.24978888231936808,-0.25948381050938146,-0.6095349153176177,-0.49949285963223944,-0.8598448328590065,-1.277873260225349,-0.5809104626138331,-0.734828674312817,321,339,0.5581395348837209,0.5756284865152667
14,200,0.15,0.2,False,-0.3274396161351244,-0.9718709837002899,-0.46095817984456194,-0.3369167529710937,-0.8981593943103483,-0.1608891758939781,-0.8620642537147052,-0.05115896699669164,-0.18663246411238318,-0.4899750405315316,-0.5898247950478259,-0.9168534410180421,-1.41234522660376,-0.643314153233591,-0.8189704209790485,336,216,0.5614617940199336,0.6413244682536137
14,200,0.15,0.2,True,-0.29789220709196473,-0.9639680516846683,-0.4077291885334135,-0.30902705392710544,-0.8695469688127903,-0.15117076950285835,-0.8529891551936619,-0.041483445811072196,-0.17722472622589988,-0.4669265388049001,-0.5367622851891206,-0.8910015215648464,-1.2532366640540802,-0.602425778405425,-0.7714001227753654,321,206,0.5581395348837209,0.5881499433351643
14,200,0.15,0.3,False,-0.30420525859007697,-0.9719432659192306,-0.34761291740101324,-0.3129866415632502,-0.8761591277299422,-0.1020644030606247,-0.8487002615005317,0.09931714790622524,-0.12025965784453897,-0.33848700242249397,-0.6073317369003022,-0.9321273998728037,-1.3990811914112529,-0.6515544302025426,-0.8334980419437608,336,138,0.5614617940199336,0.6439063099034315
14,200,0.15,0.3,True,-0.26932854020250296,-0.9628154946274546,-0.2850236506971884,-0.279730168142667,-0.8358696501520823,-0.08786022085190881,-0.8361504474559467,0.1178971906956958,-0.10507704817862673,-0.29741089099171936,-0.5524747195401817,-0.9090244152379116,-1.232231055724523,-0.6077666455147819,-0.7860387766899919,321,134,0.5581395348837209,0.5911489886410343
14,200,0.2,0.0,False,-0.21042202886455863,-0.9798922574540624,0.0357669526120285,-0.2147399647908977,-0.7434879464441544,0.02254441154820408,-0.9117936753853843,0.39474431262658055,0.024725343196392892,0.08934050796868553,-0.555329118672511,-0.9297960338461675,-0.8378901433571848,-0.5972590745255737,-0.7886483176539634,192,0,0.5614617940199336,0.6866267009281454
14,200,0.2,0.0,True,-0.2053452320333896,-0.9791362171178919,0.03357319397661351,-0.20972080129752288,-0.7338432307949925,0.006899761113932756,-0.9152287964747787,0.36855417840828486,0.00753883743661566,0.026744167165950072,-0.5251933357244646,-0.9172052663119483,-0.7636784250818935,-0.5726017446849705,-0.7603258081039925,189,0,0.5581395348837209,0.6338959643640049
14,200,0.2,0.1,False,-0.26958505616546513,-0.9507125192537116,-0.3132582439192502,-0.28356106678502924,-0.8362012071619834,-0.17798486941363512,-0.8521930672900682,-0.08503955988183352,-0.2088551013206646,-0.5287206617410418,-0.44720144742501833,-0.8486497964340349,-0.8827510843691808,-0.5269564068761066,-0.6791569179104251,192,391,0.5614617940199336,0.6564520372848868
14,200,0.2,0.1,True,-0.2676377195447581,-0.9499509605624993,-0.3260791718033627,-0.28173845877926207,-0.8336702927714104,-0.17744643058173237,-0.8496734368429679,-0.09584869467408397,-0.2088407414983447,-0.5275346638283411,-0.4354693423970606,-0.8384042574713415,-0.8719084409049028,-0.5194025895222102,-0.6659708967183813,189,366,0.5581395348837209,0.6037391256817219
14,200,0.2,0.2,False,-0.28098397616016024,-0.9699394980029333,-0.2615309458153668,-0.28969227125887237,-0.8503863711605643,-0.1236719898987011,-0.8702859337859803,0.07219386078040956,-0.14210500836281972,-0.3975314945322749,-0.5404291770917418,-0.9050939605653905,-1.0325919480910277,-0.5970973187735653,-0.7748578803062309,192,230,0.5614617940199336,0.671117180459841
14,200,0.2,0.2,True,-0.2806596992993763,-0.9698613389052528,-0.27839022805283686,-0.2893812631155868,-0.8499973668042187,-0.13554952388988817,-0.8744782303081458,0.0386831736581204,-0.15500617304346578,-0.4282765031682554,-0.5196312058350114,-0.8927473014394396,-0.9872278739305402,-0.582058556768722,-0.7549123040160135,189,218,0.5581395348837209,0.6173052983302149
14,200,0.2,0.3,False,-0.2574844273453979,-0.9703209537602966,-0.16696229707878837,-0.2653600608618884,-0.8199447639011683,-0.06256620324906226,-0.8579899850186735,0.20691666454801647,-0.07292183398586005,-0.21963451025121195,-0.5621130503347551,-0.9231741230636442,-1.0388756410922404,-0.6088916882433052,-0.7947887811115155,192,147,0.5614617940199336,0.6737683217095229
14,200,0.2,0.3,True,-0.25432350268704296,-0.969585934545383,-0.17618032001531805,-0.26230114693886264,-0.8154855889934052,-0.07201827562202712,-0.8607241892140239,0.18267090274737693,-0.08367172263137056,-0.24940659288076783,-0.540420398860744,-0.9120787808268533,-0.9921165260623458,-0.5925150438987529,-0.7748496328448717,189,142,0.5581395348837209,0.620580106489492
21,0,0.0,0.0,False,-0.5341874094551755,-0.9994195239670108,-0.25504488879543236,-0.5344976725437757,-0.9877182501221403,-0.07123842668400959,-0.9648690084074575,0.44749220775019766,-0.07383222599468767,-0.24698255729505292,-0.8898805278777004,-0.9957014656040782,-1.9374308644473035,-0.8937222235962285,-0.9854628545453648,0,0,1.0,1.0763463522077565
21,0,0.0,0.0,True,-0.48957533996198754,-0.9988896244840288,-0.211209122964865,-0.4901195567176655,-0.9792027281587669,0.0340363463566713,-0.9380241340281618,0.529056122442598,0.0362851499465252,0.1370867389438577,-0.8831014470915428,-0.9951796567186243,-1.9689026623284658,-0.8873789180974282,-0.9836981573326221,0,0,0.9833887043189369,0.9755249041360672
21,0,0.0,0.1,False,-0.4363692366181805,-0.993551648403204,-0.35053967119858703,-0.43920136141839783,-0.963186908328391,-0.1446616292713475,-0.907401079964929,0.21716767818350435,-0.1594241316937144,-0.45106452069317327,-0.7664631231288669,-0.9726731100728307,-1.7767373064544223,-0.7879966200273353,-0.9385351360079516,0,723,1.0,1.0742549765846516
21,0,0.0,0.1,True,-0.39817734604427535,-0.9900429931712101,-0.31736669424742275,-0.4021818737071934,-0.9462992415030336,-0.06812760779902383,-0.8596695904144449,0.2950932593780773,-0.07924859569149079,-0.23725543191053788,-0.7604654308555705,-0.9713113235196876,-1.8181190906362108,-0.7829265575736455,-0.9354721447382454,0,663,0.9833887043189369,0.9685669607360544
21,0,0.0,0.2,False,-0.4850762265519101,-0.9975828124138584,-0.34428269638771636,-0.48625158785381195,-0.9781246378869457,-0.10436114152820974,-0.9274015565162388,0.32227477277480876,-0.11253069481599731,-0.3449580283798048,-0.8391544905441483,-0.9887941672602861,-1.9487716166817748,-0.8486644827904336,-0.9699361536175339,0,405,1.0,1.0798070387775718
21,0,0.0,0.2,True,-0.4399392706383194,-0.9958524718889318,-0.3023661835116687,-0.4417715304796534,-0.9645096561231722,-0.008608078718623458,-0.8821669190302481,0.4124685415523546,-0.009757879753738872,-0.03263935693731834,-0.8310719277926673,-0.9876893833879399,-2.004532840294932,-0.8414304555364881,-0.9669721567959203,0,384,0.9833887043189369,0.9776807627558748
21,0,0.0,0.3,False,-0.4858037506019077,-0.9982930087446159,-0.29184162340160613,-0.486634431320741,-0.9783020321609525,-0.0798759538278887,-0.9393705615653454,0.37622761761176493,-0.08503135726840881,-0.2735101820369099,-0.8497521159621931,-0.9910297774991575,-1.9083924573437265,-0.8574435756173991,-0.9736199074138714,0,241,1.0,1.076107462185916
21,0,0.0,0.3,True,-0.4425804401829887,-0.9970941976044516,-0.2557621945602759,-0.44387023938791476,-0.9654627581655817,0.020525349471113286,-0.8988853783614869,0.4647870507597965,0.022834223322808368,0.08110748760633357,-0.8443857625069044,-0.9904052765246008,-1.9751941071702468,-0.8525658965286527,-0.9717833427659606,0,228,0.9833887043189369,0.9738924589762332
21,0,0.05,0.0,False,-0.46536913699054483,-0.9958066671670947,-0.8406009541337465,-0.4673288022005748,-0.9728425359976359,-0.3227830874679324,-0.9670331647346727,-0.40868436811149267,-0.3337869881189599,-0.775987119638614,-0.6775356467886088,-0.9416497294249327,-1.8158997264961383,-0.719519823153755,-0.8858798881813865,1202,0,1.0,1.005193733420959
21,0,0.05,0.0,True,-0.4186273462986142,-0.9917138777268588,-0.7307364493681244,-0.42212512671312435,-0.9559935204771444,-0.2763510427442252,-0.9481454270987164,-0.32326550085326067,-0.2914648268566219,-0.711052989818267,-0.6367998641429469,-0.9266964388258329,-1.642506389745964,-0.6871720203757357,-0.856634587715639,1086,0,0.9833887043189369,0.8782996110707115
21,0,0.05,0.1,False,-0.5174250425785389,-0.9935798396892904,-1.6533887804348883,-0.5207684595737638,-0.9849450292159052,-0.43687700577996913,-0.9545477149577839,-1.2328675013168178,-0.4576795889132589,-0.8896616485114816,-0.6530698226352982,-0.9126795624561008,-2.612531446966825,-0.7155521494069945,-0.8686976561572614,1202,350,1.0,0.9961050811237938
21,0,0.05,0.1,True,-0.4799676180801402,-0.9901255665432269,-1.5461899836792525,-0.484754292080171,-0.9768449228669219,-0.3990364178548321,-0.9416595623463233,-1.1458204476973861,-0.42375868499711006,-0.8583748273635414,-0.6187573147754307,-0.8953671012920928,-2.4452891776739554,-0.6910655013820699,-0.8426651854956498,1086,311,0.9833887043189369,0.8722730091718837
21,0,0.05,0.2,False,-0.49768023737638434,-0.993684771269811,-1.3904269079955083,-0.5008431765945333,-0.9810340754630215,-0.3839034079515501,-0.9507111711691963,-0.9037372660611135,-0.40380656038723195,-0.8441893283390448,-0.6748912008888573,-0.9258972652972447,-2.4704026389902185,-0.7289050591073883,-0.8840783174870911,1202,196,1.0,1.0006201318914736
21,0,0.05,0.2,True,-0.4522078401127604,-0.9889929547639199,-1.2572882984525964,-0.45724070928362254,-0.9687598200389465,-0.33411987501774043,-0.929721156552225,-0.7810225458778337,-0.35937643524945645,-0.790042617923115,-0.6390058249925263,-0.9094184401647287,-2.2974074915775837,-0.7026532526399829,-0.8582998743181613,1086,184,0.9833887043189369,0.8748489563268185
21,0,0.05,0.3,False,-0.503014801892003,-0.9950086693054172,-1.309298091806994,-0.5055381097766124,-0.9821650839125333,-0.3907947426862003,-0.9601961005575299,-0.8519498642069685,-0.4069947195778951,-0.8507734149425373,-0.6815391401205292,-0.9319532184850831,-2.356655118522299,-0.7313018793243622,-0.8885816214562117,1202,110,1.0,0.9999378398345582
21,0,0.05,0.3,True,-0.4610581599620356,-0.9912509066809401,-1.1965347382052243,-0.4651276047815401,-0.9715569903154393,-0.3439247913793272,-0.9418533803745747,-0.7462984829392583,-0.3651574635136399,-0.8016634170879436,-0.6497920382787498,-0.9183501405472649,-2.2100732959930256,-0.7075645873931314,-0.8663082258114194,1086,102,0.9833887043189369,0.8739777893532668
21,0,0.1,0.0,False,-0.5519044397469193,-0.9984023055814624,-0.7312281314197407,-0.5527876254507386,-0.9901762579273791,-0.32614463207801914,-0.9667884992481905,-0.1521070362681895,-0.337348481422401,-0.7802251933683323,-0.813713409599816,-0.9833724766334466,-2.128243539322736,-0.8274722233283826,-0.9601573457880805,853,0,1.0,1.0083170923734845
21,0,0.1,0.0,True,-0.4977116739094969,-0.9962762755074385,-0.6278493752101919,-0.499571942186413,-0.9810409099130761,-0.2545414565228754,-0.940251079320214,-0.054276526516497954,-0.2707164736326649,-0.6761708491108671,-0.7855656635356711,-0.9782213943446284,-1.9849045617160095,-0.8030550835191768,-0.9478143897190272,782,0,0.9833887043189369,0.8857375652985753
21,0,0.1,0.1,False,-0.5672249576501546,-0.9959132217722554,-1.2778980564098412,-0.5695525927859075,-0.9919597614874504,-0.4602383184968203,-0.9551979468190774,-0.8282940783620021,-0.48182507094939697,-0.9062230533420991,-0.7345409873204409,-0.9534730334802478,-2.392962627205031,-0.770384648047477,-0.9214153681601797,853,554,1.0,1.0011221081116477
21,0,0.1,0.1,True,-0.5233885668841557,-0.9928765217497024,-1.189868150216144,-0.5271436633044874,-0.9859854239746794,-0.41053115674898455,-0.936365616259246,-0.749294220467985,-0.43843040541049005,-0.868493563894875,-0.7026611374207611,-0.9421684477037097,-2.2561459591557,-0.7457914124945647,-0.9023217805527912,782,502,0.9833887043189369,0.8818909942929477
21,0,0.1,0.2,False,-0.573211887072401,-0.9970287324460733,-1.1399062441089134,-0.5749201285965995,-0.992579585252103,-0.4166804306473332,-0.9529040803510878,-0.5860359056131768,-0.4372742642615315,-0.8736817938239474,-0.7840693655641188,-0.9725802439011022,-2.4713863784958248,-0.806174472986568,-0.9471137933153163,853,307,1.0,1.0079412484871255
21,0,0.1,0.2,True,-0.5233377191768915,-0.9942174055577558,-1.036037671622217,-0.5263815703199233,-0.985976811321119,-0.35598169870127905,-0.9269264590506449,-0.4874470713773634,-0.38404524460966877,-0.8152930391071228,-0.7531676525806859,-0.9645623534724695,-2.3215699063438207,-0.7808387398380697,-0.931649184189896,782,290,0.9833887043189369,0.8857898278470882
21,0,0.1,0.3,False,-0.5700798656600292,-0.9977042328179896,-1.039426311558458,-0.5713916478532456,-0.9922604554003539,-0.3946767015385917,-0.9578921747511878,-0.4671486495804959,-0.41202623003064914,-0.854390418324011,-0.7970659921169081,-0.9776057302844398,-2.431451822279159,-0.8153245909115092,-0.9530495882805693,853,181,1.0,1.0053997002390305
21,0,0.1,0.3,True,-0.5200224707135828,-0.9952050101163373,-0.9397546699056399,-0.5225279871257815,-0.9854057505661664,-0.32717918898165754,-0.9293241828909748,-0.3600766440208212,-0.3520614173235618,-0.7815174967216059,-0.7713868431434128,-0.9718566006711036,-2.306707911773001,-0.7937249616977866,-0.9409963261825892,782,171,0.9833887043189369,0.8827941451639165
21,0,0.15,0.0,False,-0.6171505215710249,-0.999459874880858,-0.7182650078207855,-0.6174840402118126,-0.9960308402391631,-0.334364826451892,-0.9721091903683563,-0.03503764669406329,-0.34395809623525203,-0.7903389192647196,-0.880978078520999,-0.9939510738079768,-2.368145698000294,-0.8863394806203476,-0.9831255439994873,552,0,1.0,1.0460104263376628
21,0,0.15,0.0,True,-0.5625209303281629,-0.9986625476332974,-0.6110892036976191,-0.5632742828508644,-0.9914432783697237,-0.2457951494281312,-0.9482537590071147,0.07674629644820108,-0.2592081993806122,-0.6613427474050391,-0.8616444743569216,-0.9919268216205246,-2.2494273248352554,-0.8686572996879357,-0.9774785657777746,512,0,0.9833887043189369,0.9222853662692178
21,0,0.15,0.1,False,-0.5858413945017146,-0.9970087406455397,-1.0826472386165678,-0.5875990556736705,-0.993758346207249,-0.40486099074317705,-0.9366652052638423,-0.46762403148684856,-0.4322366075604727,-0.8635714654714822,-0.8086787656613745,-0.9784927937762614,-2.579806004960613,-0.826453470894221,-0.958066654535953,552,649,1.0,1.0390548972740181
21,0,0.15,0.1,True,-0.5384846752183468,-0.9940865064154082,-0.988937937409372,-0.5416879433964725,-0.9883565923241373,-0.3399310565737821,-0.8989876296728987,-0.36358201711812427,-0.37812651181581636,-0.7969890444140431,-0.7847467000449719,-0.9730381203357481,-2.4827406992670373,-0.8064912192486293,-0.9474314886573583,512,594,0.9833887043189369,0.9172217304434522
21,0,0.15,0.2,False,-0.5967450304516102,-0.9984600392511412,-0.9596674116616997,-0.5976654117266197,-0.9946473175975431,-0.3626884125453981,-0.9481165842700874,-0.2743999517565295,-0.382535669729494,-0.8225677408305602,-0.8474539716843116,-0.9880345281537348,-2.5817840236857412,-0.857716959819091,-0.9728406392623221,552,365,1.0,1.0483365324628433
21,0,0.15,0.2,True,-0.540232606111863,-0.9965594922780869,-0.8405726913507486,-0.542097697425888,-0.9886082703080326,-0.27752651652219007,-0.9115267813506572,-0.14183326953444497,-0.3044633709071767,-0.7128503998332625,-0.8240371631254242,-0.9842647955078379,-2.46632555253356,-0.8372108470061218,-0.964284058282486,512,347,0.9833887043189369,0.9243960491286559
21,0,0.15,0.3,False,-0.600289506934961,-0.9988954077402695,-0.8891147282268281,-0.6009533153155179,-0.9949126594852664,-0.3471713881104007,-0.9553118517579822,-0.19256233428305652,-0.36341157860810547,-0.8054042765171262,-0.859826100432536,-0.9907714454139364,-2.5579177141307845,-0.8678349627580432,-0.9769074838054597,552,213,1.0,1.044305555916411
21,0,0.15,0.3,True,-0.5452131031690355,-0.9975537881153991,-0.7782030269044369,-0.5465500804714143,-0.9893008627374984,-0.2569239394633911,-0.9226477504063062,-0.06030541194657305,-0.2784637358626296,-0.6801253992173877,-0.8406081901484385,-0.988192847516019,-2.4629406342038935,-0.8506519676411763,-0.9704550850943128,512,202,0.9833887043189369,0.9199527272576985
21,0,0.2,0.0,False,-0.609063183732518,-0.9996299390784245,-0.5763595624556166,-0.6092886576546752,-0.9955230642664498,-0.26076010109680425,-0.972635372675536,0.13654763034910944,-0.26809646083454947,-0.6864176378294075,-0.8972650400701958,-0.9957921246067286,-2.214055169630348,-0.9010565738552668,-0.9872747844279582,321,0,1.0,1.052311266370788
21,0,0.2,0.0,True,-0.5626678135102139,-0.9991781786024251,-0.5076723953511046,-0.5631306062920941,-0.9914598099775253,-0.16947620569983568,-0.9501918957616934,0.23170107959370687,-0.1783599780799857,-0.5097195717205006,-0.8860363310259466,-0.9948659911255631,-2.182550278249602,-0.8906087241192256,-0.9844740246395006,301,0,0.9833887043189369,0.9395059815006633
21,0,0.2,0.1,False,-0.5239473938749818,-0.9959536583507004,-0.7300336016279277,-0.5260760774177373,-0.9860797911982243,-0.2975914496076111,-0.9214786099298864,-0.140349902833139,-0.32294992678153894,-0.7422747478737506,-0.7913828097140658,-0.976284074678812,-2.128080049578486,-0.8106071073364821,-0.950495575981967,321,700,1.0,1.0477558644157343
21,0,0.2,0.1,True,-0.4824949806177554,-0.9928639015646771,-0.6769919724629523,-0.48596285941847667,-0.9774855459088111,-0.23144696961246902,-0.8790546727321993,-0.056665364934388916,-0.26329075629972615,-0.6359378945353963,-0.7761234450487351,-0.9728457856281271,-2.1145557269998028,-0.7977867165736074,-0.9433185201953393,301,641,0.9833887043189369,0.9320916550323276
21,0,0.2,0.2,False,-0.5762408063344491,-0.9987053602582073,-0.7430313397554079,-0.5769877976678393,-0.9928777888356667,-0.2914039206572504,-0.9470180850137112,-0.05186365796134143,-0.30770681708051156,-0.7334509733980705,-0.8568092051925957,-0.9900684688406882,-2.332050417673469,-0.865403991903579,-0.9759449069838715,321,386,1.0,1.0551581297638088
21,0,0.2,0.2,True,-0.5294878853555751,-0.9974219350986415,-0.6760589732640292,-0.5308564677828251,-0.9869873217300136,-0.20853221716453163,-0.9117135159482664,0.051085545122459934,-0.22872559583329072,-0.5924784252610464,-0.8428688178663646,-0.988131535064508,-2.3178686802496062,-0.8529925297964909,-0.9712534730644994,301,365,0.9833887043189369,0.9410025592895631
21,0,0.2,0.3,False,-0.5749360278481118,-0.9990633505194371,-0.6659571352438752,-0.57547504625126,-0.9927505690077695,-0.2605405103220949,-0.954028121830708,0.039542577381226254,-0.27309521004699244,-0.6860599462893546,-0.8686123191008348,-0.9924212124166298,-2.2968444810434905,-0.8752456197360898,-0.9796034432841183,321,229,1.0,1.0508742755299023
21,0,0.2,0.3,True,-0.5297229958332907,-0.9981522944601733,-0.6063415992927902,-0.5307035797776518,-0.9870247234313592,-0.17243615063611495,-0.9219484732065312,0.14145603670312196,-0.18703447713990248,-0.5163926161331991,-0.8579195491623246,-0.9911942521892957,-2.29693176147485,-0.8655412874594448,-0.9763013631572302,301,216,0.9833887043189369,0.9366845447386156
21,20,0.0,0.0,False,-0.15425369629392205,-0.9595007200487996,0.17143031980099413,-0.160764544591563,-0.6189493022087287,0.24025497368179471,-0.764458557810668,0.662882280938445,0.31428122718628554,1.2852222097048713,-0.6299180158293483,-0.9522507753869275,-1.0945401760141247,-0.6615043348989599,-0.8513796606786479,0,0,0.5249169435215947,0.7222099799496742
21,20,0.0,0.0,True,-0.14855378591778956,-0.957903434908245,0.17829849346064172,-0.15508221445308745,-0.6039207234756417,0.22921891605205147,-0.772402325808007,0.6518557257615354,0.2967610381186598,1.2081518016801551,-0.6155617073485038,-0.9486352483637348,-1.049710479569535,-0.6488918774737319,-0.8401262663593336,0,0,0.5249169435215947,0.7103273476204107
21,20,0.0,0.1,False,-0.16755699414938097,-0.9268499924140151,-0.026108152859322945,-0.1807811355891287,-0.6522002599723491,0.12055819087556041,-0.6780318351934583,0.4886436519074192,0.17780609201212852,0.5479142186658292,-0.5613094021410439,-0.9047718864459108,-1.3218615360472699,-0.6203877580082172,-0.7940658850713437,0,382,0.5249169435215947,0.6791475363290561
21,20,0.0,0.1,True,-0.1629838617230006,-0.9244529170805547,-0.018233850208687792,-0.1763030422768395,-0.6410519939411716,0.11166495857646441,-0.682436118849335,0.47532985592629184,0.16362697619924374,0.5012888695244828,-0.5468635131503862,-0.8986671871783152,-1.2688828411717294,-0.6085272957027155,-0.7808642601135642,0,380,0.5249169435215947,0.667266674358266
21,20,0.0,0.2,False,-0.1960917353696836,-0.9509971310681843,-0.01684638427656494,-0.20619592737301778,-0.7154927841461627,0.11818749599074363,-0.7344649191254515,0.499355327009304,0.16091646164866918,0.5353819646976614,-0.6069468791946766,-0.9326931564016561,-1.317902112438742,-0.6507465772948164,-0.833184933923763,0,220,0.5249169435215947,0.7019262730791263
21,20,0.0,0.2,True,-0.19436431106727647,-0.950387629677473,-0.015617387332107286,-0.20451056495046832,-0.7119540618731552,0.10684999852741361,-0.7435927576592312,0.4838972388125671,0.14369424315504178,0.4764828186644101,-0.596253686084554,-0.9291376205044088,-1.2832560930311883,-0.6417280636649506,-0.8243727994671961,0,218,0.5249169435215947,0.6901057922312595
21,20,0.0,0.3,False,-0.17231479552600415,-0.9516830390475977,0.05826491363313725,-0.18106322005953704,-0.6634934545676824,0.18425833154016558,-0.7157561010661584,0.5891887415458199,0.25743173025797833,0.9138752640242052,-0.6213384626840014,-0.9422497440532067,-1.293994331859176,-0.6594201448240625,-0.8447017102796518,0,140,0.5249169435215947,0.7063389808105605
21,20,0.0,0.3,True,-0.17319880304651392,-0.9519794720805279,0.054756174167380094,-0.18193543886822702,-0.6655579812659088,0.169700581365537,-0.7289355968078214,0.5714726742519629,0.23280600111819938,0.8251348865283561,-0.6130910802490762,-0.9398133880779733,-1.2686472402608318,-0.6523540609513109,-0.8381500178256426,0,138,0.5249169435215947,0.6945328018455348
21,20,0.05,0.0,False,-0.2672900950473901,-0.9453757578152726,-0.48643047377845566,-0.28273423856889174,-0.8332151112761488,-0.2159131852304751,-0.8772857893475887,-0.3230709740277067,-0.24611499223194222,-0.6068738012545372,-0.38035452517446866,-0.7958020562802083,-0.9125787625206571,-0.4779511716171575,-0.6006343768285649,643,0,0.5249169435215947,0.5479081345959851
21,20,0.05,0.0,True,-0.2596344005531762,-0.9420061299963395,-0.4665710107084234,-0.2756185891849612,-0.8229265840885132,-0.21540437573642446,-0.8769798529733084,-0.322011114879808,-0.24562066620586376,-0.6058937060949027,-0.3615383403965856,-0.783744756445304,-0.8570163302630648,-0.46129602453272256,-0.5770529882278105,637,0,0.5249169435215947,0.5385173249955862
21,20,0.05,0.1,False,-0.32567786823046685,-0.9412176949246147,-1.1623347271194273,-0.34601757912822867,-0.8966134969488626,-0.29464025434006225,-0.856155849173721,-0.9947710671644078,-0.3441432475459002,-0.7380935672998731,-0.396314725474743,-0.7473727712982696,-1.5924217963008274,-0.5302771798687558,-0.6201284810287773,643,176,0.5249169435215947,0.5347496588258003
21,20,0.05,0.1,True,-0.31987565638586046,-0.9382445979914285,-1.1404634279680224,-0.3409299206951392,-0.8913844047116664,-0.2941825637625519,-0.8557972587547977,-0.9939932233149297,-0.34375263621502306,-0.7374406583224753,-0.3813854851384296,-0.735255352047887,-1.530985403521829,-0.5187116068943489,-0.6019077117146003,637,175,0.5249169435215947,0.5257120291617509
21,20,0.05,0.2,False,-0.3129051596005181,-0.9421113542287357,-0.9938374612457641,-0.3321318209318043,-0.8848153171832664,-0.2651777368101069,-0.8536829554069885,-0.7847665796157192,-0.3106278919246841,-0.6935497156700351,-0.4147379898396163,-0.7711809811039959,-1.5075107807444605,-0.537795925991188,-0.6420498411053699,643,101,0.5249169435215947,0.5388148177317498
21,20,0.05,0.2,True,-0.30820718463050945,-0.9397945148323218,-0.9794082181304208,-0.3279516742928637,-0.8802053559817604,-0.26470245675616266,-0.8533193702911697,-0.7838013681638767,-0.31020326734859055,-0.692788213396457,-0.4034115369529483,-0.7626129932563481,-1.4719711679929286,-0.5289859214572072,-0.628646616905433,637,100,0.5249169435215947,0.5297797191702462
21,20,0.05,0.3,False,-0.3105544638544244,-0.9448141316603271,-0.9174360796367721,-0.32869371175543843,-0.8825273463310785,-0.25835636148708363,-0.8578363766785461,-0.7095573375330926,-0.3011720748977944,-0.6824857383668557,-0.4259543335996443,-0.7893525232258402,-1.4559405750370225,-0.5396249724507124,-0.6550902219912897,643,58,0.5249169435215947,0.5408588270529538
21,20,0.05,0.3,True,-0.3070657669597274,-0.9431864790611892,-0.9082739186401018,-0.32556209591274954,-0.8790626066101239,-0.25787509421237687,-0.857481951357776,-0.7085359228882526,-0.3007353027128392,-0.6816941498338741,-0.41794369077083804,-0.7836789898987386,-1.4362518970545193,-0.5333098068953485,-0.6458004970425613,637,57,0.5249169435215947,0.5318262752607472
21,20,0.1,0.0,False,-0.32369802754312327,-0.9639506641889151,-0.39953593895080497,-0.3358035214545845,-0.8948531383684847,-0.21173870051047905,-0.8707774016689219,-0.11570376971045376,-0.24316053690031816,-0.5987791956959884,-0.5315124125884431,-0.9025141926951795,-1.1559490837085868,-0.5889241597422271,-0.7664057824252581,473,0,0.5249169435215947,0.5747756055144143
21,20,0.1,0.0,True,-0.31798486041011864,-0.962161263602941,-0.38963264975417633,-0.330490191653925,-0.8896339061251288,-0.21875142446466767,-0.8751346502910315,-0.1330631401054473,-0.2499631621167331,-0.6123079346262822,-0.5108567238914197,-0.8941045545642609,-1.089531691046349,-0.5713612812769802,-0.7462547174283176,471,0,0.5249169435215947,0.5642404537113037
21,20,0.1,0.1,False,-0.3794752505051441,-0.9620626097889762,-0.9594751453734912,-0.3944392460989417,-0.9359499349828254,-0.3276711259781768,-0.8771492055664778,-0.7392559749348095,-0.37356372655728654,-0.782130018210575,-0.49529265228276054,-0.8404656996815876,-1.5778570430598104,-0.589307395257657,-0.7305445595507836,473,280,0.5249169435215947,0.556973753454289
21,20,0.1,0.1,True,-0.37515277709336914,-0.9605152832017835,-0.9490836154928912,-0.39057450063973387,-0.9333375684504618,-0.3330044984665568,-0.8808479167507381,-0.7623031503820751,-0.3780499359014664,-0.7886895047981461,-0.47638135016845173,-0.8288046449232791,-1.4977453049137874,-0.5747812262955518,-0.7108488913482022,471,278,0.5249169435215947,0.5464380765770428
21,20,0.1,0.2,False,-0.39298895594418726,-0.9697346879055389,-0.8959163058364404,-0.40525409768828236,-0.9435778063551717,-0.321078302745338,-0.8825136810512373,-0.6336628273581733,-0.3638224648969456,-0.7738148628077974,-0.5410305831565952,-0.8846386977301711,-1.5999986222634608,-0.6115836720061937,-0.775422578482198,473,159,0.5249169435215947,0.5643044870330118
21,20,0.1,0.2,True,-0.3906331250556756,-0.9690519656061036,-0.8954660026259186,-0.40310854208045493,-0.9423050393781074,-0.32795982050662054,-0.8870191896731788,-0.661337303043881,-0.36973249770104405,-0.7824888862591487,-0.5260958393145304,-0.877332171974693,-1.544271176881161,-0.5996541060729571,-0.7611987384064275,471,157,0.5249169435215947,0.5537619632016322
21,20,0.1,0.3,False,-0.37347787075712713,-0.9674422728498115,-0.764925629895134,-0.3860466730040304,-0.932301930079402,-0.27782006061590403,-0.8629398166063764,-0.4558841540808103,-0.32194604452077286,-0.7132979631558317,-0.5583864065461045,-0.901462289664536,-1.5818752048197378,-0.6194229231196111,-0.7914263406642541,473,101,0.5249169435215947,0.5659509358076217
21,20,0.1,0.3,True,-0.37310658717832124,-0.967331003469514,-0.7711835160395447,-0.3857072561926626,-0.9320705649643661,-0.2866953152643399,-0.869293250349258,-0.48707458383408836,-0.32980276235798867,-0.7265880547778989,-0.5465145032357371,-0.8963194062185241,-1.5390821656960245,-0.6097318650517939,-0.7805404573184762,471,99,0.5249169435215947,0.5554352305039305
21,20,0.15,0.0,False,-0.3192751933218827,-0.964519465645889,-0.24196238887110083,-0.33101995832513403,-0.8908310005658538,-0.11205073599702209,-0.8062571816129147,0.17130609957613555,-0.13897641912827985,-0.3662830205365424,-0.6235658044018406,-0.9427982164365938,-1.3128998043713702,-0.6613990072644325,-0.846448873275057,310,0,0.5249169435215947,0.6283829542257022
21,20,0.15,0.0,True,-0.3145535653285776,-0.9630786083130946,-0.2351152151372544,-0.32661255541698936,-0.886397669551765,-0.11995189711830934,-0.8127912642386006,0.15740923053979258,-0.14758019973390932,-0.38765547263353506,-0.6087336443601319,-0.9383976919961243,-1.2632158442256396,-0.6486947373722292,-0.8346362086355755,310,0,0.5249169435215947,0.6164946742023528
21,20,0.15,0.1,False,-0.34768838395255863,-0.9446661782314106,-0.6418412147048542,-0.3680542311819562,-0.9145986406118474,-0.21209917185548743,-0.7526196575878121,-0.22786449267014092,-0.2818145523002642,-0.5994829926650591,-0.5731141409269769,-0.896983668822342,-1.6950240388802074,-0.6389348667623165,-0.804562062187752,310,343,0.5249169435215947,0.5992558521475863
21,20,0.15,0.1,True,-0.3440816981527002,-0.9428809270440558,-0.6346808786750124,-0.3649259289096035,-0.911843311712155,-0.21835229227258446,-0.7600711009792099,-0.2455536002391729,-0.2872787716718584,-0.6115471275043409,-0.5590102847388266,-0.8903574348957011,-1.6368494610238333,-0.6278492915649215,-0.7919910700035037,310,341,0.5249169435215947,0.5874072465405863
21,20,0.15,0.2,False,-0.3634002631936506,-0.9609713582299553,-0.5796180629562782,-0.37815930733149994,-0.9257860204681675,-0.2068624031076307,-0.7945149025390745,-0.15055709861365874,-0.2603631504538798,-0.5891684037243414,-0.6121190382007775,-0.9231462986193821,-1.6537055044646864,-0.6630791231208275,-0.8373692992290933,310,196,0.5249169435215947,0.6136704071142424
21,20,0.15,0.2,True,-0.36186270696843836,-0.9604253689619338,-0.5802430854184631,-0.3767733742389105,-0.9247478076448697,-0.21490416201485185,-0.802397563271291,-0.17132223669271623,-0.26782753569030054,-0.6049284083744682,-0.6012483281356955,-0.9189624578843744,-1.6156456532629824,-0.6542686515397844,-0.8285158420965815,310,194,0.5249169435215947,0.6017983527327193
21,20,0.15,0.3,False,-0.34217178704712925,-0.9611665846892529,-0.4665942527303805,-0.3559963407984622,-0.9103547457478679,-0.14950022864271117,-0.7727905929711026,0.003828694770968107,-0.19345503167673977,-0.46288839417591354,-0.6314706881639911,-0.9361878572691282,-1.6485041476935252,-0.6745127949063546,-0.8525731766502875,310,124,0.5249169435215947,0.6161780753218224
21,20,0.15,0.3,True,-0.34273029987362,-0.9613560757685393,-0.47277525090330114,-0.35650713456991495,-0.9107921776823299,-0.1599551731948191,-0.78332557198673,-0.019651500037307448,-0.2042001166757886,-0.4877925544851167,-0.6231960175006577,-0.9334117483859503,-1.621074882790825,-0.6676539250532086,-0.846159461385374,310,122,0.5249169435215947,0.6043458570642168
21,20,0.2,0.0,False,-0.32620504871435774,-0.9753760682955255,-0.19590750243676994,-0.334440283412328,-0.897078106092001,-0.049849966062413764,-0.8090778476649669,0.2939231736472743,-0.061613312249597346,-0.17821443452501373,-0.6812222620073656,-0.9598689743987057,-1.4103598118381009,-0.7097033867920424,-0.888368907273301,181,0,0.5249169435215947,0.6628897517783753
21,20,0.2,0.0,True,-0.3216651425711575,-0.97440515151971,-0.18980770738223746,-0.3301143698485988,-0.893019916092399,-0.058304602675359196,-0.815516801656974,0.28106029023152057,-0.07149405451475115,-0.20592960210862332,-0.6688578305349802,-0.9568307079856498,-1.3673123270123855,-0.6990346619864247,-0.8799174661600364,181,0,0.5249169435215947,0.6510481100995178
21,20,0.2,0.1,False,-0.3324208688775484,-0.9522011304706093,-0.5011581311071376,-0.34910782841987914,-0.9024273327714006,-0.15274945146346242,-0.7432020454036942,-0.03453089988074112,-0.20552883621369963,-0.47072196153079526,-0.6043122398676285,-0.9143373373569572,-1.6400702668792742,-0.6609291944858039,-0.8310339162389688,181,366,0.5249169435215947,0.6262377396971449
21,20,0.2,0.1,True,-0.3287628202294778,-0.9506729712087411,-0.4943750918446299,-0.34582115005486014,-0.899307874579217,-0.15947359683887796,-0.7509371605115854,-0.0503870012795298,-0.21236610095342007,-0.48666455950854837,-0.5912995709670661,-0.908853179060115,-1.5886611728818631,-0.6505996618491834,-0.8202166392415877,181,364,0.5249169435215947,0.6143943430108476
21,20,0.2,0.2,False,-0.36611223781044544,-0.9715542816462425,-0.49066281349322055,-0.3768314799561065,-0.9275883891371548,-0.15995394570725863,-0.7960145534687102,0.005701394734972134,-0.20094349407337325,-0.4877896816764882,-0.6586654765925175,-0.9433222438171154,-1.6940073853761766,-0.6982401622665594,-0.872729080563687,181,207,0.5249169435215947,0.6443778463236749
21,20,0.2,0.2,True,-0.36476536087075984,-0.9712044425721469,-0.4915227883615021,-0.375580408080416,-0.9266978364507019,-0.1684713175083159,-0.8038396857065113,-0.012901750200703225,-0.20958322972103943,-0.5074386985186428,-0.6494045218602229,-0.9403364256304052,-1.6624866937387694,-0.6906087057351411,-0.8660243722003907,181,205,0.5249169435215947,0.6325882991216519
21,20,0.2,0.3,False,-0.3435324759724474,-0.9715898443607603,-0.38302465944388236,-0.3535776726839588,-0.9114173615728999,-0.09326839959477262,-0.7718825420187266,0.1536465038846524,-0.12083237347335916,-0.3132663887512952,-0.6778074030085471,-0.953673448290465,-1.6836807813366863,-0.7107332223871499,-0.8860642611077307,181,132,0.5249169435215947,0.6484144989253577
21,20,0.2,0.3,True,-0.34425719449931447,-0.9717699921086769,-0.38893983686641537,-0.3542578977483129,-0.9119790608124179,-0.10441458526041658,-0.7824596242053654,0.13247463291263345,-0.13344405516956334,-0.34510804572391063,-0.670825484846317,-0.9517290317196825,-1.661594877347007,-0.7048492401605109,-0.8812821538596991,181,130,0.5249169435215947,0.6366343166299985
21,50,0.0,0.0,False,0.0020146979329600523,-0.9267634817267772,0.3944045641336603,0.002173907337399828,0.011658213537612871,0.3680769884824502,-0.745987108759538,0.7820311451537167,0.49340931520184805,2.329973078971872,-0.49400025312842166,-0.9199321285522523,-0.5956155151660629,-0.5369964128830428,-0.7292197325248515,0,0,0.5382059800664452,0.6461697344610927
21,50,0.0,0.0,True,0.03562152160524956,-0.9158212375288313,0.43427279142951863,0.038895714737264046,0.22332397625212463,0.41886515291206217,-0.7078410601168367,0.8254548704146958,0.5917502904436259,2.8300473642926813,-0.4806162297109646,-0.9158212375288313,-0.5748302853668705,-0.5247926232938381,-0.7153171752224563,0,0,0.5382059800664452,0.6378167968656728
21,50,0.0,0.1,False,0.0029880445003958034,-0.8460656227940108,0.29800482476357565,0.0035316935470421475,0.01733066707806774,0.2385755604510582,-0.6404184167929621,0.6531357345489731,0.37253076144464814,1.2733676450099476,-0.37168848276562205,-0.8176517170665443,-0.6221907509225022,-0.45458044667124736,-0.5898540800083851,0,420,0.5382059800664452,0.6192755740506966
21,50,0.0,0.1,True,0.036125759890224485,-0.8275480644123847,0.3522358852825748,0.0436539718280608,0.22675812615593793,0.2855455977216541,-0.6146281081577476,0.7136486350674107,0.46458271909746,1.6225067963022068,-0.35699781702315936,-0.8093874296662396,-0.5905398769330241,-0.44107161037869297,-0.5712656748731961,0,417,0.5382059800664452,0.6101080159224014
21,50,0.0,0.2,False,-0.019571426394019764,-0.8908188474607166,0.296848220695243,-0.021970153022478373,-0.10758813485878482,0.24796341398743604,-0.687509121114716,0.6630152982568159,0.36066927168237745,1.3402215671842503,-0.42735774385796255,-0.8720423157897532,-0.6417420238474724,-0.49006537425988533,-0.6567055522862251,0,247,0.5382059800664452,0.6329464060451658
21,50,0.0,0.2,True,0.011297568562817384,-0.8736764891974239,0.34229783181657236,0.012931066249929134,0.06683555328112623,0.2950492271927079,-0.6513581962718004,0.7170330119947443,0.4529753811059576,1.6977066576278879,-0.41639494803334276,-0.8673031022146933,-0.6302399977182386,-0.48010314614355876,-0.6439908355664805,0,245,0.5382059800664452,0.6240206014427317
21,50,0.0,0.3,False,-0.019971482469286816,-0.9104978465151843,0.31433922222969707,-0.0219346839157557,-0.10968315614771962,0.28959640025837774,-0.6981565650350471,0.7100422749349041,0.4148015141042757,1.6543676201569495,-0.46970955490094624,-0.8992610997860052,-0.7072862566459391,-0.5223283371344782,-0.7037418509495732,0,152,0.5382059800664452,0.635162328487779
21,50,0.0,0.3,True,0.012806630156373844,-0.8951460236846774,0.3604224292456977,0.014306749756490104,0.07603596988396122,0.3380095476016878,-0.6629569458797911,0.7611862375530888,0.509851431080679,2.0577043955593886,-0.4562685843960771,-0.8943073035161341,-0.6863417349645633,-0.5101921706354997,-0.6891734715989213,0,152,0.5382059800664452,0.6267944768610245
21,50,0.05,0.0,False,-0.22569956812237524,-0.9300813937254072,-0.33272733832850365,-0.24266646945633846,-0.7707863527878354,-0.15647577864175588,-0.8487057086312251,-0.1437163485269577,-0.18436989058800696,-0.4796014176302571,-0.36812385577280127,-0.7880023636768018,-0.799789079736776,-0.4671608522278327,-0.585379918138327,670,0,0.5382059800664452,0.5408974456322498
21,50,0.05,0.0,True,-0.20990430082768297,-0.9214584474288925,-0.2895613936863033,-0.22779573122734972,-0.7425178120423801,-0.1399985480450917,-0.8370437666288408,-0.10148135784239275,-0.16725355785030221,-0.43948848256302275,-0.35411923668115186,-0.7788997152468204,-0.757535404915262,-0.4546403468242858,-0.5675771685291611,656,0,0.5382059800664452,0.531435429464345
21,50,0.05,0.1,False,-0.3070380815205057,-0.9321726027009917,-1.027059500685296,-0.32937900194755326,-0.8790347773833713,-0.26654030899806813,-0.835193626781048,-0.8380670875769951,-0.3191359469843555,-0.6957251172254505,-0.3940805620702339,-0.7455766876161813,-1.4868351408911054,-0.528558052599821,-0.6174277387532093,670,186,0.5382059800664452,0.5333189505502508
21,50,0.05,0.1,True,-0.2928992589017577,-0.9238058164505986,-0.9648058915328759,-0.31705717119981003,-0.8641132235324565,-0.2518883038822348,-0.8221940768273691,-0.7737760568472511,-0.3063611268694681,-0.6717246100786632,-0.38118182603685835,-0.7350881730606516,-1.4330118140881312,-0.5185525220052851,-0.6016563273482061,656,184,0.5382059800664452,0.5233604170441137
21,50,0.05,0.2,False,-0.28310616160428714,-0.9281606064319117,-0.8233258901098434,-0.30501850611029496,-0.85291163231593,-0.23312704123974826,-0.8324871969290764,-0.6279358550049522,-0.28003678867341125,-0.638983173532041,-0.38960808510838996,-0.7519676653057373,-1.294890300288199,-0.5181181360371152,-0.6119937318009022,670,111,0.5382059800664452,0.53426641891973
21,50,0.05,0.2,True,-0.26867172213033785,-0.9194212590052654,-0.7659770947189561,-0.29221830526413706,-0.8350181579453392,-0.217889331192765,-0.8193466837715473,-0.5677287572278963,-0.2659305706710074,-0.610663270388381,-0.37697670517835913,-0.7420306028272698,-1.2475097447670447,-0.5080339055316724,-0.5964488128939214,656,110,0.5382059800664452,0.5245956331259984
21,50,0.05,0.3,False,-0.2867787961589672,-0.9363068401798326,-0.7744231524950229,-0.30628719544961003,-0.8571985859732556,-0.22879613796345732,-0.8431770498199888,-0.5635160204262675,-0.27135005395640616,-0.6310944517008348,-0.41225455769877917,-0.7796058616196565,-1.3056570918169614,-0.5287986891764859,-0.6391312418867285,670,64,0.5382059800664452,0.534356314949053
21,50,0.05,0.3,True,-0.27216997657208974,-0.9284179561964331,-0.7181466089134877,-0.2931545806019552,-0.8395115409105978,-0.21355305352040788,-0.8309416802709185,-0.5061156790045227,-0.2570012536268267,-0.6023123397270354,-0.3993534627682914,-0.7702347158518559,-1.2551950168927914,-0.5184828138090593,-0.6237871235713468,656,64,0.5382059800664452,0.5249124550516282
21,50,0.1,0.0,False,-0.2492045211202184,-0.9528099803707042,-0.19065838599013382,-0.26154692567689297,-0.8080707742522624,-0.1344412312907156,-0.867295703158345,0.054058591117919004,-0.1550119881848074,-0.4254578883774034,-0.46830817351724086,-0.8757353024214464,-0.8261996289168303,-0.5347599579717163,-0.7022385554826421,489,0,0.5382059800664452,0.562624135361771
21,50,0.1,0.0,True,-0.21998360257587346,-0.9412044052000476,-0.12827855177996772,-0.23372564063713366,-0.7608690762161274,-0.10560330768902204,-0.8495061670292126,0.10812967955798736,-0.12431140795401735,-0.34843824473606855,-0.44157348513824923,-0.8634761021805905,-0.7499832519524846,-0.5113905110090667,-0.6728632200617575,479,0,0.5382059800664452,0.5543598230866352
21,50,0.1,0.1,False,-0.32079148075341424,-0.9372106769999217,-0.7025306564743553,-0.3422832119031024,-0.89222398942352,-0.2711865160805561,-0.8353092526093181,-0.5292291312504604,-0.32465403110695884,-0.7030571939308801,-0.4366679226222363,-0.8030385695705097,-1.1876230824851552,-0.5437695512629985,-0.6673296658965526,489,305,0.5382059800664452,0.5485466640080735
21,50,0.1,0.1,True,-0.29449921707603366,-0.9218596545043576,-0.6174946391982848,-0.3194620955988931,-0.8658744146265496,-0.24633241394496896,-0.8126865926438709,-0.45213847506199556,-0.3031087459479165,-0.662267797821384,-0.40959904260107527,-0.7844882007676154,-1.0894320636389383,-0.5221226300157044,-0.6359978595934388,479,303,0.5382059800664452,0.5398899684830688
21,50,0.1,0.2,False,-0.3194222609035906,-0.950168007678195,-0.5995960332364602,-0.3361745063213844,-0.8909667572732888,-0.2537839596199074,-0.8574526220505052,-0.4031737656646322,-0.2959743233544619,-0.6749059822630536,-0.4644244838307061,-0.8434506359039216,-1.1321336614611228,-0.5506243804451992,-0.6980534036816681,489,180,0.5382059800664452,0.5524014968212778
21,50,0.1,0.2,True,-0.2931321592412385,-0.9380127171677389,-0.5218843335840642,-0.3125033956110208,-0.8643707758788157,-0.22847755794017788,-0.8379854872310011,-0.33176397408195984,-0.27265097238753877,-0.6305091707374029,-0.4386153425202829,-0.8286630740099804,-1.0458046329743829,-0.5293047998359346,-0.6695317037852578,479,179,0.5382059800664452,0.5439702142710089
21,50,0.1,0.3,False,-0.3082570463510763,-0.9552381576247023,-0.513630723715056,-0.3227017722131087,-0.8802550717299779,-0.21512952555123788,-0.8547566378008915,-0.259070563767761,-0.2516851183568703,-0.6053635244409212,-0.4966923739772563,-0.8721586477429054,-1.1788578920120085,-0.5694977344576776,-0.7319758938569523,489,112,0.5382059800664452,0.5536876163456962
21,50,0.1,0.3,True,-0.2812650020816364,-0.9441987077009287,-0.4379974414553405,-0.2978875101052627,-0.8507228168201065,-0.1886578542855324,-0.8350349956437493,-0.1908922173631342,-0.22592808118190466,-0.5517784294989387,-0.4716514913448848,-0.859682405790929,-1.0923934195425797,-0.5486345750102374,-0.7058189928373351,479,112,0.5382059800664452,0.5454409980214365
21,50,0.15,0.0,False,-0.21394683211667043,-0.9568395496081595,-0.012081638728167372,-0.22359739645407103,-0.7500128728537621,0.025755704822028935,-0.8139171249494038,0.38146667443187876,0.03164413677084139,0.10253041516133465,-0.5655822804208192,-0.9275523017075182,-1.002677465092701,-0.6097578318544912,-0.797895451462605,321,0,0.5382059800664452,0.5967905872035162
21,50,0.15,0.0,True,-0.1783934559486251,-0.9443165870436616,0.05026580622547841,-0.18891276336373075,-0.6774793518539316,0.06690613284391689,-0.783591534304841,0.43641599427722205,0.08538394037560948,0.28220780908740983,-0.541426049518819,-0.9196295070705144,-0.9310597085132538,-0.5887436683535037,-0.775793536964207,315,0,0.5382059800664452,0.5884524487382529
21,50,0.15,0.1,False,-0.25506724725111407,-0.9207448408915213,-0.34839660937786676,-0.27702272760403673,-0.8165429245759064,-0.09019958151088969,-0.7055546022332144,0.06706746786516177,-0.1278420992867042,-0.3043021940792501,-0.5231036607399977,-0.8760337768492185,-1.375265927189095,-0.5971272735868876,-0.7582987577662588,321,375,0.5382059800664452,0.5762353764483557
21,50,0.15,0.1,True,-0.2216157653843367,-0.8979319224054915,-0.26339178936307844,-0.24680686793119558,-0.7637363772872069,-0.052953623904333114,-0.6565301933990977,0.14531604707079002,-0.08065679908820762,-0.1884702811978317,-0.4978490858136624,-0.8631382881322441,-1.2858176742239635,-0.5767894816611187,-0.7331559764272418,315,373,0.5382059800664452,0.5675197488575978
21,50,0.15,0.2,False,-0.2503752418859244,-0.9459103617673695,-0.25422434631196683,-0.26469235564574556,-0.8097878973495962,-0.07408969997958004,-0.7841131120266944,0.13969034701698052,-0.09448853595635029,-0.25581726535372107,-0.5351670860823684,-0.8986206523492674,-1.2238655408885677,-0.5955428296503971,-0.7698880320330918,321,221,0.5382059800664452,0.5860795534647085
21,50,0.15,0.2,True,-0.21683493552383815,-0.9304035161074704,-0.17755025897116625,-0.23305472493376914,-0.7552563860505375,-0.036367505712476156,-0.7483522578385431,0.21072808647473795,-0.04859677422169606,-0.132546183386409,-0.510593739011203,-0.8880933377941518,-1.1451733607830081,-0.574932518106055,-0.745993016669311,315,220,0.5382059800664452,0.5775924386868291
21,50,0.15,0.3,False,-0.24671047981667127,-0.9535654794716627,-0.20432350130452615,-0.25872421467413537,-0.8043699673757077,-0.03342800443241323,-0.7796683182826658,0.23383805132125415,-0.042874647652790775,-0.12234540283553763,-0.5714622531544257,-0.9213157037316434,-1.2864070047300113,-0.6202675704319467,-0.8031091035017575,321,135,0.5382059800664452,0.586463958585593
21,50,0.15,0.3,True,-0.21265444157822277,-0.9400993094376882,-0.13024573820619567,-0.22620423123746372,-0.7476365877026468,0.005763123926473268,-0.7433550432489956,0.30111718320433667,0.007752855084273426,0.022302486759772977,-0.5480330705854337,-0.9128588788114012,-1.2070480234640169,-0.6003480749390385,-0.781947678426589,315,135,0.5382059800664452,0.5781197025647192
21,50,0.2,0.0,False,-0.2066825681343052,-0.9665539530889499,0.04658057547255569,-0.21383448639755823,-0.7364124462705485,0.07125457321185924,-0.8255366422839711,0.4586587294377316,0.0863130351364208,0.3023832043988075,-0.5905763604243977,-0.9403487222964352,-0.9529674336233318,-0.6280397329430566,-0.8196060251357836,191,0,0.5382059800664452,0.6138764954533759
21,50,0.2,0.0,True,-0.17915801972249645,-0.9592948912403734,0.09039496000864623,-0.18676011032524545,-0.679203940878991,0.1131085477854119,-0.7978875772471262,0.5092024564703533,0.1417600060595746,0.5087857315124344,-0.5799127634868662,-0.937333549857298,-0.9364714395333037,-0.6186834596661492,-0.8104877134727884,190,0,0.5382059800664452,0.605086261357041
21,50,0.2,0.1,False,-0.21281410458060956,-0.921118385462467,-0.17807808617422258,-0.23103881969933943,-0.7479311625048506,-0.04130916028776355,-0.7210369420566842,0.1971886574015744,-0.057291322924361385,-0.14949698832930025,-0.49316025207420455,-0.8698648550144767,-1.0957064755188124,-0.5669389322160822,-0.7283569875616052,191,403,0.5382059800664452,0.5889997974090977
21,50,0.2,0.1,True,-0.18582624392833624,-0.9042177645312907,-0.11824440468629557,-0.20551049892794457,-0.6939246630683971,-0.003085758592414334,-0.6758701724284935,0.2678564491731104,-0.004565608482656933,-0.011792469747421763,-0.481380097192336,-0.8640023277857078,-1.069130153876624,-0.5571513891936286,-0.7161195972924195,190,400,0.5382059800664452,0.5793455722976804
21,50,0.2,0.2,False,-0.24110785327085738,-0.9549918854883381,-0.16394034231211788,-0.25247110151890567,-0.7958410388333942,-0.04366862979826436,-0.7969013789322151,0.22918043589991266,-0.05479803518068556,-0.15750343209537598,-0.5479197042035571,-0.9099302885483089,-1.1092786258636984,-0.6021556937924345,-0.7818427740746838,191,234,0.5382059800664452,0.6016099042623929
21,50,0.2,0.2,True,-0.21628032805655617,-0.9458243327003347,-0.11436033229313297,-0.22866860216957455,-0.754256580698543,-0.005723742808779186,-0.7641857330982886,0.29288411466503156,-0.0074899890967252665,-0.021791928063710886,-0.5393446526008769,-0.9066253215653396,-1.1068087489747251,-0.5948925534857863,-0.7738378363752216,190,232,0.5382059800664452,0.5922137475136742
21,50,0.2,0.3,False,-0.23526869709994547,-0.9623949980038736,-0.11378815940482523,-0.2444616790277608,-0.7866273559065582,0.006965093352043761,-0.7948603447313192,0.3280045308196797,0.008762663024028606,0.02699990136189845,-0.586899749363526,-0.9318115403336116,-1.1762888255713613,-0.6298481226723177,-0.8164865066272702,191,144,0.5382059800664452,0.6023482648201625
21,50,0.2,0.3,True,-0.20881018676752594,-0.9542580044531878,-0.06311184685534056,-0.21881942388021056,-0.7404576514332015,0.04672852534975758,-0.7619822175197497,0.3884866902489793,0.06132495519627586,0.19159915136561523,-0.5766010212678097,-0.928514067293261,-1.1625384397010454,-0.6209933070251444,-0.8076121193790802,190,144,0.5382059800664452,0.593542463544175
21,100,0.0,0.0,False,0.15808888119065245,-0.9217501783552408,0.5781041050941956,0.17150946634232742,1.3285386109484647,0.4674436160711779,-0.8456725656916508,0.8649317904987623,0.5527477596353968,3.358349619160361,-0.3208150559102254,-0.8591922457918911,-0.1970795315585211,-0.37339147028094977,-0.5238044841503124,0,0,0.5614617940199336,0.6416443683909376
21,100,0.0,0.0,True,0.15904738084530923,-0.9213764736182322,0.5777794459696273,0.1726193205484534,1.339659222994959,0.4842867018728083,-0.8387619779240812,0.8781891284365122,0.5773827553216087,3.55351101544706,-0.33450140432021536,-0.864583555017806,-0.24700815211317445,-0.3868930913372812,-0.5420372675107041,0,0,0.5614617940199336,0.62633281563877
21,100,0.0,0.1,False,0.04508938129930762,-0.8604241726925964,0.37303875400486153,0.05240366638957352,0.28914804997512444,0.2281046667030231,-0.7509543990783606,0.6388658143374732,0.3037530201340772,1.2004787414423461,-0.27693290984112184,-0.7612766857036256,-0.3513252323442794,-0.3637743215335183,-0.4630528360869475,0,427,0.5614617940199336,0.6257992793692034
21,100,0.0,0.1,True,0.05339053644181968,-0.8539176742752259,0.3846567834510252,0.06252421989875735,0.34924326781285187,0.24408203691184216,-0.7382865659700539,0.6592500493519268,0.3306060927590311,1.3124072290438558,-0.27845894122658166,-0.7622419895392394,-0.3777819821963718,-0.3653156675282409,-0.4652240406815841,0,419,0.5614617940199336,0.6080586029375067
21,100,0.0,0.2,False,0.0544336872673874,-0.9032828683292594,0.41145790346623085,0.060262060951149964,0.35695605240527417,0.25691548922806895,-0.8128853668450037,0.6741631413920306,0.3160537754852415,1.4053157624303592,-0.29762225717103785,-0.8106995273560018,-0.29820161554578,-0.3671178372851613,-0.4921305304220729,0,251,0.5614617940199336,0.6349723676964133
21,100,0.0,0.2,True,0.05283605590273144,-0.9041237501738756,0.40715329453057364,0.05843896467996812,0.34515835236290626,0.2693881101748492,-0.8056574220306743,0.6882823157696719,0.3343705436187152,1.498229337914763,-0.31449524928636674,-0.8193245597720873,-0.3677197347561802,-0.38384696947672403,-0.5152704126266334,0,246,0.5614617940199336,0.6185694898640962
21,100,0.0,0.3,False,0.07231741357303578,-0.914142039745147,0.44798510056450525,0.07910960269718818,0.49495911223193034,0.3324578707639234,-0.8044996681364065,0.7552399812596665,0.41324798993895134,2.00929302439813,-0.34918167237906717,-0.8507966677665739,-0.38057297713270466,-0.4104173013461652,-0.5612151517861219,0,158,0.5614617940199336,0.6365208112126963
21,100,0.0,0.3,True,0.067123600851827,-0.9165094834971682,0.4391967737491256,0.07323830474257652,0.45373717312139017,0.3413982624495353,-0.7994165688296315,0.764342764177218,0.42705927767966084,2.087536038823669,-0.3671290018476191,-0.8585875825612781,-0.4544914576839864,-0.42759644945297914,-0.5841270754976735,0,155,0.5614617940199336,0.620698236666596
21,100,0.05,0.0,False,-0.14753012771188834,-0.9323929873722526,-0.10308772393028907,-0.15822741023360762,-0.601170536583276,-0.062003035058208256,-0.8736317832208895,0.10627833353389515,-0.07097158808670698,-0.21783352115000687,-0.31799697577532293,-0.7545773243231959,-0.6491236986970036,-0.4214239754163623,-0.5200079979915682,694,0,0.5614617940199336,0.5580421128879038
21,100,0.05,0.0,True,-0.13307878442575227,-0.9255207738664702,-0.07034135339346666,-0.14378800366608763,-0.560629753630955,-0.05419804968298303,-0.8695478545273863,0.12286857706157908,-0.06232900167690089,-0.19255570836219593,-0.2944850026430599,-0.7380944346403908,-0.5866950282821805,-0.3989801153107689,-0.48777114295804014,674,0,0.5614617940199336,0.5416731854495499
21,100,0.05,0.1,False,-0.2671963858651395,-0.9309659051165445,-0.8012049048492584,-0.2870098511627986,-0.8330922319568592,-0.22081484850942557,-0.8466694653690701,-0.5843376224148562,-0.26080407708239556,-0.6162235781199057,-0.3650308890882893,-0.7216695399517905,-1.357188801954329,-0.5058144606084862,-0.5814789435888376,694,201,0.5614617940199336,0.5509599342261693
21,100,0.05,0.1,True,-0.253364776307467,-0.9231168872145611,-0.7504323721842651,-0.2744666247759555,-0.8141152023954175,-0.21360942932796878,-0.8411552095745018,-0.5569762092232008,-0.2539476982327947,-0.6024217521283325,-0.34061745349422956,-0.7007847428354887,-1.2663589535702868,-0.4860514686949891,-0.5500748085526169,674,196,0.5614617940199336,0.5340908428757521
21,100,0.05,0.2,False,-0.2364546413608165,-0.9291671125746328,-0.5980004027029067,-0.25448020938410465,-0.7885259476401412,-0.18166996520987588,-0.8525982539089065,-0.3859936854048762,-0.21307804042170359,-0.5367786825946834,-0.35229603540278964,-0.7220760540798279,-1.1362813769298727,-0.48789325364311575,-0.5652331651331739,694,118,0.5614617940199336,0.5528594632939213
21,100,0.05,0.2,True,-0.22569320334097998,-0.9232216298713938,-0.56319469317129,-0.24446264692955622,-0.770775501961724,-0.17626511448178894,-0.8488262575449194,-0.3666344318778317,-0.20765747161451484,-0.5249248940792177,-0.33333663274469927,-0.7062646783278733,-1.0804202214279592,-0.47197126371078757,-0.5404988380214617,674,115,0.5614617940199336,0.535877595304128
21,100,0.05,0.3,False,-0.23689230524170468,-0.9376177075481339,-0.5449041363299528,-0.2526534037642879,-0.7892230723666396,-0.16821819067434496,-0.8608958573189371,-0.30214033357437986,-0.19539900121975493,-0.5068629217638042,-0.3810856382898481,-0.7566462006576037,-1.1778290081076719,-0.5036510299776108,-0.6015375726586512,694,71,0.5614617940199336,0.552993510096743
21,100,0.05,0.3,True,-0.22864163019721384,-0.9336321870894662,-0.5209267120213626,-0.24489475979827593,-0.7757568189751654,-0.16517706306140434,-0.8589335672602999,-0.29224581750737955,-0.19230481769185231,-0.49990642163722665,-0.365425199940584,-0.7447000753559607,-1.1359051922676555,-0.49070117223489423,-0.5819772366463125,674,69,0.5614617940199336,0.5362467287446111
21,100,0.1,0.0,False,-0.16792782711108956,-0.9519617910669385,-2.632333155633721e-05,-0.1764018563422379,-0.6530915777884134,-0.055780168929630225,-0.895636705052505,0.21637617352230074,-0.06227990502729588,-0.1977277936470171,-0.3917270657559315,-0.8391497949287101,-0.601960353510573,-0.4668142304547791,-0.6145728405071451,505,0,0.5614617940199336,0.5724171042546885
21,100,0.1,0.0,True,-0.1539860378808705,-0.9471376915366014,0.02422410857485367,-0.16258041386891617,-0.618254293180388,-0.03752680873899772,-0.8876777679875241,0.2465326705817764,-0.04227526033920582,-0.13654503775032756,-0.3846449331826749,-0.8355389744986805,-0.60152846428728,-0.4603554650618902,-0.6059206397768557,493,0,0.5614617940199336,0.5555677327795986
21,100,0.1,0.1,False,-0.2907365892172026,-0.9351876747758934,-0.5731047819710269,-0.31088582223549316,-0.861702279366511,-0.2573621788598275,-0.8576125803053097,-0.4487167487476629,-0.3000914221293333,-0.6808489010874379,-0.38212799708820566,-0.7648469736906325,-0.9675498584705358,-0.499613661598627,-0.6028235799405466,505,321,0.5614617940199336,0.5608171408038652
21,100,0.1,0.1,True,-0.27366934021452594,-0.9256760516328779,-0.5256951799248336,-0.295642670815322,-0.8414062045743275,-0.24193960442698925,-0.8459237695169872,-0.40268693148755935,-0.2860063910547566,-0.6546492774403969,-0.3631425365842891,-0.7507944456255903,-0.9271517937207271,-0.4836777079267082,-0.5790886832341113,493,314,0.5614617940199336,0.5439502431462564
21,100,0.1,0.2,False,-0.27250460092228357,-0.947782192534109,-0.43420984747211583,-0.28751816933137475,-0.8399360002936186,-0.2207537327436475,-0.8798469125114793,-0.2813374314623253,-0.2509001618401057,-0.6161080242504571,-0.4000517400474318,-0.8053806634763282,-0.8896374566625155,-0.49672379557842483,-0.6246254554889834,505,188,0.5614617940199336,0.5659025714466277
21,100,0.1,0.2,True,-0.26075991890530414,-0.942737107847463,-0.40652230657917393,-0.2765987641036993,-0.8244712293085581,-0.20687932235193252,-0.8714256974477961,-0.24391455761896486,-0.23740328401817173,-0.5892020415863164,-0.3923417456172502,-0.8005558088642131,-0.8946295844362704,-0.49008668886418333,-0.6153194551978236,493,184,0.5614617940199336,0.5484214362454463
21,100,0.1,0.3,False,-0.25562086269383577,-0.9540115171874284,-0.34079815212552883,-0.2679431622035813,-0.8173267105571458,-0.16661163400906054,-0.8768579056392263,-0.11002392070568708,-0.1900098441692229,-0.5031969444212294,-0.4436645185638176,-0.845081871268988,-0.9769527221814375,-0.5249959011635217,-0.6752084341615778,505,122,0.5614617940199336,0.5675604486294842
21,100,0.1,0.3,True,-0.2472749692015097,-0.9509617855328563,-0.3236276996996162,-0.26002618923635623,-0.8052127098511606,-0.15446785857222056,-0.8698267557097044,-0.08109707235373828,-0.1775846253961089,-0.47483055364842763,-0.4411403695736016,-0.8437310781655177,-0.9993335181772338,-0.5228447558584082,-0.6723764466415012,493,119,0.5614617940199336,0.5502634527475743
21,100,0.15,0.0,False,-0.1425287359025701,-0.9613565333342007,0.12211267503322697,-0.1482579365308398,-0.5875057164184306,0.06918165802660803,-0.8816098272048649,0.4457026727189503,0.07847196786127915,0.29273647632041433,-0.48086829459837044,-0.8980457212162208,-0.7344050794402784,-0.5354608159004776,-0.7155820823752832,326,0,0.5614617940199336,0.6053420810629622
21,100,0.15,0.0,True,-0.12672095980089448,-0.9570696799471786,0.14548426364889638,-0.1324051555032945,-0.5417462991282662,0.09341057740698133,-0.8709762506844073,0.4763468535754585,0.10724813372761878,0.40884756829024393,-0.4756477185673754,-0.8960703415769016,-0.7439142638891241,-0.5308151564645385,-0.7100714420153533,320,0,0.5614617940199336,0.5884332831771755
21,100,0.15,0.1,False,-0.2465720743058456,-0.9370044030273806,-0.30871011016632144,-0.26314932300125,-0.8041628785324664,-0.12165691711168114,-0.8084556620944803,0.011965362372439614,-0.15048062969402975,-0.3921966644138859,-0.470583204192644,-0.8485317961472624,-1.1438090995699206,-0.5545852333752435,-0.7046771927092512,326,385,0.5614617940199336,0.5913206516497259
21,100,0.15,0.1,True,-0.22715685872813074,-0.9270636484427018,-0.2641827156602466,-0.24502833123670947,-0.7732596272477006,-0.10036676578675141,-0.7900126016889868,0.05762825348457436,-0.1270445124193904,-0.3336736417265517,-0.45529577031947566,-0.84003263149853,-1.1242180575962886,-0.5419977191924983,-0.6881060767928691,320,378,0.5614617940199336,0.5737177687561896
21,100,0.15,0.2,False,-0.21818415143108116,-0.9535658501398677,-0.16943303033422755,-0.22880868835547982,-0.7576746253418263,-0.07573712974759095,-0.8555158111674606,0.1432116349337732,-0.08852803041037659,-0.26088677598724397,-0.47072837467955164,-0.8699594324804067,-0.9727711707716501,-0.5410923281070964,-0.7048324772165669,326,227,0.5614617940199336,0.6004391703068607
21,100,0.15,0.2,True,-0.2044185645605675,-0.9486558493794077,-0.1428290621938671,-0.21548232132263156,-0.732050859698774,-0.05621904841368086,-0.8434489097128546,0.18021732780792843,-0.0666537685522887,-0.19915817779235678,-0.4650953001069976,-0.867292166644579,-0.9909325007509716,-0.5362613868707939,-0.6987782876326313,320,223,0.5614617940199336,0.5828619779183849
21,100,0.15,0.3,False,-0.20895926037023949,-0.9605235808012306,-0.11086387005400823,-0.21754724667554126,-0.7407391482143901,-0.02537795740462867,-0.8540855978739335,0.2541793311856717,-0.02971359951250994,-0.093955617007071,-0.5118521886765303,-0.8989901698456148,-1.046627679233941,-0.5693634990073714,-0.7472441521697873,326,142,0.5614617940199336,0.6009615277960468
21,100,0.15,0.3,True,-0.19887446696869415,-0.9575359271924022,-0.09341864673151903,-0.20769400011111372,-0.7211177733484215,-0.007956817210869827,-0.8438177026904913,0.28384838455213884,-0.009429545250709622,-0.0301979027542979,-0.5105903293393979,-0.8984888172566136,-1.0784985199932573,-0.5682767771093697,-0.745989622798723,320,139,0.5614617940199336,0.5835756792636182
21,100,0.2,0.0,False,-0.10205257294456249,-0.968422695651008,0.22227231476769999,-0.10538019544859917,-0.4620071849534024,0.15107289012575897,-0.8936644383291361,0.5585885389893518,0.169048787941273,0.7160676615947936,-0.4856325000813583,-0.9075992053581501,-0.6376102636255823,-0.5350737387321991,-0.7205668131889931,192,0,0.5614617940199336,0.6156431317498215
21,100,0.2,0.0,True,-0.1013817092594056,-0.9682865918173207,0.22016888616507233,-0.10470217197692283,-0.4596883396265552,0.16429755399186496,-0.8888981664236607,0.5732986643413435,0.18483281909882865,0.7929868498215031,-0.49613049882105864,-0.9111820237192895,-0.6978841725173167,-0.5444910960775309,-0.731401767112265,192,0,0.5614617940199336,0.6004499986894851
21,100,0.2,0.1,False,-0.17732419475327488,-0.9360948046543676,-0.08195559788647538,-0.18942973924393047,-0.6750546280815191,-0.03887153506202534,-0.8229691111162152,0.21243994682824144,-0.047233285595984074,-0.1411663890504795,-0.42433165571487963,-0.833868257229249,-0.8411820085873113,-0.5088713379315282,-0.6532179906288371,192,413,0.5614617940199336,0.6010651801379407
21,100,0.2,0.1,True,-0.17073426370763178,-0.933090043180263,-0.0719682262327178,-0.18297726457964975,-0.6597760059061477,-0.02630659105535016,-0.8139196931592646,0.235147360326136,-0.03232086811075916,-0.09726476063996325,-0.4255032203918946,-0.8345160646265636,-0.8792567453012177,-0.5098802029440889,-0.6545702183679771,192,405,0.5614617940199336,0.5834094314519179
21,100,0.2,0.2,False,-0.19017938036637483,-0.9620123083743629,-0.046856695471366124,-0.1976891342354503,-0.7032299568253247,-0.02315212782212872,-0.8720643858001857,0.2705888037009453,-0.026548645030246103,-0.08598746327493878,-0.473410426495121,-0.879316923778163,-0.842238198382062,-0.5383843000098502,-0.7076943547353275,192,239,0.5614617940199336,0.6103754388925839
21,100,0.2,0.2,True,-0.19142498163978372,-0.9623475698503577,-0.05505366450984886,-0.1989145997111519,-0.7058491094626136,-0.01347127213762167,-0.8671289470622019,0.2865693249329024,-0.01553548890653668,-0.05072712619858499,-0.4860828742350479,-0.8848251749118076,-0.9296537393525385,-0.5493547064633382,-0.7210358517563364,192,234,0.5614617940199336,0.5940710484495608
21,100,0.2,0.3,False,-0.17876516330316883,-0.9677141874092552,0.007917521706393394,-0.18472929882505423,-0.6783187483087629,0.0393133813845401,-0.8681022405685116,0.3829052830155717,0.04528657979133213,0.15952229690836184,-0.5196745740780009,-0.9089480631040235,-0.9270992430929668,-0.5717318680490189,-0.7549547372109017,192,150,0.5614617940199336,0.6107074151593469
21,100,0.2,0.3,True,-0.1828486976955942,-0.968627845367709,-0.004780090716692116,-0.1887708458620467,-0.6874220234661406,0.046226292723767104,-0.8647029049104494,0.3930959316017966,0.053459162055844375,0.18940609104700412,-0.533047832161121,-0.9137476850109277,-1.0167554824455056,-0.5833643585698891,-0.7678718112629269,192,147,0.5614617940199336,0.5950440286008428
21,200,0.0,0.0,False,-0.07966589068230989,-0.9480185283204546,0.29375041346127656,-0.0840341072483562,-0.3800371072768952,0.16785522419876586,-0.8397245347484166,0.5967529000282823,0.19989319979683062,0.8141074781173641,-0.4619776691130062,-0.9099325481176106,-0.48972506734470167,-0.5077054008769172,-0.695402309660056,0,0,0.5614617940199336,0.6211537124549249
21,200,0.0,0.0,True,-0.05354812939271536,-0.9389287760812932,0.32267150480698514,-0.05703108772126835,-0.27162715060873266,0.218836637600204,-0.8111602251417078,0.6463579849438772,0.2697822585691671,1.1374178961120984,-0.46277702494976414,-0.9101890063722259,-0.5265456000468421,-0.508440578506075,-0.696269621773276,0,0,0.5614617940199336,0.5878676910197945
21,200,0.0,0.1,False,-0.17051907708569558,-0.9188635642970201,0.0009359426773579273,-0.18557605689387827,-0.6592672675412072,-0.028480058566499156,-0.7772121092070607,0.2736822204399124,-0.03664386880893495,-0.10497486937000666,-0.42248466489969005,-0.8448728395667903,-0.7117234064909758,-0.5000571034054304,-0.6510810471594466,0,402,0.5614617940199336,0.6141390587085117
21,200,0.0,0.1,True,-0.14207296210284726,-0.9014744097687326,0.047395101361895065,-0.1576006601665988,-0.5862414550780897,0.012740137361985981,-0.738687779315286,0.335684033649213,0.017246985422982405,0.0497922648359761,-0.4119438011213471,-0.8393973067376153,-0.7136733597513054,-0.4907614044205117,-0.6387652336315992,0,387,0.5614617940199336,0.579836249869261
21,200,0.0,0.2,False,-0.13291477495851844,-0.926204216081949,0.11691190360418582,-0.14350482609631995,-0.560150842113589,0.0510953347332872,-0.7782845611769598,0.41478361627595506,0.06565122486307366,0.21079361061654,-0.4416655386870918,-0.8781033816950106,-0.6337015991033366,-0.5029766971567072,-0.6729666333149167,0,240,0.5614617940199336,0.6187897177020638
21,200,0.0,0.2,True,-0.1124318263397378,-0.9155836707161523,0.143769542233268,-0.12279798115206199,-0.49684860874172543,0.09535493403795026,-0.7402524320629488,0.473319961838971,0.12881407734414788,0.41848802817192476,-0.4485678288702575,-0.8809769660981294,-0.6975104493625531,-0.509170893374178,-0.6806761005246995,0,233,0.5614617940199336,0.5846452199986134
21,200,0.0,0.3,False,-0.11075444092824493,-0.9294877811007213,0.17818340067982674,-0.1191564248398047,-0.49134784676090304,0.10321083318755564,-0.7713801963101672,0.49538002767193634,0.1338002112074643,0.45793641954965336,-0.4587105080808882,-0.8952157549606252,-0.6344967474095486,-0.5124021840981383,-0.6918450924022317,0,151,0.5614617940199336,0.6170142821462697
21,200,0.0,0.3,True,-0.09584013294536231,-0.9246908793757883,0.19472940902954974,-0.1036455912813362,-0.4402160365470613,0.14595177313779217,-0.7432795994818009,0.5470677578623877,0.19636187141359285,0.6869471987254852,-0.4726711047531936,-0.9003372997850981,-0.7174402130232922,-0.5249933606727342,-0.706906795347653,0,146,0.5614617940199336,0.5835294304258518
21,200,0.05,0.0,False,-0.16108975149977156,-0.9315269630935009,-0.13602151384941633,-0.172930852119202,-0.6363489220692751,-0.11197014481107892,-0.8862332138438525,-0.007834455452896938,-0.12634388224452983,-0.3660622221229456,-0.2748005231776398,-0.7239009591096106,-0.48785895145337543,-0.3796106631985142,-0.4600118712579446,690,0,0.5614617940199336,0.5575461167381365
21,200,0.05,0.0,True,-0.12044968956098545,-0.9100839235965708,-0.043484287081477606,-0.1323500904015302,-0.5224678269775276,-0.07672907599924517,-0.8679039535987209,0.068881292304231,-0.08840733549039827,-0.2639268722328576,-0.22674201692509088,-0.6877457732426726,-0.36706476991167786,-0.32968871019885493,-0.3893003936025048,649,0,0.5614617940199336,0.5163765491217813
21,200,0.05,0.1,False,-0.289577766629212,-0.9404661492606469,-0.8863156416526794,-0.30790876083829843,-0.8603959496072835,-0.2607872108355731,-0.8708424719321425,-0.7402699887610258,-0.29946542485113664,-0.6864617759898519,-0.35719980310003874,-0.7150491203023184,-1.2746504324534647,-0.4995458255357574,-0.5715239245618062,690,188,0.5614617940199336,0.5512264455436539
21,200,0.05,0.1,True,-0.25554683171452464,-0.922054736218607,-0.761992367691328,-0.2771493076024262,-0.8172220611018148,-0.2312877049508043,-0.8499105683236786,-0.6330228599472162,-0.2721318143001618,-0.635648230850607,-0.3159567117899069,-0.678955399373917,-1.1233129895085012,-0.4653570942675455,-0.5172503743001936,649,179,0.5614617940199336,0.5109560176031952
21,200,0.05,0.2,False,-0.2521717129764053,-0.9339010741874078,-0.656257013135178,-0.2700197268707729,-0.8123981238081028,-0.2111870223897615,-0.8653385907112694,-0.49456706742608075,-0.24405131662529378,-0.5977003095952216,-0.3450870647363312,-0.7161133982709077,-1.0756856298236925,-0.4818888538736484,-0.5559055593924682,690,113,0.5614617940199336,0.5524200486747978
21,200,0.05,0.2,True,-0.2205431512633811,-0.9160930038195109,-0.5526316133081625,-0.24074318911274276,-0.7618552840977135,-0.18123038409384717,-0.8446264097045613,-0.3953705242623142,-0.21456869215969587,-0.5358228641517354,-0.31165356368483677,-0.6876693376551363,-0.974719287726227,-0.45320264641656877,-0.5114094503445954,649,109,0.5614617940199336,0.511019920619871
21,200,0.05,0.3,False,-0.246561946533004,-0.9397556758947297,-0.5805830085004071,-0.26236813765264616,-0.8041477177717291,-0.20144346273327318,-0.8763665441653716,-0.41742095789558176,-0.2298621097238743,-0.5782895493872062,-0.3537021951507159,-0.735578361513717,-1.031973286675359,-0.48084910276975307,-0.5670415329551624,690,69,0.5614617940199336,0.5520194448238882
21,200,0.05,0.3,True,-0.21870130338468707,-0.9257440163862579,-0.4956987210877815,-0.23624382066050106,-0.7585962814614062,-0.17359403185663158,-0.8589800377297163,-0.33143840435490285,-0.20209320849345985,-0.5189846354052673,-0.3270395158866145,-0.7142621808455841,-0.9604744262835357,-0.45787040761341524,-0.532138864027769,649,66,0.5614617940199336,0.510896776874405
21,200,0.1,0.0,False,-0.20508143346094576,-0.9542995664955777,-0.07813192318631562,-0.21490257426612394,-0.7333340003433211,-0.06129425153678991,-0.8737111244799058,0.20282101969945382,-0.07015390993593741,-0.21556249390546955,-0.46344079070809474,-0.8735444724301364,-0.8169689723998595,-0.5305291319843586,-0.6969889172859851,500,0,0.5614617940199336,0.5625697607323911
21,200,0.1,0.0,True,-0.16206854299029794,-0.938096136001847,0.0007383724045942367,-0.17276325609977658,-0.6387855757630582,-0.0203065121085082,-0.8511983174772332,0.2682079566338298,-0.023856381869612114,-0.07572523502074702,-0.4229776962192703,-0.8546240684183821,-0.7208465985627229,-0.4949283689167073,-0.6516520924340948,475,0,0.5614617940199336,0.5221548523801808
21,200,0.1,0.1,False,-0.3322875956243041,-0.9503476773136501,-0.7004104993168097,-0.3496484534624025,-0.9023151013211088,-0.2665325091701358,-0.8527590316111642,-0.4726205147461989,-0.31255313551656133,-0.6957126970794842,-0.47159201873095935,-0.8257890320860859,-1.3092931184477334,-0.5710805065303863,-0.7057554833246714,500,302,0.5614617940199336,0.5550486538331425
21,200,0.1,0.1,True,-0.29344032477188886,-0.9312338329095202,-0.5907255226356883,-0.3151091749481141,-0.8647109399654345,-0.2354827259531015,-0.827359069367166,-0.3904778082515162,-0.2846197433155819,-0.6432212873170967,-0.42365947341769306,-0.7942235648127187,-1.152220245484323,-0.5334259674322226,-0.6524410119529693,475,289,0.5614617940199336,0.5162818076700838
21,200,0.1,0.2,False,-0.3020371406897876,-0.9531310700315669,-0.5211356322535876,-0.3168894081689986,-0.8739202711034539,-0.20267037785111408,-0.8504825336405859,-0.23800242261590912,-0.23830045866263802,-0.5807710899910841,-0.49402624387974425,-0.8596231801393157,-1.2392040819770889,-0.5747009332620363,-0.7292464060543122,500,179,0.5614617940199336,0.5587655453509821
21,200,0.1,0.2,True,-0.2667218362708207,-0.937721888249722,-0.4328364571353365,-0.2844359714890123,-0.8324688135412459,-0.16905694494512857,-0.8248030406868339,-0.15829925265287076,-0.2049664424179992,-0.5087688945104267,-0.45973577506546737,-0.8408116936475594,-1.1486407847464752,-0.5467761432658826,-0.692963509916912,475,174,0.5614617940199336,0.5181714650019889
21,200,0.1,0.3,False,-0.27898710642527436,-0.9543179768993012,-0.4079401696457589,-0.2923418746985554,-0.847977616288341,-0.15537906000793666,-0.8452651730128441,-0.08868834597378504,-0.18382285816190327,-0.47699957944477833,-0.5078397081236782,-0.8775336000620604,-1.22157013314739,-0.5787125508217156,-0.7432446794687151,500,116,0.5614617940199336,0.5571930770012231
21,200,0.1,0.3,True,-0.24767792647268294,-0.9416475422914163,-0.3356251369275358,-0.2630261486903906,-0.805812459383898,-0.12261007106787947,-0.820923262089924,-0.018068035949258286,-0.14935631225230006,-0.3947244388207374,-0.4818489059227731,-0.8648301991702335,-1.1606645878699495,-0.5571601296822034,-0.7166115313605703,475,112,0.5614617940199336,0.5168556419364535
21,200,0.15,0.0,False,-0.26048255104435547,-0.9777648455012463,-0.0993818306824935,-0.26640613256127077,-0.8240916115407153,-0.05269005573570118,-0.8996148666171934,0.27156586399127725,-0.058569569813614476,-0.1876030339339716,-0.5758940489302028,-0.930814388675422,-1.0485267949103305,-0.6186991262025053,-0.8069955696098761,332,0,0.5614617940199336,0.5907440957053524
21,200,0.15,0.0,True,-0.2109233647926796,-0.9676947692586567,-0.013453063467353333,-0.21796476688022848,-0.7444244842628125,0.00844494775714355,-0.8723797676670996,0.3565378309762156,0.00968035719091338,0.03280521788545365,-0.5453176114634706,-0.9209324379478911,-0.9772189150592259,-0.5921363924139744,-0.7794282729596722,319,0,0.5614617940199336,0.5502237967335243
21,200,0.15,0.1,False,-0.35471756892685846,-0.9688652583963508,-0.6156170087744242,-0.3661165119223915,-0.9197643127936213,-0.22339262232676915,-0.8559467547985862,-0.2329875330569269,-0.260988923755352,-0.6210740948966729,-0.5746645725387174,-0.9004588124656463,-1.5546206334714838,-0.63819084735832,-0.8059210963359409,332,357,0.5614617940199336,0.5815061122382778
21,200,0.15,0.1,True,-0.3087926657357236,-0.9537408673058247,-0.49731401901266875,-0.3237699844067883,-0.8807880486519538,-0.1742230902195525,-0.8176699225882347,-0.12165560915467563,-0.21307264142488025,-0.5203885236031128,-0.5375850943356096,-0.8831524077151272,-1.4408586825633987,-0.6087115764383615,-0.7721781991137433,319,344,0.5614617940199336,0.5419526866640395
21,200,0.15,0.2,False,-0.3130070527365342,-0.9722534945202657,-0.41233336085585387,-0.3219397559388354,-0.8849136525122163,-0.1433179952084871,-0.8641708133229578,-0.003744422499709838,-0.16584452170675928,-0.44774727473805354,-0.5821114844742611,-0.9173435259561912,-1.387981467117814,-0.634562154747316,-0.8123854182514798,332,214,0.5614617940199336,0.5890918174222151
21,200,0.15,0.2,True,-0.26955770999993567,-0.9605007527103583,-0.3147286609942222,-0.28064289303188245,-0.836165887542061,-0.08935847096378913,-0.8282818209253244,0.10188806899698347,-0.10788413883569399,-0.30183022742757126,-0.5554261517071897,-0.9069247467244387,-1.329571635908793,-0.6124280473250238,-0.7887367575687197,319,209,0.5614617940199336,0.5483313397447088
21,200,0.15,0.3,False,-0.2985705229166046,-0.9740124643238472,-0.32817226127971066,-0.3065366551791205,-0.8702711110402599,-0.10345440098867642,-0.8606739922469475,0.10287494684998906,-0.12020161166783919,-0.3424089192757438,-0.5978971552746982,-0.9303602899407728,-1.3744263641769972,-0.6426511984005258,-0.8257412775395668,332,134,0.5614617940199336,0.5858025300223179
21,200,0.15,0.3,True,-0.25922511022189854,-0.9644152413920681,-0.2457537642072676,-0.26878993518157657,-0.8223621025234911,-0.050056325962461345,-0.8260306650452781,0.19831304221233498,-0.060598629180089285,-0.1788992964721674,-0.5780852117110375,-0.92363130496063,-1.3407241507004004,-0.6258830862555905,-0.8089034083827616,319,130,0.5614617940199336,0.5453292129223772
21,200,0.2,0.0,False,-0.21579962064784175,-0.9765839531472327,0.03272688546361465,-0.22097395718246782,-0.7533872686906908,0.009983460222792617,-0.8958634218442818,0.380341996342713,0.01114395339664614,0.03886633517062532,-0.5550695598684344,-0.930033611387538,-0.8154698336032742,-0.5968274190008184,-0.7884116579735858,193,0,0.5614617940199336,0.6002915596761059
21,200,0.2,0.0,True,-0.1915470525700249,-0.9720944466909308,0.06501490864456229,-0.19704572248310115,-0.7061047595472422,0.05786795287768798,-0.8756000292950488,0.43937667422954435,0.0660894825737704,0.24101390645213439,-0.5556247344085423,-0.9302009450414261,-0.8624445493091671,-0.5973168887543947,-0.7889176988182478,191,0,0.5614617940199336,0.5635391347555877
21,200,0.2,0.1,False,-0.2807577912376198,-0.9566329217780714,-0.32934473511702944,-0.29348539533406587,-0.8501151265174165,-0.1544111292296637,-0.8406955694066137,-0.0256021949692571,-0.18367068276409662,-0.47469529541728683,-0.5031002594379566,-0.8747153647523208,-1.0674740010172428,-0.5751588227564877,-0.7384819009885999,193,388,0.5614617940199336,0.5918016489951178
21,200,0.2,0.1,True,-0.2541138291151104,-0.9465268445652201,-0.27746826914180195,-0.26846975400030587,-0.8151866008578873,-0.11531447875152367,-0.8105155889974714,0.049186723092578793,-0.1422729930391054,-0.3751771236119966,-0.49368743210218846,-0.8701243211639921,-1.077953067175743,-0.5673757417121356,-0.728898595028339,191,373,0.5614617940199336,0.5539254683161127
21,200,0.2,0.2,False,-0.27137506139256673,-0.9684527376938383,-0.23181483158062605,-0.2802150800242333,-0.8384994880723691,-0.10038078408345041,-0.8576802234497232,0.12174315675323594,-0.11703754072782896,-0.3337134939371791,-0.5478585943322656,-0.9099069374850691,-1.0564740638142187,-0.6021039864214196,-0.7817862156235142,193,228,0.5614617940199336,0.5981841193909336
21,200,0.2,0.2,True,-0.2522627513439474,-0.9633798211657268,-0.20316805084468154,-0.2618518115095038,-0.8125296080775483,-0.05914335522766967,-0.8309645355523229,0.19208821785728092,-0.07117434342532857,-0.20864090896206544,-0.5532299131419296,-0.911948338358122,-1.1368626719936978,-0.6066461112676279,-0.7867306785766356,191,221,0.5614617940199336,0.5604609257283634
21,200,0.2,0.3,False,-0.2548915991043912,-0.9711451682421693,-0.15625426280626267,-0.26246498200239227,-0.8162936692302576,-0.05234509601847426,-0.8551755218606407,0.22769897155903096,-0.06120976884907191,-0.18646693989476026,-0.5685593651393318,-0.9258875006429409,-1.06205983195761,-0.6140695978123922,-0.8005433217519894,193,143,0.5614617940199336,0.5952202284970884
21,200,0.2,0.3,True,-0.2405546023900592,-0.967797800196691,-0.13867680632730847,-0.24855874061830885,-0.7949824134055266,-0.01215061069965484,-0.8301412520495579,0.290234191624538,-0.014636799062395553,-0.045840117767959154,-0.5795937498611521,-0.9294799669464908,-1.1609156658210342,-0.6235677695832671,-0.810211615249579,191,138,0.5614617940199336,0.5582044921568644
28,0,0.0,0.0,False,-0.5823205924476169,-0.9994116359598014,-0.3868035710865281,-0.5826634106459805,-0.9934465262503597,-0.21729847111615852,-0.9673474475991221,0.2697042018522646,-0.22463332244838782,-0.6095330772246592,-0.8894331333856099,-0.9949292171272396,-1.9677599352692097,-0.8939662420948504,-0.9853493744489568,0,0,1.0,0.9710278213621403
28,0,0.0,0.0,True,-0.5199026132906002,-0.9988874500739495,-0.28555734390907833,-0.5204816751397876,-0.9853847503533085,-0.10463968315959227,-0.9536102305827787,0.3790854382379611,-0.10973003414156321,-0.345739620009331,-0.8716576749869076,-0.9932509395674556,-1.8773750630164399,-0.8775805189436822,-0.9805004553143596,0,0,0.9900332225913622,0.880438923890553
28,0,0.0,0.1,False,-0.4806167283081437,-0.9941534478201143,-0.4666060649057776,-0.48344320422767195,-0.9770108755835835,-0.24773453466998918,-0.9210169930993636,0.051407189115683496,-0.2689793310287625,-0.6646731377941195,-0.765906253985339,-0.9699863695216419,-1.785280787952209,-0.7896051718366445,-0.938253748556652,0,703,1.0,0.9762449802699429
28,0,0.0,0.1,True,-0.4228150612281597,-0.9904223639646174,-0.37786831925918896,-0.4269037903542985,-0.9577880014242175,-0.15175430335843265,-0.8882748297785603,0.17106181560415568,-0.17084161148218482,-0.46833179117926504,-0.7472877693114195,-0.9652416086956656,-1.754467016601192,-0.7741976336072293,-0.928492477083328,0,651,0.9900332225913622,0.8866994847874343
28,0,0.0,0.2,False,-0.5454582777773451,-0.9978425527492311,-0.5003897582835312,-0.546637619606933,-0.9893340368320234,-0.23336637879034838,-0.9289421747308974,0.14129894521794845,-0.2512173363836685,-0.6394154561470484,-0.8509274185177516,-0.9889947538857998,-2.069070598667032,-0.8603962914610253,-0.9740142381784269,0,376,1.0,0.9794280543668131
28,0,0.0,0.2,True,-0.4823629211037359,-0.9960993011191712,-0.39764210795397176,-0.4842518417207754,-0.9774524388877848,-0.12037353902791315,-0.8969840368900867,0.2705340249828357,-0.13419808388704169,-0.388780811093668,-0.8327339549381196,-0.9862750939831761,-2.014034401201262,-0.8443221977501587,-0.9675925340446074,0,364,0.9900332225913622,0.8881571688149338
28,0,0.0,0.3,False,-0.5615499577282921,-0.9987655256133905,-0.48337854560117827,-0.562244033586779,-0.9913333294847356,-0.24010844676542853,-0.9509974699185061,0.1609470816055735,-0.2524806367634229,-0.6514362380862,-0.8643646793183496,-0.9914234983270326,-2.045555650347358,-0.871842033981354,-0.9783200926532102,0,222,1.0,0.9725858980976692
28,0,0.0,0.3,True,-0.4962150005842987,-0.9976566177439408,-0.37449356403322553,-0.4973805533475222,-0.9807132592689529,-0.13086772442283923,-0.9300028005818499,0.28131747518188016,-0.14071755949655498,-0.4162997167893807,-0.8426855390750083,-0.9886025141154053,-1.9529826290377152,-0.852400764759371,-0.9711891342896617,0,217,0.9900332225913622,0.8821488871270387
28,0,0.05,0.0,False,-0.4958556034549195,-0.9966582204526905,-0.976547126083877,-0.4975181995987529,-0.9806338876381078,-0.40164353924321583,-0.9764390159717049,-0.6701812619651484,-0.4113349965266593,-0.8607186452714407,-0.6527783327683121,-0.9369553440679494,-1.6461317688297603,-0.696701648484297,-0.8684860021707063,1199,0,1.0,0.9995907382266253
28,0,0.05,0.0,True,-0.44977654309211756,-0.9946980429734336,-0.8477125829814991,-0.4521739499432495,-0.9679528389295092,-0.35512042677168665,-0.9698891633510183,-0.561358820828933,-0.36614537020367033,-0.8143431021834735,-0.611327255574882,-0.9217332522787698,-1.4718165013807085,-0.6632366295384466,-0.8367320316410365,1103,0,0.9900332225913622,0.8881475760798082
28,0,0.05,0.1,False,-0.5289165579992923,-0.9949357255091529,-1.73479365122035,-0.5316087707360414,-0.9868960627421786,-0.48244666865231844,-0.9697049725366185,-1.488672244021332,-0.49751902105885104,-0.920189905158434,-0.6174445384335723,-0.8999057038536016,-2.289566210496516,-0.6861213744834974,-0.8416245350028402,1199,349,1.0,0.9908898143627891
28,0,0.05,0.1,True,-0.49971843211962375,-0.9928398751855793,-1.6511691442177112,-0.503322282484089,-0.9814729974656953,-0.4522115287369839,-0.9623281723529373,-1.4157832986694852,-0.4699140498311564,-0.90075624981686,-0.5909576929762677,-0.8861934269704743,-2.177153605472458,-0.6668495556286234,-0.819928111618647,1103,311,0.9900332225913622,0.8849620655265713
28,0,0.05,0.2,False,-0.525992483017594,-0.9955123051897709,-1.5450235595400579,-0.5283636176825821,-0.9864206737532021,-0.44929661260618337,-0.967186017767197,-1.2070098876834265,-0.46454002058819016,-0.8987138553770072,-0.6578355230630708,-0.9228416328041689,-2.2746521290212742,-0.7128368505267322,-0.872134935886431,1199,178,1.0,0.9993491789586466
28,0,0.05,0.2,True,-0.4877599427527419,-0.9929849454502543,-1.4291619648152605,-0.49120577808113136,-0.9787731299924964,-0.4134760160963219,-0.9582066506284578,-1.123148289941989,-0.43151027581068857,-0.8709974547224073,-0.6192666289387583,-0.9053016247902925,-2.085558160460949,-0.6840445349716539,-0.8430680396993382,1103,170,0.9900332225913622,0.8880216657220467
28,0,0.05,0.3,False,-0.5369655537521087,-0.9967309838006494,-1.4843080657735528,-0.5387266599304434,-0.9881341443255273,-0.4541057042280995,-0.9732368465620387,-1.1356730204444525,-0.4665932098977026,-0.9020670117793567,-0.6770346632907336,-0.9352956559270329,-2.2419975035089665,-0.7238723488132531,-0.8855396221606769,1199,103,1.0,0.9970829042660921
28,0,0.05,0.3,True,-0.4981634860595575,-0.9948781389192329,-1.3637585163491992,-0.5007281460629218,-0.9811389114024278,-0.417931008844846,-0.966252656671657,-1.0494635642821128,-0.43252766857526315,-0.8747181138244498,-0.6383145687453953,-0.9196026275268389,-2.0435146687375165,-0.6941199923080537,-0.8577790446312328,1103,99,0.9900332225913622,0.8852780360948279
28,0,0.1,0.0,False,-0.5898746287437113,-0.9987682534966928,-0.8724723945549195,-0.5906021008162375,-0.9941003801613623,-0.39765997976709133,-0.9716125571052115,-0.32679072334931997,-0.4092783454259438,-0.8571257032419901,-0.8231919562582789,-0.9836009458641436,-2.1669117579895243,-0.8369165968370057,-0.9639543229663249,843,0,1.0,0.9858667456170144
28,0,0.1,0.0,True,-0.5308554993706689,-0.9976062764539387,-0.7286173061790873,-0.5321292697331775,-0.9872036414678083,-0.3274942380408893,-0.9611761709760467,-0.2074125624131587,-0.3407223856874524,-0.7819099175853879,-0.7876452972206214,-0.9766976693119718,-1.95945510766088,-0.8064371626641363,-0.9487806870351125,775,0,0.9900332225913622,0.8825949779223707
28,0,0.1,0.1,False,-0.5900928936193186,-0.996958836343433,-1.3904811239337536,-0.5918929369076208,-0.9941184386396847,-0.5009859556635925,-0.9657958582021315,-0.9970968710005119,-0.5187286230406893,-0.9306176053987194,-0.7385055777978573,-0.9542629825922216,-2.369653956792985,-0.773901525333963,-0.9236507703425156,843,549,1.0,0.9783226415795302
28,0,0.1,0.1,True,-0.5437618827493619,-0.9943653872888361,-1.267991075671347,-0.5468431320120094,-0.9891027500835871,-0.44695837439544694,-0.9492492683196945,-0.8766708691756175,-0.47085458931838475,-0.897053189857665,-0.7063974802177058,-0.9428878500499285,-2.2318832325986593,-0.7491850490811819,-0.9046621555163079,775,502,0.9900332225913622,0.8792716584631621
28,0,0.1,0.2,False,-0.6059431862102438,-0.9979173309150866,-1.2836145905360639,-0.6072077991215926,-0.9953133540092481,-0.46297081722121347,-0.9611074480934643,-0.7487273110193239,-0.48170557635319794,-0.908032215841693,-0.8020372088950959,-0.9749007768520469,-2.5523872666335476,-0.8226859880908832,-0.9552305059969872,843,288,1.0,0.9888645402249203
28,0,0.1,0.2,True,-0.5528092235825148,-0.9958311265513737,-1.1409668096707413,-0.5551234630483265,-0.9902899433229118,-0.3986921805286896,-0.9420084680149556,-0.6154476646388326,-0.42323630207787033,-0.8580631906942542,-0.769179467381414,-0.9663053787278924,-2.373446765761793,-0.7960003993706546,-0.9398988910500033,775,276,0.9900332225913622,0.8849840033457388
28,0,0.1,0.3,False,-0.6151703356597533,-0.9984951043069192,-1.2217272033476656,-0.6160974981312088,-0.9959111488399283,-0.4552778646291956,-0.9659806720267039,-0.6534907963667484,-0.47131156741882485,-0.9028717026342604,-0.8215060459265067,-0.9804885739230793,-2.5651243767931726,-0.8378537677798119,-0.9632922794304605,843,169,1.0,0.9839050014372386
28,0,0.1,0.3,True,-0.5598469786356548,-0.997060165948726,-1.0702649184067279,-0.5614976886604905,-0.9911376721844867,-0.39193450789064843,-0.9532292443619563,-0.5282354229970769,-0.4111650059089298,-0.8518421988321268,-0.7856237352304802,-0.9722759436333024,-2.3414386692035634,-0.8080254791604524,-0.947841489896698,775,164,0.9900332225913622,0.8804977445029949
28,0,0.15,0.0,False,-0.6456690036027859,-0.9995322804862908,-0.8348489831695614,-0.645971136908811,-0.9974584978805131,-0.40105376583179897,-0.9756038403142668,-0.1814875994010581,-0.41108260265007707,-0.8601909649480503,-0.8847318034797302,-0.9937571694959558,-2.3857625998614576,-0.8902897313721778,-0.9841313944904779,543,0,1.0,0.9878191654444926
28,0,0.15,0.0,True,-0.5721334108064118,-0.9988612622383444,-0.6504567059570191,-0.5727856634707409,-0.9924709481844445,-0.2860054633515354,-0.9606446729017194,-0.0018229605801779757,-0.2977224268444944,-0.7255717134806388,-0.8571375562418755,-0.9905781167624277,-2.1829174409388763,-0.8652902196581075,-0.9760505834401624,499,0,0.9900332225913622,0.8826614184518398
28,0,0.15,0.1,False,-0.6121509451379575,-0.9977099848073885,-1.2057436857121953,-0.6135559976941951,-0.9957229123693571,-0.4583773397562835,-0.9516689973009362,-0.6355348395463732,-0.481656270253948,-0.9049759426066373,-0.8120207202257603,-0.978428878370025,-2.5874438515747404,-0.829923092190936,-0.9594601482739824,543,635,1.0,0.9851599755707725
28,0,0.15,0.1,True,-0.5477088082740453,-0.9948800062715681,-1.0275187283795995,-0.5505275056503042,-0.9896346003142891,-0.3663075512869336,-0.9185437077767957,-0.439409278689276,-0.3987916396199903,-0.8264041887016513,-0.7821758268040353,-0.9713842613541801,-2.4342474817182485,-0.8052177268279244,-0.946220793631798,499,586,0.9900332225913622,0.8830582339750218
28,0,0.15,0.2,False,-0.6301643441033391,-0.9987016664581646,-1.09915506435692,-0.6309835712382248,-0.9967475997681706,-0.42137984359552416,-0.953649632809807,-0.43057210023145653,-0.44186022738139397,-0.8775434978714405,-0.8590655189304071,-0.9883424896766742,-2.6672369100551974,-0.8691982059897488,-0.9766665848438759,543,343,1.0,0.9944505264100708
28,0,0.15,0.2,True,-0.5576011051585601,-0.9969799023953873,-0.9021851758881949,-0.5592902162007914,-0.9908740731921636,-0.3082310897752599,-0.9237312719346126,-0.2156878439446603,-0.3336804751989369,-0.7569400127221655,-0.8311855764087741,-0.9835203802782978,-2.49297370135768,-0.8451127125332991,-0.9670147571894387,499,331,0.9900332225913622,0.88882188717955
28,0,0.15,0.3,False,-0.6493129242131815,-0.9992552476167433,-1.077101120938507,-0.6497968619747699,-0.997605380362502,-0.43582109444856254,-0.9668292139933404,-0.40387177490263865,-0.4507736093828506,-0.8888653948513227,-0.8741200370738794,-0.9912808041360481,-2.6610213293001013,-0.8818086998423416,-0.9812116179801846,543,199,1.0,0.9869940921169564
28,0,0.15,0.3,True,-0.5767003385649759,-0.9981800472511161,-0.8767133071273598,-0.5777518195771881,-0.9929221528660959,-0.32754069938231933,-0.9461964700124383,-0.20424309114567782,-0.34616563236387216,-0.7819677450752237,-0.844128272698176,-0.9868638034805219,-2.445932879050461,-0.8553645089839764,-0.9716937338779473,499,194,0.9900332225913622,0.8818104110461413
28,0,0.2,0.0,False,-0.6478945428965193,-0.9997027570743462,-0.7252954497218697,-0.6480871822266431,-0.9975490645596914,-0.35564445666650346,-0.977429955217767,-0.035679626279178915,-0.3638567191111587,-0.8149215083625785,-0.9022843629770128,-0.9957130817990509,-2.304699419454561,-0.9061690355084705,-0.9884403472757175,320,0,1.0,0.9804817680922473
28,0,0.2,0.0,True,-0.5843495926598042,-0.9993530658855694,-0.5823443777823797,-0.5847278730685508,-0.9936277570675376,-0.24699173940517405,-0.9656380289836164,0.11051300846261729,-0.2557808743977757,-0.6634004550916193,-0.8822688778919182,-0.9938715862784933,-2.1600115066475793,-0.8877091266845989,-0.9834747641427677,301,0,0.9900332225913622,0.8771292592269552
28,0,0.2,0.1,False,-0.5665720051741447,-0.9970699960336274,-0.895408286859026,-0.5682369416670686,-0.9918896502847959,-0.37541351561226677,-0.9411938944190557,-0.3314038676236377,-0.3988694761391198,-0.835785490390752,-0.8027010335260859,-0.9772119576876407,-2.229956005625361,-0.8214195776170229,-0.9555179731795156,320,682,1.0,0.9828506664579276
28,0,0.2,0.1,True,-0.5105657988228616,-0.9947720472264349,-0.7752154642248963,-0.5132490405680289,-0.9836702584777145,-0.2851555036250635,-0.9125123560638608,-0.176243242830593,-0.3124949505945181,-0.7243156510380857,-0.7830868224921587,-0.9726695889874187,-2.1695999624673865,-0.8050902704867929,-0.9466513156763295,301,630,0.9900332225913622,0.8821801767290512
28,0,0.2,0.2,False,-0.6216832411407263,-0.9990623762294913,-0.9192438697950598,-0.6222666931838513,-0.9962939543324462,-0.3639224844156316,-0.9536713012351175,-0.213135099080463,-0.38160158950396095,-0.8238828832998727,-0.8751792032270307,-0.9915035835359061,-2.537167141883774,-0.8826788100008286,-0.9815136280925622,320,360,1.0,0.9894237690051784
28,0,0.2,0.2,True,-0.5575473437215293,-0.9980489390035868,-0.77045897873713,-0.5586372791279782,-0.9908676846870872,-0.25445593097379093,-0.9280339241057703,-0.03934278887695575,-0.27418817821662944,-0.6760282212732657,-0.8546249498036681,-0.9886184788508773,-2.4256327461964498,-0.8644638635493068,-0.9752362618141164,301,348,0.9900332225913622,0.8854286861449434
28,0,0.2,0.3,False,-0.6372898743589979,-0.9994618722426227,-0.8878631418499452,-0.6376330023765965,-0.9970923212008718,-0.3726865798242118,-0.9671344017971432,-0.18223900079941002,-0.38535138356331883,-0.8330164523368094,-0.8873557027278124,-0.993641663886521,-2.5023986617721015,-0.8930339125042496,-0.9848169113127574,320,212,1.0,0.9814218948636918
28,0,0.2,0.3,True,-0.5720378381572163,-0.9988249734952976,-0.7338175508453443,-0.5727107885132484,-0.9924612579069725,-0.267024364760688,-0.949691279830792,-0.020532328704839495,-0.28116965000275057,-0.6964951757452789,-0.864435784990389,-0.9909300681697883,-2.3518950858911936,-0.8723479211676061,-0.9783418842748157,301,207,0.9900332225913622,0.8782774536128933
28,20,0.0,0.0,False,-0.19525813592913832,-0.9516383618059949,0.09809660221692977,-0.20518102649685374,-0.7137896232655804,0.13254302702256227,-0.742305297160107,0.548070540803453,0.17855594932387261,0.6124313420400849,-0.6217899513851927,-0.9443090155060992,-1.0554271150190564,-0.6584602510142789,-0.8450566297607032,0,0,0.5249169435215947,0.686648389474324
28,20,0.0,0.0,True,-0.16275163796285164,-0.9450776856429283,0.1454783072530754,-0.17220979866023722,-0.6404781009472338,0.17916668556524895,-0.72800355659533,0.5967477431397625,0.24610688222892985,0.8824832174450534,-0.607075304209,-0.9400795608959724,-1.0098309528691503,-0.6457701342112021,-0.83328944773793,0,0,0.5249169435215947,0.6624959780655676
28,20,0.0,0.1,False,-0.17714893221763195,-0.9035763756468933,-0.04925955530373603,-0.19605308083758446,-0.6746557586784702,0.0671698083536123,-0.6539563834265705,0.40792768798270723,0.1027129791159145,0.2834245541430498,-0.5370662489811562,-0.8866901785589271,-1.2307526911284408,-0.605697753249067,-0.7716877091557736,0,383,0.5249169435215947,0.648632451786451
28,20,0.0,0.1,True,-0.1517176784170584,-0.8909387226364636,-0.0011070388723115995,-0.17028968947280218,-0.6123220416046213,0.09899426304141201,-0.6323160398455141,0.4554369449790315,0.1565582031820639,0.4366634515298933,-0.5217311126356838,-0.8793823560164016,-1.180187703415198,-0.5932926776005873,-0.756962898150447,0,376,0.5249169435215947,0.6262826219046498
28,20,0.0,0.2,False,-0.22719435422804402,-0.9331882724498204,-0.07858194840731468,-0.24346036157485118,-0.7733229713752535,0.042918737489353376,-0.6934985663515723,0.395140703966946,0.061887276444051835,0.17503771124591894,-0.6036948016524837,-0.9229276028578939,-1.2891588349264975,-0.6541085127187777,-0.8305279093038034,0,209,0.5249169435215947,0.6687448633813615
28,20,0.0,0.2,True,-0.19771785662448027,-0.9252842766466465,-0.02604903191424155,-0.2136833637128647,-0.7187910794750962,0.08232970205069967,-0.676971400939758,0.44871935761332776,0.12161474168097978,0.35482840540196303,-0.5882766377519473,-0.9170745264176636,-1.2379335395549846,-0.6414709173636214,-0.8176577620382197,0,208,0.5249169435215947,0.6441835269547876
28,20,0.0,0.3,False,-0.22784449556361186,-0.9472894516450938,-0.0484644176572489,-0.2405225722380099,-0.7744189839563057,0.08173229199671694,-0.699514078683185,0.45812257031615045,0.11684152540657311,0.35196025252183283,-0.6340063466780678,-0.9370256094782672,-1.3200037219043237,-0.6766158152615278,-0.8545123949765141,0,129,0.5249169435215947,0.6747533926107493
28,20,0.0,0.3,True,-0.1968120821430217,-0.940201418912384,0.004961989090871403,-0.20932970125772843,-0.7169578000470027,0.12593220419156625,-0.6831693155663271,0.5141759515376316,0.18433527578324005,0.576602925893432,-0.6197669240825265,-0.9322429934299878,-1.271154116372355,-0.6648126383897264,-0.8434632788382495,0,129,0.5249169435215947,0.6504804040144784
28,20,0.05,0.0,False,-0.27684498962978143,-0.952699301629538,-0.5287963258489501,-0.29059010451278156,-0.8453581173077598,-0.24038280639794374,-0.8956275737065109,-0.41458712412661997,-0.26839594208017875,-0.6519190450905245,-0.3636937668493607,-0.7985600149213101,-0.8328212736728756,-0.4554369866430127,-0.5797870990219212,642,0,0.5249169435215947,0.536271595159469
28,20,0.05,0.0,True,-0.25726094613999295,-0.9448305274378128,-0.474188474460348,-0.2722826355300268,-0.8196324494548642,-0.2233325832640778,-0.8863449643913437,-0.37071154739274226,-0.2519702736929758,-0.6209616396797376,-0.34049279412777467,-0.7842384483447099,-0.7556226501972092,-0.43416998343609897,-0.5499116647313902,624,0,0.5249169435215947,0.5217987552627376
28,20,0.05,0.1,False,-0.3115192513609093,-0.9382507015477378,-1.0954589213283723,-0.33202133592549127,-0.8834708908148555,-0.29099227904171965,-0.8609596340092805,-1.0003207932006437,-0.33798597233489225,-0.7328561323517429,-0.36326292456299447,-0.7340778159258232,-1.3547739534032228,-0.49485615377825465,-0.5792412637158699,642,187,0.5249169435215947,0.5254907005646546
28,20,0.05,0.1,True,-0.2978564958875044,-0.9308521018009396,-1.042878107485152,-0.31998262163369995,-0.8695087526315634,-0.2797126849591067,-0.8522756548626724,-0.9617025483886535,-0.32819508965579564,-0.7161712526819315,-0.3455637173310374,-0.7197211324839559,-1.273725862070725,-0.48013557159062686,-0.556525219910565,624,182,0.5249169435215947,0.5115481126006898
28,20,0.05,0.2,False,-0.3049905933610306,-0.939951673884673,-0.9561779815400239,-0.32447475953795824,-0.8769619349156611,-0.2740967186283704,-0.8600965744760469,-0.840153248451851,-0.3186813280768435,-0.7075826552284293,-0.3787981261854121,-0.7578462438358475,-1.2624686024772733,-0.499835064521955,-0.5987083879226536,642,99,0.5249169435215947,0.5312767625582339
28,20,0.05,0.2,True,-0.28935182292631867,-0.9319402208296395,-0.9023878188758528,-0.3104832439453354,-0.8601400614254339,-0.26276317318853804,-0.8519564120063894,-0.80795021274279,-0.3084232590840192,-0.6896665470809269,-0.35614788801690134,-0.7406300931330767,-1.1661967764707097,-0.4808714786490704,-0.5701781805919106,624,98,0.5249169435215947,0.5167189400201035
28,20,0.05,0.3,False,-0.3193980276874664,-0.950257922652661,-0.9480735693436598,-0.33611719520934,-0.890944397423217,-0.2789767814980022,-0.8725911315630313,-0.8051248170942186,-0.3197107687747001,-0.7150565825306477,-0.4116719613507356,-0.7931869639596247,-1.3135218943499338,-0.519009993930877,-0.6384449158864058,642,54,0.5249169435215947,0.5318271385442904
28,20,0.05,0.3,True,-0.30108081710420964,-0.9449263691798315,-0.8833710517718036,-0.3186288656178989,-0.872922171935967,-0.26297389720148046,-0.8682983933494755,-0.753299938362441,-0.3028612044150563,-0.6900068805794276,-0.3902203676606034,-0.7784833952346563,-1.2231837477281553,-0.5012571495413596,-0.6127398146562875,624,54,0.5249169435215947,0.5172903563533476
28,20,0.1,0.0,False,-0.33605991622831544,-0.9617695568331299,-0.4502650818397361,-0.3494183339872785,-0.9054509156358903,-0.2083164096461254,-0.8430244778493577,-0.1319856224365043,-0.24710600358552107,-0.5920517502014354,-0.5653425859358826,-0.9079548030947783,-1.273902181785049,-0.6226549867998974,-0.7976815362239557,464,0,0.5249169435215947,0.5551220143492787
28,20,0.1,0.0,True,-0.3063457031587279,-0.9538045870863583,-0.38168968166643036,-0.32118287886886737,-0.8783370800356471,-0.17607690608547666,-0.8281859879872141,-0.0688755692998622,-0.21260551209445844,-0.5245081207688274,-0.5423334581239182,-0.8983835521827561,-1.1915645829037873,-0.6036769671553298,-0.7766436021867313,451,0,0.5249169435215947,0.538475780751809
28,20,0.1,0.1,False,-0.37025877988213973,-0.9571004583842994,-0.9388713643281198,-0.38685466780277283,-0.930274134351158,-0.3026893875115537,-0.8529871598236413,-0.6815217146555677,-0.3548580820069273,-0.749380836024881,-0.5140510611910335,-0.8498918991659249,-1.6415388506517374,-0.6048428767182249,-0.7494231475163807,464,288,0.5249169435215947,0.5375901381453058
28,20,0.1,0.1,True,-0.34769307092754276,-0.9474581270358682,-0.8680381332027217,-0.36697460394931,-0.9146021743529591,-0.2793421937714229,-0.8331775147039211,-0.6148185841585673,-0.33527332272125737,-0.7156104749285824,-0.49431757318775615,-0.8379840731750432,-1.56065642732621,-0.58988898358752,-0.7295453025490661,451,282,0.5249169435215947,0.5215929969305713
28,20,0.1,0.2,False,-0.39121597687501064,-0.9660833030365678,-0.8998576567319462,-0.4049505623845799,-0.9426221192577757,-0.3029824680446125,-0.8592478162864478,-0.6041101807876695,-0.3526136026205589,-0.7497849102847587,-0.5663063144947198,-0.8870555593473468,-1.6796174455584718,-0.6384113244399043,-0.7985409576756185,464,154,0.5249169435215947,0.5469726784364393
28,20,0.1,0.2,True,-0.3653336230616433,-0.9568930332316706,-0.8237954252605009,-0.3817914964098118,-0.9270746676464707,-0.2769297698837224,-0.8379585290590998,-0.5360440149647233,-0.33048147405895195,-0.711938954555892,-0.5433482028459886,-0.8753111162155923,-1.5850177067884388,-0.620748660425055,-0.7775923899348403,451,153,0.5249169435215947,0.5299528006407151
28,20,0.1,0.3,False,-0.38989120007643774,-0.96756932306672,-0.8289056473078383,-0.4029594477434174,-0.9418993280306609,-0.27451345743017785,-0.8450128957902041,-0.4693834155909725,-0.3248630391296807,-0.7082264978455227,-0.5986482967681176,-0.9077069934804545,-1.7286705558860977,-0.6595171140774164,-0.8263650293686355,464,93,0.5249169435215947,0.5485184846580836
28,20,0.1,0.3,True,-0.36270010977537515,-0.9583121194401533,-0.7508701413712321,-0.3784780578453551,-0.9253147296774703,-0.2451721596166836,-0.8195377001865038,-0.3956226369212693,-0.29915909855140194,-0.6602677526501777,-0.5774022479526482,-0.8981099742711517,-1.6388083943096066,-0.6429081788354825,-0.8083097268988539,451,93,0.5249169435215947,0.531781631134981
28,20,0.15,0.0,False,-0.32496150102303,-0.9639130942805825,-0.27366037794205555,-0.3371273851877335,-0.89597937926281,-0.08784588969533158,-0.7688738826017238,0.1924162242330668,-0.11425266442667775,-0.297368519260099,-0.6559308576354048,-0.9491585248655681,-1.435186866886113,-0.6910656549476876,-0.8707664236746613,301,0,0.5249169435215947,0.6033887713673847
28,20,0.15,0.0,True,-0.29376727355895027,-0.9585509463464801,-0.2123127958452197,-0.3064701721683601,-0.8650710666000785,-0.04653562774352327,-0.7574150067501317,0.2540531062101989,-0.061440065655941234,-0.1671569169301046,-0.6393717964298682,-0.9443624227922585,-1.3728510418539435,-0.677040700687132,-0.8585752466540049,296,0,0.5249169435215947,0.5812361800023876
28,20,0.15,0.1,False,-0.34219965726937596,-0.9450681230283262,-0.6394084071819217,-0.3620899371495565,-0.9103766158749015,-0.1815249676187365,-0.7301086298344273,-0.1698173529788119,-0.2486273414682174,-0.5364635630718136,-0.5980368892481771,-0.907339292909663,-1.796780682811413,-0.6591105377244135,-0.8258573944041046,301,345,0.5249169435215947,0.5762482037009619
28,20,0.15,0.1,True,-0.31683635179065395,-0.9316958647326365,-0.5717092207293368,-0.3400641387214643,-0.8885592830633424,-0.1513663686369876,-0.6898955421255243,-0.10245475859278717,-0.2194047640467968,-0.46739788163475915,-0.5811359879214929,-0.8997235022406481,-1.7261130426820042,-0.6459050880345427,-0.8115446002066441,296,339,0.5249169435215947,0.5552367145779309
28,20,0.15,0.2,False,-0.3638237160115374,-0.9564879309568598,-0.593846045271238,-0.38037460195401757,-0.9260698625504623,-0.17829001895403562,-0.7373746015747289,-0.10419453349524367,-0.24179029027211063,-0.5293918243787359,-0.6439354095178302,-0.931048182006312,-1.780256583980427,-0.6916241521789092,-0.8619875642059864,301,190,0.5249169435215947,0.5892184208623313
28,20,0.15,0.2,True,-0.3358728650935906,-0.9490198757827019,-0.5250626348333309,-0.3539155223873265,-0.9052974116093404,-0.14387701828290245,-0.7188242828017603,-0.03457826625973643,-0.20015603496603263,-0.449129220546969,-0.6267990417912799,-0.9245436508855378,-1.7108084553180012,-0.6779550551138662,-0.8489682383956328,296,189,0.5249169435215947,0.5667382707803386
28,20,0.15,0.3,False,-0.3632946492274177,-0.9626604148293598,-0.5342675806335779,-0.37738608924915124,-0.9257150868833781,-0.14669500421669246,-0.7407529607732886,-0.005286923794907068,-0.19803498870062466,-0.45605658919016845,-0.6702982200458549,-0.9440659871173653,-1.7991689683736563,-0.7100120427943393,-0.8809171958818627,301,116,0.5249169435215947,0.5928743232660909
28,20,0.15,0.3,True,-0.3339824300238665,-0.9571569286816847,-0.4644566575578434,-0.3489317373315874,-0.9037344285139755,-0.1082721138075271,-0.7281841070796823,0.06737623991953445,-0.1486878287439461,-0.35586925830100613,-0.6544306187947966,-0.9387894833486294,-1.7326997493502698,-0.6971005005940899,-0.8696835862704904,296,116,0.5249169435215947,0.5706452356099188
28,20,0.2,0.0,False,-0.3217861527661138,-0.9713828317231653,-0.2020881603673598,-0.33126604903577267,-0.8931297752491621,-0.03719044095181556,-0.7762480437885573,0.30011632714306286,-0.047910511658494935,-0.1353861907242775,-0.6868298533080905,-0.9583681311601514,-1.4211405141974855,-0.7166659981448356,-0.8921044776349351,174,0,0.5249169435215947,0.6370190113310814
28,20,0.2,0.0,True,-0.2927873487148547,-0.9674880121247802,-0.1494197715057077,-0.30262633236337494,-0.8639893242122654,0.005761573495767225,-0.7638314234076851,0.35730836177649467,0.007542990926012297,0.02229643780425916,-0.6745786480410931,-0.9551887041970963,-1.3764663250115663,-0.7062255291305232,-0.8838644936380589,172,0,0.5249169435215947,0.6140782259824531
28,20,0.2,0.1,False,-0.3122281281091125,-0.9405304863404198,-0.46095894078345573,-0.3319702366310147,-0.8841601606570402,-0.11889481001856539,-0.6942127342257892,0.02386056497688718,-0.17126567139561494,-0.3848274315274647,-0.6035428382663719,-0.9110519934403569,-1.6273379798678083,-0.6624680507939458,-0.8304032602547043,174,369,0.5249169435215947,0.6043081174620072
28,20,0.2,0.1,True,-0.29012089714072165,-0.9327148129522194,-0.40937620785187495,-0.31104995129479496,-0.8610094792081356,-0.09106216969081293,-0.6750925368084141,0.07778246629891129,-0.13488842599463613,-0.30683055380551905,-0.5903402135673945,-0.9052845111763913,-1.578515465582576,-0.6521046215628546,-0.8194064293380776,172,362,0.5249169435215947,0.5827932341069831
28,20,0.2,0.2,False,-0.35315702284053074,-0.9619501189862053,-0.46678932640056126,-0.36712612834095937,-0.9186403972279504,-0.12683081319879874,-0.7314458406310707,0.05825968947528283,-0.17339740846618626,-0.4058245737588625,-0.6685568144975995,-0.9405189392212416,-1.717602796298792,-0.710838226236221,-0.8797080350044055,174,200,0.5249169435215947,0.6206481241418069
28,20,0.2,0.2,True,-0.3269646502387483,-0.9574739230666163,-0.4086080355282341,-0.34148674168748067,-0.897744514998339,-0.0908486898820311,-0.7211489367766989,0.12205725153318454,-0.12597770758436555,-0.3062054501145257,-0.6555907685866775,-0.9359763689811545,-1.6688370070716187,-0.7004351715634795,-0.8705213343444582,172,199,0.5249169435215947,0.5972973225932842
28,20,0.2,0.3,False,-0.35172772124323615,-0.9689693054547447,-0.41140581340771365,-0.3629916027919663,-0.917599620871868,-0.08439262241696954,-0.7395725919958238,0.15969151062556391,-0.11410999181192762,-0.28710332058785004,-0.6977689556854061,-0.953729473956492,-1.7496396959643494,-0.7316214657713698,-0.8992163690531687,174,124,0.5249169435215947,0.6256926619835514
28,20,0.2,0.3,True,-0.32414203827281995,-0.9647828881980016,-0.35208995981940916,-0.3359740748286329,-0.8952500652910834,-0.04382844324899382,-0.7254083464274143,0.2263599440606341,-0.060418994990677814,-0.1580437076764737,-0.6859456877236624,-0.9501957926158009,-1.7029706059580358,-0.7218993107044996,-0.8915195203986053,172,124,0.5249169435215947,0.6026309323806271
28,50,0.0,0.0,False,-0.09790009478570971,-0.9326211770862088,0.25326334252071286,-0.10497305571762724,-0.44752103651867337,0.22135235310430446,-0.7363049100742292,0.6434964382339361,0.3006259364506876,1.15440121758252,-0.541805854071199,-0.9225222748453156,-0.7388334723052546,-0.5873092377764499,-0.7761495279386785,0,0,0.5382059800664452,0.6045541475737692
28,50,0.0,0.0,True,-0.08566091352829042,-0.9271837582008375,0.26903393373070045,-0.09238828093204733,-0.4029364115594736,0.23945348200473426,-0.7209858089982351,0.6613693574485733,0.3321195493950706,1.2795589898401754,-0.5367274598825962,-0.9208670325301523,-0.7329108450923101,-0.582850119422667,-0.7713671627764931,0,0,0.5382059800664452,0.5973501113410207
28,50,0.0,0.1,False,-0.034376421423561565,-0.8106007472008439,0.2292053072409719,-0.04240857356999705,-0.18245826388007924,0.16489665464255232,-0.6096848425426817,0.5536753235921584,0.27046211933833425,0.7965306996475061,-0.37191972622479885,-0.8007768807007236,-0.6333835564672397,-0.4644486313083224,-0.5901435240747928,0,411,0.5382059800664452,0.5827065030324892
28,50,0.0,0.1,True,-0.023440011286986917,-0.7991134235687525,0.24725152355156232,-0.029332521010980408,-0.12767743717404456,0.18218358860205686,-0.6090116064586018,0.577878868653045,0.29914633263141427,0.9010372816755339,-0.3691906426184961,-0.7991134235687525,-0.6353736393539267,-0.46200030149628996,-0.5867213375315825,0,409,0.5382059800664452,0.5750252731192385
28,50,0.0,0.2,False,-0.10945476218224048,-0.8958457332777096,0.14787119015206082,-0.12218036891437628,-0.4870516364976363,0.1256516610745093,-0.670988621344978,0.5119934447799912,0.1872634752324772,0.5750956199851696,-0.4792750684248198,-0.8788360253223353,-0.8007030619380391,-0.545352095971525,-0.7139056996402514,0,228,0.5382059800664452,0.5933650307047353
28,50,0.0,0.2,True,-0.09932199554678522,-0.8888335206402069,0.16339075051641253,-0.1117442054562094,-0.45251725677291454,0.14234987862469128,-0.6704265444050088,0.5334776406097753,0.21232733073095156,0.6666856065287499,-0.4769252673240637,-0.8777852745250551,-0.8053611097707573,-0.5433279426817846,-0.711424650178148,0,227,0.5382059800664452,0.5859346205544794
28,50,0.0,0.3,False,-0.13572764889503686,-0.9307856008265357,0.12692701520887137,-0.14582052921157243,-0.5683050248135242,0.13770034541968235,-0.7207729523696823,0.5334357931114874,0.1910453839409005,0.640797541912562,-0.5359086696211421,-0.9092467636077239,-0.9049816573463678,-0.5893984901246776,-0.7705915731810088,0,138,0.5382059800664452,0.5955127830805865
28,50,0.0,0.3,True,-0.12418828160918116,-0.9252917606729726,0.14455821683052844,-0.13421526797002706,-0.5340395653557737,0.15457244386840419,-0.704540989252506,0.5540500093161534,0.21939453662220604,0.7361800107998151,-0.5310737122230293,-0.907424852082352,-0.9001569094363805,-0.585253655996224,-0.7659860971290875,0,138,0.5382059800664452,0.5883418351102606
28,50,0.05,0.0,False,-0.2692702890633565,-0.9535227237360131,-0.47617571144865123,-0.28239525116750663,-0.8357942810388209,-0.20807422827675537,-0.8866732539175848,-0.30651048085660737,-0.2346684388611271,-0.5915725378869374,-0.39598185812106657,-0.8177060914070376,-0.8767728830015726,-0.48425939623330355,-0.6197266787397854,670,0,0.5382059800664452,0.5373874905682464
28,50,0.05,0.0,True,-0.2585358975122364,-0.9494508444621427,-0.44629363319190885,-0.27230045559514476,-0.8214081999808158,-0.20179652298454764,-0.883186059273845,-0.28933371138958386,-0.22848698851798524,-0.5790047539570857,-0.3788378364784044,-0.8076540099606203,-0.8239297207906277,-0.46905956239463953,-0.5987575831363634,662,0,0.5382059800664452,0.5306537065637525
28,50,0.05,0.1,False,-0.31786007497647484,-0.9424517492438856,-1.0884066804481627,-0.33726933525402125,-0.889517564675081,-0.28962663719595827,-0.8623139574471131,-0.975484633614214,-0.335871447626106,-0.730875685172568,-0.3830910642505949,-0.7497318095853477,-1.3722407586359149,-0.5109708022959172,-0.6040099930075341,670,189,0.5382059800664452,0.5302812525337425
28,50,0.05,0.1,True,-0.3088441958430628,-0.9379313610328444,-1.0519677482478818,-0.32928230004268694,-0.8808392209963753,-0.283915340924884,-0.8580162720317809,-0.9511012627492864,-0.33089738525887513,-0.7224753301235014,-0.3684838617691836,-0.7382437315015046,-1.3144523526996899,-0.4991357813763334,-0.5858328362813284,662,188,0.5382059800664452,0.5232716530512794
28,50,0.05,0.2,False,-0.30418134975429145,-0.9422554729299513,-0.9226321516639688,-0.3228225873906967,-0.8761346192348093,-0.2655292161884999,-0.8602064337748635,-0.7929532937204645,-0.30868080702822925,-0.6941119638030564,-0.39109219864498157,-0.7669536543501407,-1.2427812345807951,-0.5099293763406916,-0.6138009782876506,670,105,0.5382059800664452,0.5322362618440643
28,50,0.05,0.2,True,-0.2939460142103427,-0.9371894060939695,-0.884347673768349,-0.31364632623778244,-0.8652676101958476,-0.2596441247328374,-0.8558578699487734,-0.7697071739729985,-0.3033729475997903,-0.6845966929293059,-0.373879052799708,-0.754155431953297,-1.1785647906346808,-0.49575861547710953,-0.5925920597116683,662,105,0.5382059800664452,0.5255250519505147
28,50,0.05,0.3,False,-0.32275483795816884,-0.9564352356666046,-0.9288817377688757,-0.3374560303952197,-0.8940058410824341,-0.2723880300447604,-0.8811112092643779,-0.7645123115954549,-0.3091414876814151,-0.7049318182524695,-0.4308002220367051,-0.8058899105997049,-1.3204726633074686,-0.534564605376588,-0.6606524857228064,670,59,0.5382059800664452,0.5321637089640291
28,50,0.05,0.3,True,-0.31282714143067236,-0.9526268633766833,-0.8920876512368933,-0.32838370767944186,-0.8847399762512606,-0.266577275964231,-0.8774253635402127,-0.7423051343818411,-0.3038176089287549,-0.6957839769017253,-0.41476667249965815,-0.7952682601454522,-1.2587683395095792,-0.5215430984556061,-0.6420834835122164,662,59,0.5382059800664452,0.5254345948288082
28,50,0.1,0.0,False,-0.2822085543369137,-0.9603622842713079,-0.28760617974503755,-0.2938563487538919,-0.8518478722897453,-0.12492313912608377,-0.8474443635572946,0.049650835390841606,-0.1474116113082601,-0.40082639238619955,-0.5504264206670262,-0.9018016714413138,-1.1058105049573455,-0.6103630522078114,-0.7841567442152806,475,0,0.5382059800664452,0.5493000915795724
28,50,0.1,0.0,True,-0.2739483027581421,-0.9576624084205739,-0.27108828560154696,-0.28605936742359106,-0.8417566663641166,-0.11502895214972042,-0.8407166342887532,0.06814139297942846,-0.13682250054090458,-0.3744027353462004,-0.545064237782634,-0.8995431721484093,-1.0982926571206382,-0.6059344950402311,-0.7791924861904949,471,0,0.5382059800664452,0.5425296154497412
28,50,0.1,0.1,False,-0.3185445461118358,-0.9367068924818558,-0.7172745833530605,-0.340068540830136,-0.8901544744389291,-0.24224475254881772,-0.810571415464208,-0.472553001070962,-0.29885676687733437,-0.6551825686472137,-0.47849594668450923,-0.8281230449303754,-1.3513795509519926,-0.5778077902961134,-0.7130841961459398,475,307,0.5382059800664452,0.5353063987590476
28,50,0.1,0.1,True,-0.31218125464824065,-0.9332267611444095,-0.7011950126503544,-0.3345181124739875,-0.884114687947584,-0.23366356541026345,-0.8022041944967977,-0.4481042278450136,-0.2912769180380996,-0.6399516907487495,-0.47568679038709616,-0.826343073159227,-1.3563961024521174,-0.5756529047535643,-0.7101128726700863,471,305,0.5382059800664452,0.5279881691073304
28,50,0.1,0.2,False,-0.33139817041249,-0.9519865883992288,-0.6569493929930595,-0.34811222600282427,-0.9015633678279067,-0.22903982525937516,-0.8289721708002677,-0.3656441537459135,-0.276293744623859,-0.6315416801185432,-0.5303511096778306,-0.8684162582818589,-1.3813344431781232,-0.6107107100080298,-0.7652940291809507,475,170,0.5382059800664452,0.541101110876811
28,50,0.1,0.2,True,-0.32515702140557723,-0.9493475169367759,-0.6428435318125343,-0.34250579013968374,-0.8961527690355234,-0.2203123198914424,-0.8214205582765861,-0.3425787817426363,-0.26820891889250664,-0.6152726642753845,-0.5278218248080275,-0.867053861231383,-1.3904216100899731,-0.608753214083401,-0.7628639210369073,471,169,0.5382059800664452,0.5340606800814736
28,50,0.1,0.3,False,-0.340938304126135,-0.9632503922655168,-0.629304149733112,-0.3539456686067526,-0.909382388841763,-0.20815123810145664,-0.842432087833188,-0.2688901091034486,-0.24708370099819033,-0.5917249648963798,-0.5752854306233731,-0.8971289266971388,-1.4806131578047592,-0.6412516791107588,-0.8064640381178128,475,102,0.5382059800664452,0.5418009159257635
28,50,0.1,0.3,True,-0.33346173816225433,-0.9607837868508955,-0.6111841639388328,-0.3470726116801182,-0.9033002044560717,-0.19919063322174557,-0.8354774425112101,-0.2466279720369841,-0.23841533366003823,-0.5737047473031063,-0.5704364628109564,-0.8948647029229826,-1.4760291312080003,-0.6374555404271561,-0.8022042524270604,471,102,0.5382059800664452,0.535017631861838
28,50,0.15,0.0,False,-0.2443855436914959,-0.9605001630204933,-0.0893860912449793,-0.2544357128716923,-0.800867174155719,0.03881509790010784,-0.7823175746989522,0.38655892896510946,0.04961552591355817,0.15738994519491767,-0.6278825353992001,-0.9409133377942124,-1.232739652573504,-0.6673117599450212,-0.8498080425520709,311,0,0.5382059800664452,0.5691565936539835
28,50,0.15,0.0,True,-0.22950495765860834,-0.9558052315805209,-0.06288317388467139,-0.24011686698878873,-0.7771983431863168,0.056712205987077935,-0.7675668320862478,0.41109254719643207,0.07388569127320689,0.23581777950672222,-0.6187011603734218,-0.9380857975629799,-1.2089847213913485,-0.6595357929740795,-0.84262073857791,307,0,0.5382059800664452,0.5622937970302819
28,50,0.15,0.1,False,-0.2561083186053531,-0.9151854018028481,-0.3718316617441507,-0.27984309856870365,-0.8180145377854556,-0.07200781983900861,-0.6676777188410553,0.08957362291205895,-0.10784816956899307,-0.24937413096851746,-0.5476964873086041,-0.88380931341123,-1.4742874387019744,-0.6196998368286768,-0.7816361482238612,311,370,0.5382059800664452,0.5518172758134323
28,50,0.15,0.1,True,-0.24325983876927293,-0.9063947850057861,-0.34062747996829007,-0.26838177226242543,-0.7991526378888644,-0.05600364678940273,-0.6451350607481985,0.12347614779939439,-0.08680918182380637,-0.1984563825039264,-0.5398495577286202,-0.8799126886626871,-1.4569116219788318,-0.6135262790096786,-0.7743129968250788,307,368,0.5382059800664452,0.5444096037129633
28,50,0.15,0.2,False,-0.2745387306778482,-0.9451703052299301,-0.332201637142619,-0.2904648285697693,-0.8424963130303561,-0.06441134438243468,-0.7443605539828304,0.1422609119324944,-0.08653245263708641,-0.22551371981829715,-0.5926302985910019,-0.9107392213168812,-1.45054380747299,-0.6507134915460098,-0.8213375971021298,311,208,0.5382059800664452,0.5586633340294765
28,50,0.15,0.2,True,-0.2619279228844257,-0.9394493793809495,-0.3042755847246038,-0.2788100440888291,-0.8260623912681977,-0.04827980893714279,-0.7270235928765805,0.17320357328805389,-0.06640748582328163,-0.17298959364751576,-0.5854237081031781,-0.9076862919170808,-1.4381205969366773,-0.6449625970077533,-0.815226921052773,307,207,0.5382059800664452,0.5515570659862321
28,50,0.15,0.3,False,-0.29453631100215516,-0.960376131543471,-0.33349766135177333,-0.3066884956093092,-0.8659150217706904,-0.05545712937192193,-0.7721758292936087,0.18005873497048525,-0.07181930237657719,-0.1966737454617129,-0.6339341318878058,-0.9324574629648411,-1.5296096294358636,-0.679853137613537,-0.8544573366391912,311,124,0.5382059800664452,0.5592468990303148
28,50,0.15,0.3,True,-0.28085066830753425,-0.9557399840924568,-0.30336654041929323,-0.29385677379001984,-0.8502265553424537,-0.03917524245652071,-0.7567291695775912,0.20939860575986957,-0.051769171893279155,-0.14220758738760964,-0.6252335524648734,-0.9293451754123412,-1.5059608353973029,-0.6727678466587654,-0.8477508870532102,307,124,0.5382059800664452,0.5523736490412309
28,50,0.2,0.0,False,-0.23167694384925142,-0.9680381488359828,-0.01416455693061505,-0.23932625395789545,-0.7807911423864252,0.08921478882998835,-0.7964713349711559,0.4715596693624713,0.11201255451738167,0.38820928279784894,-0.6441688349027322,-0.9488821674384389,-1.1517254263620755,-0.6788712624262953,-0.8621610292683388,184,0,0.5382059800664452,0.5795166455730034
28,50,0.2,0.0,True,-0.22018791468273413,-0.9651859642201941,0.004327006524218515,-0.228130042131965,-0.761229567929376,0.10750113830446906,-0.7830401352824203,0.49405783484914434,0.13728688155390203,0.4798195534414045,-0.6401437470053477,-0.947767470256744,-1.1476460902676429,-0.6754227878616017,-0.8591552540915983,183,0,0.5382059800664452,0.5718198850946045
28,50,0.2,0.1,False,-0.20809161564919798,-0.9126573461744338,-0.1842327950780369,-0.22800629011693285,-0.739097222886471,-0.012351188595734142,-0.6836173983083056,0.23965085037057463,-0.018067399434681827,-0.046583536691675365,-0.518227051222373,-0.8737373155338936,-1.1862604969860056,-0.5931153929321566,-0.7535365241181081,184,396,0.5382059800664452,0.5607519683778173
28,50,0.2,0.1,True,-0.19802461301545915,-0.9060665443263898,-0.16325843324756414,-0.21855416056960747,-0.7194097227906548,0.004244872755782225,-0.6627196229214993,0.27048484656187527,0.0064052317284183395,0.016391743850824758,-0.516015015927427,-0.8726231651062581,-1.1925649913985228,-0.5913377464195471,-0.7513617138151953,183,394,0.5382059800664452,0.552574901048745
28,50,0.2,0.2,False,-0.2568450706019919,-0.9551964451261854,-0.21483508594412712,-0.2688924062819995,-0.8190500727376848,-0.014015867598626497,-0.7561317026424277,0.26819774107150735,-0.018536278203447523,-0.052736961009987815,-0.605720339123102,-0.922871583889238,-1.3351439398292184,-0.656343038075165,-0.8321851817315268,184,219,0.5382059800664452,0.569259453173593
28,50,0.2,0.2,True,-0.2473693279671082,-0.9518050944335374,-0.1965403450257383,-0.2598949400605267,-0.8053532876748929,0.0025509265011083304,-0.7400249471457492,0.29596186416313824,0.00344708176521233,0.009826866783018584,-0.6038639421515695,-0.922173635515819,-1.3441961844783181,-0.6548267255697431,-0.8306665964246809,183,218,0.5382059800664452,0.5613268726420275
28,50,0.2,0.3,False,-0.2747509272833567,-0.9691182248492787,-0.21188089322782616,-0.2835060988829171,-0.8427614391495649,0.00795666516016813,-0.7846805914138553,0.31952179722655183,0.010140005050757826,0.030887060214389583,-0.6507449290106779,-0.9443046795006307,-1.4252308551854604,-0.6891260237689454,-0.8670049875448247,184,133,0.5382059800664452,0.569860252235062
28,50,0.2,0.3,True,-0.2640652060941403,-0.9664042993867623,-0.19121219464757302,-0.27324506550902605,-0.8289431358979316,0.024888340724734226,-0.7704631056721054,0.3459537896737192,0.03230309218119295,0.0989562703993545,-0.6470301477259472,-0.9431630414088459,-1.4234155911791067,-0.686021524719044,-0.8642788667347657,183,133,0.5382059800664452,0.5621958299021141
28,100,0.0,0.0,False,0.004139389681176997,-0.9474914691619349,0.39766263984093986,0.004368788338367126,0.024074364816460525,0.3139000160954384,-0.8532593088910161,0.7352871798432666,0.367883494296025,1.85157240924406,-0.45384916762053573,-0.8914987375910663,-0.5088463455054485,-0.5090855976385218,-0.6865155919201561,0,0,0.5614617940199336,0.5889133318593464
28,100,0.0,0.0,True,0.018461805350459493,-0.9430293196071367,0.4127550632639959,0.01957712763177992,0.11109970904364053,0.3132554895993809,-0.8535354124034127,0.7345372225622879,0.36700936486900515,1.8462069638989727,-0.4295614162658836,-0.8820564332048119,-0.4722184791234306,-0.486999924375746,-0.6592346632404634,0,0,0.5614617940199336,0.5796621739220967
28,100,0.0,0.1,False,-0.030771206033780585,-0.8812737541532976,0.2458831526358733,-0.03491673942263795,-0.1647232214300418,0.13733461557604376,-0.7697224040411721,0.5175435785916694,0.17842096690315096,0.6387738954592497,-0.33367170929511325,-0.7768608285307732,-0.5094855401833526,-0.42951285100339665,-0.54094165987903,0,414,0.5614617940199336,0.5796541343914646
28,100,0.0,0.1,True,-0.020073033684256836,-0.8735258577830689,0.26066016140515114,-0.022979323972389797,-0.1102143141984041,0.13678381082020286,-0.7701501716313867,0.516470455709649,0.17760667446253722,0.6357296811176489,-0.3106732483941068,-0.7618567225423147,-0.4789032288529125,-0.4077843499987644,-0.5100741078275033,0,410,0.5614617940199336,0.5701556665800288
28,100,0.0,0.2,False,-0.07077355181041667,-0.9255898882749927,0.22209029379513368,-0.07646318602541805,-0.3447377707681335,0.1314929927824462,-0.8106519279350347,0.5241017998103055,0.16220647635711782,0.6067006936555512,-0.41445679531759483,-0.8482645906762168,-0.6006994040594795,-0.488593771180758,-0.641719942864419,0,236,0.5614617940199336,0.5835849892598296
28,100,0.0,0.2,True,-0.05955495789170684,-0.9202654492356312,0.23610753953462862,-0.064714977554762,-0.2978502750574046,0.13094916554886016,-0.8110010031363772,0.5230437714038295,0.16146609565517375,0.6037386388428543,-0.3923866888107561,-0.8371068116093897,-0.5726068973973739,-0.4687414836063374,-0.6153740178138024,0,235,0.5614617940199336,0.5741102007729508
28,100,0.0,0.3,False,-0.0776254990815689,-0.9459947820101526,0.23134371852227759,-0.08205700555411288,-0.37207982264639594,0.16847745962384075,-0.8340545847862892,0.5751384094933197,0.20199812182197874,0.817820285167574,-0.4651244626597073,-0.8808501176126703,-0.6816049332269687,-0.5280404161383481,-0.6988097817691548,0,145,0.5614617940199336,0.5847996007682917
28,100,0.0,0.3,True,-0.06466941074600985,-0.9414775771652323,0.24756697131350924,-0.06868927345112985,-0.3195581557974969,0.16791112572924538,-0.8343630910627906,0.5741726329155297,0.2012446709685641,0.8144408066396291,-0.4417034037766575,-0.8706434771429195,-0.6464903158865516,-0.5073298260111472,-0.6730091665365294,0,145,0.5614617940199336,0.5755928220781898
28,100,0.05,0.0,False,-0.1943480160993023,-0.9540600641742798,-0.23482856205876806,-0.20370626902563696,-0.7119205084125608,-0.10618560991687387,-0.8983954699452852,-0.004610545556024697,-0.11819472990368136,-0.3500649835342692,-0.36446068290422906,-0.7990253783231286,-0.8039638411041139,-0.456131548248321,-0.580757868082546,693,0,0.5614617940199336,0.5540460345887305
28,100,0.05,0.0,True,-0.17789443291876927,-0.9483875843901844,-0.19421928911516279,-0.18757566615884774,-0.6763496034282458,-0.0983811372605512,-0.8949477525467214,0.01353225631792219,-0.10992947574938475,-0.3280109248914308,-0.3363315890168376,-0.7816200587239746,-0.7207041294180803,-0.43030061122780305,-0.5444495858000884,680,0,0.5614617940199336,0.5412246040906317
28,100,0.05,0.1,False,-0.27937029948315617,-0.941427549924195,-0.8659179154018284,-0.2967517781964756,-0.8484423164231287,-0.24090734146919368,-0.8682221864104567,-0.6877609876356838,-0.27747199419677515,-0.6528407239997356,-0.3629876741116592,-0.7338573132874877,-1.3095746507507295,-0.49462977003740677,-0.5788923706298104,693,201,0.5614617940199336,0.5496963202679609
28,100,0.05,0.1,True,-0.26532272992420125,-0.9345396064439664,-0.812859087007914,-0.28390742146690345,-0.8306195899173943,-0.2341991658822158,-0.8636959297461532,-0.6604439066607217,-0.2711592793438875,-0.6409166227890015,-0.33674950405260407,-0.7124368509924899,-1.210992105691746,-0.4726727759568881,-0.5449995734671972,680,199,0.5614617940199336,0.5364231634449383
28,100,0.05,0.2,False,-0.25999041861921557,-0.9428427481067283,-0.701371353654494,-0.27575162363107564,-0.8234163878458498,-0.2064265465003885,-0.8693635420664543,-0.4965618042752986,-0.2374455984313743,-0.5883011565620648,-0.37255083734265315,-0.7531542831309382,-1.1973212769639308,-0.49465407777264675,-0.5909329790051878,693,114,0.5614617940199336,0.5495926124422595
28,100,0.05,0.2,True,-0.2448632238965286,-0.9357782414208977,-0.6489791043816441,-0.2616680032276933,-0.8015910539232096,-0.19943024801491294,-0.8648872338395278,-0.4710040421440367,-0.23058526038079485,-0.5741941381305424,-0.34485270507023413,-0.7318335388599373,-1.0989584622405648,-0.47121741046119797,-0.5556007340104043,680,114,0.5614617940199336,0.5368042445058894
28,100,0.05,0.3,False,-0.27750518712911443,-0.9578702724875681,-0.702135220257163,-0.2897106164579464,-0.8461693885633228,-0.21350595295217012,-0.893204506850465,-0.4714797348833071,-0.23903367181275767,-0.6022209113490289,-0.40847656770867535,-0.7910273861477708,-1.2576432121317447,-0.5163873904516985,-0.6346694946056008,693,66,0.5614617940199336,0.5506502456466249
28,100,0.05,0.3,True,-0.26277295218870167,-0.9526767853047394,-0.6524127528373614,-0.2758259214898856,-0.8272061206763579,-0.20659301639803063,-0.8895563117384095,-0.447421021570064,-0.2322427638046855,-0.5886325502291225,-0.382424591755266,-0.7730203156738044,-1.1639186103578385,-0.49471480115231514,-0.6031891391864999,680,66,0.5614617940199336,0.5378437724054049
28,100,0.1,0.0,False,-0.2234281148849976,-0.9688019951389086,-0.12255833231852727,-0.23062309533431757,-0.7668868731204279,-0.046928991233807005,-0.8940965134779029,0.22204007085910288,-0.0524876123845514,-0.16847500292001205,-0.5200041142713021,-0.8886627991529277,-1.0196672282581085,-0.5851534628961282,-0.7552770574253973,495,0,0.5614617940199336,0.5605038194283793
28,100,0.1,0.0,True,-0.2029871659867255,-0.9637666668072781,-0.08390728150939174,-0.21061857914133103,-0.7292626360104578,-0.03550238983716092,-0.889139407959443,0.24076927348924046,-0.039928935237094246,-0.12955317619712703,-0.4932876140892355,-0.8764750094967256,-0.9508523447574806,-0.562808532752671,-0.728487882509433,486,0,0.5614617940199336,0.5512367352686202
28,100,0.1,0.1,False,-0.3047982543163511,-0.948002293306508,-0.6281001236034102,-0.32151636812317685,-0.8767657154455553,-0.23518817894227395,-0.8562605609612338,-0.3986066498741893,-0.27466893801374304,-0.6426933905866794,-0.456442382061952,-0.81391344720648,-1.2633821307577395,-0.5607996570502147,-0.6893639821606339,495,319,0.5614617940199336,0.5513693850157189
28,100,0.1,0.1,True,-0.28765696769578375,-0.9401721000169434,-0.5817132755573026,-0.30596203364320185,-0.8582081995602773,-0.2260180966081362,-0.849532016432032,-0.3729805325571615,-0.2660501219923347,-0.625967616170882,-0.42898046410228674,-0.7954655796064514,-1.18870824833898,-0.5392822456435142,-0.6585687847491404,486,316,0.5614617940199336,0.5414729844094099
28,100,0.1,0.2,False,-0.2987347361741124,-0.9602562039043787,-0.5190068111032413,-0.3110989910395414,-0.870445918042555,-0.1902184743525398,-0.8701104926408567,-0.21593289286069622,-0.2186141598812481,-0.5550786687031501,-0.5087817820954204,-0.8565826393748943,-1.303760577610554,-0.5939669550934542,-0.7441863985755592,495,182,0.5614617940199336,0.5542930262548201
28,100,0.1,0.2,True,-0.2818265044905738,-0.9544113227138675,-0.4774513616636297,-0.29528830786416116,-0.8513931779629418,-0.18050585026786692,-0.8640281360856301,-0.19175027630668187,-0.20891200497894175,-0.5342442669797605,-0.4847929667832874,-0.8428499982810485,-1.2446929628043646,-0.5751829717885734,-0.719691481363486,486,181,0.5614617940199336,0.5448316160915077
28,100,0.1,0.3,False,-0.3076146836976119,-0.9699377043135327,-0.48833616954470654,-0.3171489079448915,-0.879613282853577,-0.16683675926749775,-0.8820623906016681,-0.11989673730737253,-0.1891439438356462,-0.503711864493962,-0.5551471004430408,-0.8875710471997024,-1.4076298816825503,-0.6254677889669078,-0.7884823709425859,495,112,0.5614617940199336,0.5560682565922778
28,100,0.1,0.3,True,-0.28950745068143424,-0.9651189840216617,-0.44442360259800884,-0.29997073467051016,-0.8603163561372875,-0.1568449253562587,-0.8765404007268113,-0.09690487431726205,-0.1789363333694668,-0.48047501856112673,-0.530623454466654,-0.8753843443249621,-1.3389363101932739,-0.6061605486854296,-0.7655549804983213,486,112,0.5614617940199336,0.5468410307641473
28,100,0.15,0.0,False,-0.19776964929240948,-0.9741369245495897,0.014179811556815986,-0.20302038071686068,-0.7188956100612685,0.0887061767993973,-0.8791128560032196,0.4632703861254233,0.10090419699091788,0.38572279977127977,-0.5945130745146083,-0.9303345300480247,-1.1317556211317183,-0.639031504596437,-0.8229178479878295,321,0,0.5614617940199336,0.5717566972846853
28,100,0.15,0.0,True,-0.16383320502542953,-0.9671674283369299,0.07057173983182105,-0.16939487437779524,-0.6431445268307965,0.10850230739498068,-0.870455563961705,0.4882229354792613,0.12465002452411707,0.4849608706659383,-0.5570581211684189,-0.9174715558249332,-1.0208070173840633,-0.6071666392616902,-0.7902215472484195,313,0,0.5614617940199336,0.5617008855230485
28,100,0.15,0.1,False,-0.27343444573682973,-0.9512745031306062,-0.39387272413679514,-0.2874401078100674,-0.8411106084937046,-0.11189717628913931,-0.8152659311616249,0.020583206927723783,-0.13725236393688564,-0.3658622587148179,-0.5398648451720909,-0.8799203398827986,-1.438747057403884,-0.6135383178481798,-0.7743273762038688,321,375,0.5614617940199336,0.5635508515459071
28,100,0.15,0.1,True,-0.24413158985646188,-0.9388150415550185,-0.3226344287849846,-0.2600422650366694,-0.8004814431606628,-0.09574588668878536,-0.8020339404276696,0.0546981200013092,-0.11937884653326598,-0.32044072510437116,-0.500215270324751,-0.859293519528174,-1.3100514366293625,-0.5821238714792265,-0.735562204271701,313,372,0.5614617940199336,0.5529002873891729
28,100,0.15,0.2,False,-0.2671550040414914,-0.9650169958119257,-0.29762398440205345,-0.2768396880064461,-0.8330379448401858,-0.06669807230064695,-0.8475727061139687,0.14978946816535316,-0.0786930393339948,-0.23275443983210686,-0.577990660007744,-0.9044859911678491,-1.3974330276825526,-0.6390266578495675,-0.8088212697657341,321,217,0.5614617940199336,0.5667065819008313
28,100,0.15,0.2,True,-0.23788767422715962,-0.9561673253907641,-0.23322029864832067,-0.2487929339458868,-0.7908014590009323,-0.04972116317870423,-0.8366523747028567,0.1815003306315465,-0.05942870023689716,-0.17778675276549605,-0.5421510133367751,-0.8883245124985577,-1.287032918863649,-0.6103073884698812,-0.7764728110581433,313,216,0.5614617940199336,0.556482911155985
28,100,0.15,0.3,False,-0.2803893979777675,-0.9746020666855357,-0.2800179530385642,-0.2876962891442726,-0.849672473453474,-0.052640897782678886,-0.8682514784955553,0.19884179627760978,-0.06062863016817582,-0.18744120832846012,-0.6137533055179474,-0.9251360181038559,-1.4507393984625072,-0.6634195334604812,-0.8386808699636441,321,132,0.5614617940199336,0.5667863961827484
28,100,0.15,0.3,True,-0.2501669349381931,-0.9678120798437276,-0.21550033642385524,-0.25848709697711925,-0.809483300792281,-0.03541132817107229,-0.8588143429386021,0.22877320644330393,-0.041232809468348494,-0.12923769016040465,-0.5784484458728771,-0.911463442726081,-1.3339215714862651,-0.6346370230086301,-0.8092187987588428,313,132,0.5614617940199336,0.5567727865331905
28,100,0.2,0.0,False,-0.15362977278639167,-0.9766672657919527,0.13241828019510274,-0.15730001216106848,-0.6173275808706022,0.17214328501081688,-0.8872003386223071,0.5772768354964902,0.19402977830027696,0.8398080300761721,-0.5891969192352248,-0.932667625814458,-0.9731292491454291,-0.6317330021192756,-0.8184386017643241,185,0,0.5614617940199336,0.5723432800936757
28,100,0.2,0.0,True,-0.14102789269277072,-0.9745943554034641,0.14869802524842876,-0.14470419606974613,-0.5833304665192185,0.17172793882160908,-0.8873536817038485,0.5765372455860779,0.1935281752501059,0.8373069424901745,-0.5702497487773974,-0.9265859291223585,-0.9373615942860827,-0.615431047304512,-0.802039338134913,185,0,0.5614617940199336,0.5607852930559724
28,100,0.2,0.1,False,-0.19655083461787115,-0.9436484274745466,-0.1366072733805299,-0.2082882023593186,-0.7164272062299544,-0.023379619122408712,-0.820118028313506,0.23125360946156442,-0.028507627335649058,-0.08680421816430928,-0.4853982681369674,-0.8567219610081285,-1.0534468579266545,-0.5665761941783141,-0.7203227251440454,185,402,0.5614617940199336,0.5660181594201978
28,100,0.2,0.1,True,-0.1871970122006792,-0.9397641001600402,-0.12220483634849243,-0.19919574728253597,-0.6968804660215189,-0.023718508122476778,-0.8203574980964357,0.22973706621746443,-0.02891240486923494,-0.08801991973572376,-0.4668272586718294,-0.8466416116770212,-1.0289926334097679,-0.5513870948855697,-0.7006459857752154,185,398,0.5614617940199336,0.5542104320243566
28,100,0.2,0.2,False,-0.22429454350943723,-0.9680907633868531,-0.1284148069666125,-0.23168751525398884,-0.7683807156928195,0.007461961705707898,-0.8526109803342748,0.3129047926961635,0.008751894917870234,0.028946366820210123,-0.5704841602005613,-0.9091115767335007,-1.1937390359434785,-0.6275183099640523,-0.8022463703744147,185,228,0.5614617940199336,0.5688663697115862
28,100,0.2,0.2,True,-0.21445411452633545,-0.9656881009973698,-0.11409232496907061,-0.22207389146127582,-0.7509405321550343,0.007115229206238638,-0.8528055898912238,0.31166635213964017,0.008343319146332276,0.027587766315062545,-0.5536061893163632,-0.9021387581487252,-1.171843776799805,-0.6136596885078033,-0.7870750192352609,185,227,0.5614617940199336,0.5570948286752698
28,100,0.2,0.3,False,-0.23549099779702642,-0.9776667837806867,-0.1120604393654007,-0.24087040871570872,-0.7869843081807967,0.03225427564683048,-0.8740532992565859,0.3664103301363055,0.036901955148803754,0.12958320923538702,-0.6098874128511886,-0.931140462029227,-1.2568399863363642,-0.6549897010404487,-0.8355701156224733,185,140,0.5614617940199336,0.5687316260287149
28,100,0.2,0.3,True,-0.22427686783834477,-0.9757131394668257,-0.09509537888292159,-0.22985943180072363,-0.7683503196410774,0.03189468774588189,-0.8742216192615964,0.365310163375016,0.036483526651767614,0.12807359087844938,-0.5921661286267826,-0.9250166207543566,-1.2253947727785224,-0.6401680957298558,-0.8209469778198261,185,140,0.5614617940199336,0.5572243012247563
28,200,0.0,0.0,False,-0.17897425288361268,-0.9612831125812621,0.14207835209638514,-0.1861826662106093,-0.6787901243725385,0.09422660884760714,-0.8290823287455071,0.5132673368013719,0.1136516912502313,0.41288767514363345,-0.5696966784114197,-0.9313138849627998,-0.8073442404722023,-0.611712858156491,-0.8015504553687917,0,0,0.5614617940199336,0.5643135917851964
28,200,0.0,0.0,True,-0.1251914084395117,-0.9442051246608303,0.21510009546898273,-0.1325892066985783,-0.5371047064162828,0.1459554045291931,-0.7959267400646606,0.5674824945283005,0.18337793817221892,0.686967717689664,-0.5253508904410249,-0.9170982508837262,-0.706209415679563,-0.5728403580911761,-0.7604783098833737,0,0,0.5614617940199336,0.5356722589886935
28,200,0.0,0.1,False,-0.21406478145416663,-0.9229671062755287,-0.09398457214998791,-0.2319311056685296,-0.7502288192774877,-0.06762941835190583,-0.7669654701725536,0.2034686218284454,-0.08817791801851317,-0.23568907055966226,-0.47151563481708714,-0.8569339117819801,-0.8776576324315409,-0.5502357046841314,-0.7056739049775949,0,390,0.5614617940199336,0.5620856142341281
28,200,0.0,0.1,True,-0.16906502873935148,-0.8938480036033882,-0.013307797486360236,-0.18914292816876704,-0.6558131443060291,-0.02547332551460646,-0.7238553995860865,0.2697075680918006,-0.03519117979802674,-0.09429586954958369,-0.4282524434680802,-0.8336310107227489,-0.7829268030229853,-0.5137194249729147,-0.6577334604118287,0,381,0.5614617940199336,0.5345981275869186
28,200,0.0,0.2,False,-0.21621545318955715,-0.9390278053241655,-0.036617361347492966,-0.2302545802836121,-0.7541394089209715,-0.013972419081133114,-0.7561650032072011,0.31962490156889334,-0.018478002845768372,-0.052576729450653836,-0.5374229089661797,-0.9034501373026792,-0.9377419747051815,-0.59485619269559,-0.7720249315688325,0,229,0.5614617940199336,0.5613536399062964
28,200,0.0,0.2,True,-0.16644249765608599,-0.9136344714752628,0.04605686201968102,-0.1821762453723185,-0.6495101072590027,0.03270377222673937,-0.7106536695893952,0.38465879186217816,0.04601928284650258,0.13147238156345264,-0.4926881279925057,-0.8847506916640073,-0.8357715617886826,-0.5568666208848908,-0.727871503692239,0,228,0.5614617940199336,0.5327449982927049
28,200,0.0,0.3,False,-0.21995721671319324,-0.9534973674761149,-0.014162970512870325,-0.23068466071953067,-0.7608224877823049,0.0075252402895962245,-0.7876082417594878,0.36446053089688013,0.009554547414060973,0.029194454281428417,-0.5649903111165868,-0.9198390174924109,-0.9629136145495304,-0.6142273815007507,-0.7973669521771233,0,139,0.5614617940199336,0.5594353008381503
28,200,0.0,0.3,True,-0.1688737869273227,-0.9329919414980199,0.06806125385959706,-0.18100240679054255,-0.6553567000145741,0.05516612703835344,-0.7463972744732976,0.4270101324424826,0.0739098720279786,0.22889193471986724,-0.520194929388774,-0.9032621856848925,-0.8557814044333053,-0.575906904587553,-0.7554635991077336,0,139,0.5614617940199336,0.5310928366036535
28,200,0.05,0.0,False,-0.19137362910435507,-0.9492233138474635,-0.22806499430723018,-0.2016107551432392,-0.7057415082373508,-0.13868239912807467,-0.9046250814634544,-0.08603692564566887,-0.15330372987638333,-0.4361887498016648,-0.30794713312035815,-0.7633567718438985,-0.5964644194824213,-0.4034118049107074,-0.5063515450448048,687,0,0.5614617940199336,0.5536883021019601
28,200,0.05,0.0,True,-0.15225562268184967,-0.9333469709374969,-0.13255455741968616,-0.16312864071216418,-0.6137357261869195,-0.11037140260288292,-0.892019464368538,-0.02102372987961441,-0.12373205631898965,-0.36167032459238835,-0.25245377270557956,-0.7256289277743926,-0.43903488215176234,-0.34791029277166674,-0.427649559448933,656,0,0.5614617940199336,0.5208065022708679
28,200,0.05,0.1,False,-0.2938004722642472,-0.9478681728869676,-0.9206499200146521,-0.3099592123337204,-0.8651075898710807,-0.2668403623005776,-0.8846818838394233,-0.7909846746715397,-0.30162295303541137,-0.6962026260299334,-0.35733805331510937,-0.7293120950994563,-1.2573475826056015,-0.48996589487026015,-0.5717006417126087,687,188,0.5614617940199336,0.5507813449909732
28,200,0.05,0.1,True,-0.2639051365067121,-0.933808858259858,-0.8081613094468639,-0.2826115153785286,-0.8287287606637412,-0.2432888671583333,-0.8698020289178878,-0.7040256120989604,-0.27970602397997,-0.6570027067048256,-0.31676460368410997,-0.6955898708579279,-1.096253483402334,-0.4553899028078403,-0.5183432262493026,656,182,0.5614617940199336,0.5184395215309492
28,200,0.05,0.2,False,-0.269168365828109,-0.9456897004680325,-0.737309693616141,-0.2846265172338184,-0.8356623373263095,-0.22899360101830535,-0.8806019568277604,-0.5828853046999539,-0.26004212146339223,-0.6314568776612406,-0.3597062845390996,-0.7433722351094387,-1.1263773249460522,-0.4838844761079137,-0.5747223949442715,687,109,0.5614617940199336,0.54983406377675
28,200,0.05,0.2,True,-0.2336759039609353,-0.9286346077218355,-0.6141512452326326,-0.2516338525592952,-0.7840552922032518,-0.20353677211585552,-0.8647467321165248,-0.49733478890293026,-0.2353715423910141,-0.582516929692143,-0.3081883576125505,-0.7023139092160302,-0.9320081968351523,-0.43881853052941944,-0.5066814855321795,656,109,0.5614617940199336,0.5169655777239436
28,200,0.05,0.3,False,-0.28095220710077085,-0.9582818687717122,-0.7185164360316684,-0.2931832650250226,-0.8503482976913874,-0.2392049517918592,-0.9043089467652181,-0.5677913438833918,-0.26451684753038607,-0.6498428030543502,-0.3768232705865814,-0.769055745907131,-1.108424837688963,-0.4899817374644328,-0.596258191394679,687,64,0.5614617940199336,0.5497427645497164
28,200,0.05,0.3,True,-0.2461104851884427,-0.9452139471793122,-0.6017414820337125,-0.26037542709021644,-0.8034709171769872,-0.21415073940826534,-0.891636496331684,-0.4867880893935921,-0.24017718015055592,-0.603471177157917,-0.326780738758936,-0.7321814689127559,-0.9236119895273307,-0.4463111300046765,-0.5317937718610547,656,64,0.5614617940199336,0.5168943308774026
28,200,0.1,0.0,False,-0.2539872431418241,-0.9693867413100695,-0.19069291795886256,-0.2620081669350822,-0.8150058993770831,-0.0587177545680293,-0.8751599226581966,0.20066310611286764,-0.0670937425809913,-0.20726599191994088,-0.5637856209367089,-0.9073214421074225,-1.188135832984235,-0.6213736331715165,-0.7962893872966832,491,0,0.5614617940199336,0.5512105817550699
28,200,0.1,0.0,True,-0.19696510842775228,-0.9532128795654852,-0.07803536465808526,-0.20663286517649376,-0.7172682152793446,-0.008683885635493382,-0.8477043555293307,0.28135232401514143,-0.010244002615830514,-0.032923246884737356,-0.5093869146166607,-0.8838918864765596,-1.0197117886987361,-0.5763000231252484,-0.7447904295932014,468,0,0.5614617940199336,0.5230082617908884
28,200,0.1,0.1,False,-0.3461453785644849,-0.9581784712107813,-0.7525539209250934,-0.36125355449396174,-0.9134287056183014,-0.25389177179835176,-0.8503501225357484,-0.4438020500646367,-0.2985732171605329,-0.6750862294271783,-0.5248820713384743,-0.8562425749017495,-1.550924023200374,-0.6130062750018036,-0.7600243897423324,491,300,0.5614617940199336,0.5455679509423415
28,200,0.1,0.1,True,-0.3021438203656073,-0.9391460241742509,-0.6261701043632163,-0.3217218756063721,-0.8740312081354185,-0.2160119595523866,-0.8190201491162973,-0.34306163941887946,-0.263744377699936,-0.607063856351117,-0.4767725940399815,-0.8270321137954755,-1.3876627098553378,-0.5764861921164612,-0.7112630946294356,468,292,0.5614617940199336,0.517528407695914
28,200,0.1,0.2,False,-0.329127007162897,-0.9630485515475895,-0.6053216796862689,-0.34175536283606883,-0.8996220867892666,-0.18623968819468728,-0.8411747276531776,-0.20129891566919972,-0.22140428388081013,-0.5466290303310721,-0.5741730818378701,-0.8909518486682472,-1.5944079415453334,-0.6444490605144565,-0.8054907704389016,491,176,0.5614617940199336,0.5456270935666926
28,200,0.1,0.2,True,-0.27921514142509596,-0.9441388713990002,-0.47355916346230376,-0.29573524603574713,-0.8482542971005244,-0.14293951769990165,-0.8062061157875648,-0.0995746896812624,-0.17729897466762232,-0.4468101964941634,-0.5238365054444194,-0.8648935484602601,-1.4213924240425617,-0.6056658722648438,-0.7590105703142114,468,175,0.5614617940199336,0.517235511273447
28,200,0.1,0.3,False,-0.33499369323453554,-0.9714657629726757,-0.5656810259373491,-0.3448332468346163,-0.9045731551840117,-0.17258599801007635,-0.8624813461113523,-0.13146492803416207,-0.20010403562721726,-0.5167286431654015,-0.6004060789051302,-0.9084806355166595,-1.6219105455506786,-0.6608903430987001,-0.8278205168126015,491,106,0.5614617940199336,0.5456916280874347
28,200,0.1,0.3,True,-0.28413727700412117,-0.9563811572217323,-0.43576996451852956,-0.29709627260906535,-0.8541258160549787,-0.12859891157132564,-0.8322330824333246,-0.03458214315800546,-0.15452271038700086,-0.41042946835375904,-0.5505310818663204,-0.8853230435907017,-1.4425356624717451,-0.6218420336530168,-0.7842531009745916,468,106,0.5614617940199336,0.517560965280843
28,200,0.15,0.0,False,-0.2968786517087306,-0.9834381268204175,-0.1868071948329697,-0.3018783221966161,-0.8684587164236177,-0.02420176294163401,-0.8913327697971478,0.3034944512829451,-0.027152331611393486,-0.08975143633827587,-0.6602370159520435,-0.9503718165526743,-1.4094587733517836,-0.6947144311864701,-0.8738504810008746,324,0,0.5614617940199336,0.5526752002685953
28,200,0.15,0.0,True,-0.22915581511668748,-0.9718745894546676,-0.060950913485874725,-0.23578743348487996,-0.776616294296548,0.04596291861519575,-0.8581435587529227,0.40000644952326964,0.053560873523295215,0.18825722943591483,-0.6102882355635371,-0.9354394336196444,-1.2331071969600305,-0.6524080700789487,-0.8358939652941935,309,0,0.5614617940199336,0.5212545028662365
28,200,0.15,0.1,False,-0.3710843632520293,-0.9735475436378263,-0.6802044833198284,-0.38116717121529514,-0.9307989151507018,-0.2094347115026498,-0.8526657130481393,-0.2127020899017319,-0.24562347036795376,-0.5942591805490078,-0.6234849984041695,-0.9182623117902349,-1.8072482559882503,-0.6789835435896628,-0.8463856531295393,324,348,0.5614617940199336,0.5491550727083256
28,200,0.15,0.1,True,-0.3149821465917395,-0.9567310809325023,-0.5293791348836651,-0.32922746304503264,-0.8868061211884648,-0.15426001334489592,-0.8091183000211062,-0.08824084179215064,-0.19065198913542306,-0.4743348682106834,-0.5748162052890287,-0.8968018478069161,-1.6184456966812506,-0.6409623337582464,-0.806053766694553,309,340,0.5614617940199336,0.5184661036125136
28,200,0.15,0.2,False,-0.34660710596031863,-0.9762881760994627,-0.5118172718885868,-0.35502540586439185,-0.9137801758120299,-0.126098407634455,-0.844561281482919,0.023422620579286152,-0.14930640369050036,-0.40390930321398977,-0.6589433090360056,-0.9365139269505028,-1.7627890348775208,-0.7036129309701472,-0.8729276785514706,324,208,0.5614617940199336,0.5491789075501132
28,200,0.15,0.2,True,-0.28504112630135603,-0.9601731067490438,-0.3637169805331457,-0.2968643094644141,-0.8551833149379666,-0.06320768014618483,-0.7970430947896955,0.14528919475912264,-0.07930271344093703,-0.22168218962093278,-0.611086004973348,-0.9183332432342929,-1.5814422033982671,-0.665429471790822,-0.8365376236249502,309,207,0.5614617940199336,0.5176904180442756
28,200,0.15,0.3,False,-0.3577381508914943,-0.9825910295170678,-0.4840649780836647,-0.3640763452392991,-0.9219033206279186,-0.12477819960712944,-0.8717373037053546,0.05572080572115395,-0.1431373867755282,-0.40044537863960883,-0.6783307549947031,-0.9472899997655143,-1.7550320773413888,-0.7160750722192912,-0.8864189271442436,324,124,0.5614617940199336,0.5468606150952529
28,200,0.15,0.3,True,-0.29587955601108384,-0.9704366300032368,-0.3397610726518945,-0.30489322729923846,-0.8673786580281136,-0.061837793671975616,-0.8325579834998686,0.1707600029840032,-0.07427445883351544,-0.2173045031585873,-0.6310517738144896,-0.9314338463296818,-1.5677185626991905,-0.6775057362378994,-0.8522516171348417,309,124,0.5614617940199336,0.5155982192407308
28,200,0.2,0.0,False,-0.2675545333488841,-0.9835778024576457,-0.07340279571721013,-0.272021727900275,-0.8335614618402187,0.020179572999230233,-0.8928781253978656,0.3859029689351222,0.022600590635186896,0.07970216202774516,-0.6486067875905757,-0.9500978568000958,-1.171160244248843,-0.6826736666632066,-0.8654391293317769,186,0,0.5614617940199336,0.5545448385940442
28,200,0.2,0.0,True,-0.21895771747091897,-0.9762261029221985,0.006038086384823564,-0.22428996399041082,-0.7590521813061126,0.06963178638175993,-0.8715346955852536,0.44755469444783824,0.07989559880344263,0.29482673298354034,-0.6123622101359862,-0.9397606026871861,-1.0690120049398437,-0.6516151117475825,-0.8375647771585724,183,0,0.5614617940199336,0.5216302032227599
28,200,0.2,0.1,False,-0.3079211073874243,-0.9643583501671138,-0.4141260356307232,-0.3193015411066484,-0.879919786456662,-0.15428814092970955,-0.8453598218129901,-0.039840463460841476,-0.18251179787420874,-0.4744019692924032,-0.5614958489331062,-0.8945863901427218,-1.301002548413034,-0.6276597264614382,-0.794233705702052,186,377,0.5614617940199336,0.5533252295808806
28,200,0.2,0.1,True,-0.26769184480978947,-0.950651799246869,-0.3263708463510387,-0.2815876907000669,-0.8337410722511547,-0.11503898592003625,-0.8159462997471602,0.03694801731097397,-0.14098842773805548,-0.37442996036676135,-0.5255100305907672,-0.8773724650968647,-1.2081308595518727,-0.598958881770639,-0.7606322990923711,183,368,0.5614617940199336,0.5215875925681493
28,200,0.2,0.2,False,-0.31052888016534974,-0.9749182713507389,-0.3342912770358819,-0.3185178586663632,-0.882502240293334,-0.08350113984537955,-0.8411791818372696,0.1446243636855996,-0.09926676937367819,-0.28443538413215275,-0.6356298264897038,-0.9337009475827666,-1.4257709996977217,-0.6807638228656283,-0.8557475442403804,186,220,0.5614617940199336,0.5530290185348441
28,200,0.2,0.2,True,-0.2661478996812875,-0.9640763582674997,-0.24418291178575469,-0.27606516579202345,-0.8317122602234187,-0.03901687967606893,-0.8094909986678934,0.22057197454934363,-0.048199275520389356,-0.1416647897009392,-0.6003309235024765,-0.9208370187416179,-1.327506702368984,-0.6519404751156364,-0.8277584062603279,183,219,0.5614617940199336,0.5201403505009827
28,200,0.2,0.3,False,-0.3199806230514859,-0.9822951534820171,-0.30872566740592594,-0.32574794033873217,-0.891480906559806,-0.07334886288261666,-0.8704827135087079,0.18565077116354795,-0.08426228544730649,-0.25352918235598765,-0.6593812814808122,-0.9469159489175385,-1.4378224030844324,-0.6963461564192472,-0.8732404451273041,186,133,0.5614617940199336,0.5498383275554605
28,200,0.2,0.3,True,-0.27484812661310853,-0.974366385433859,-0.21952834026709211,-0.2820788265296386,-0.8428827602946152,-0.02842024407615762,-0.8446709229816012,0.25777344404461894,-0.03364652825485823,-0.10476333880258104,-0.6242339496124456,-0.935914951493761,-1.3325105388249971,-0.6669772169107258,-0.8469711324400055,183,133,0.5614617940199336,0.5172080443296125
mix7_28,0,0.0,0.0,False,-0.5812193096511351,-0.9994299160900296,-0.3560507283059786,-0.5815508424292337,-0.9933463897655206,-0.19095741056169557,-0.9689714422632526,0.3128695706296594,-0.19707227915372946,-0.5566350109751788,-0.8949545258040473,-0.9949338131706633,-1.9300055734054313,-0.899511619724732,-0.9867202643329959,0,0,1.0,1.191799602776299
mix7_28,0,0.0,0.0,True,-0.5641198917280373,-0.9992674583525212,-0.36036437351423445,-0.5645334359812879,-0.9916218250907688,-0.1512696954717737,-0.9619465129591757,0.33449624808509704,-0.1572537489703375,-0.4671649630888587,-0.8923678917490024,-0.994691865864988,-1.984109257492712,-0.8971299780088136,-0.9860860602712532,0,0,0.9933554817275747,1.0994684242523227
mix7_28,0,0.0,0.1,False,-0.47084914789560617,-0.9937226303297222,-0.43233303697176045,-0.4738235132467256,-0.9744070206931891,-0.2254004778912656,-0.9215971617278649,0.09104579932028413,-0.24457592454893357,-0.6248206888304805,-0.7645803914701561,-0.9686729277734856,-1.7283001939703941,-0.7893070710952558,-0.937581311544912,0,724,1.0,1.153913480054852
mix7_28,0,0.0,0.1,True,-0.46011856702164533,-0.9929231880635133,-0.4602197497733835,-0.46339794714534693,-0.9712702326466364,-0.18925016624250734,-0.9061969514092137,0.11654819912352045,-0.20883999438334808,-0.5530331139097435,-0.7717679484879439,-0.9704814782703204,-1.8821938917979084,-0.7952423263795394,-0.9411848193735716,0,671,0.9933554817275747,1.0583539922345149
mix7_28,0,0.0,0.2,False,-0.5173363000870208,-0.9971763019621656,-0.41127638482031464,-0.5188012381251409,-0.98492907863017,-0.1955836276019015,-0.9305841308245618,0.2029654279876771,-0.2101729667672292,-0.566287404490756,-0.8364122407950683,-0.9857952537181836,-1.8791052077580137,-0.8484644632243071,-0.9689454794373924,0,401,1.0,1.1824633104515476
mix7_28,0,0.0,0.2,True,-0.5067647821734211,-0.9967282499352453,-0.44019035888398766,-0.5084282322752909,-0.9829262911779987,-0.17044882668196948,-0.9201045994662225,0.20803815327121472,-0.18524940184067273,-0.5119197582812871,-0.8358418838959653,-0.985700121242581,-1.9806575605711854,-0.847967719474658,-0.9687375001211018,0,380,0.9933554817275747,1.0894303741150702
mix7_28,0,0.0,0.3,False,-0.523924196319203,-0.998225359012026,-0.3706031152059493,-0.5248556266269839,-0.9860758843797437,-0.16173049867565847,-0.9438485664538019,0.2751258977950557,-0.17135216858283445,-0.49193506729142644,-0.8568706550662781,-0.9897222933343871,-1.9081769217018822,-0.865768772550803,-0.9759647009386027,0,240,1.0,1.1834271719721883
mix7_28,0,0.0,0.3,True,-0.5171334961416834,-0.9979841725557662,-0.40700787721243803,-0.5181780536832978,-0.9848925741954453,-0.15493282761873317,-0.939362100151389,0.25572299057917725,-0.16493408409149568,-0.4759381963532785,-0.8530468070017452,-0.9891892510850911,-1.9757659403353105,-0.8623696689647562,-0.9747181358934012,0,226,0.9933554817275747,1.0900411209257082
mix7_28,0,0.05,0.0,False,-0.5046506019504686,-0.9965303206605304,-1.005604808162247,-0.5064076741949718,-0.9825005101842661,-0.37685804751614127,-0.9690646469018204,-0.5912212383582519,-0.38888844900181585,-0.8372384902542038,-0.6971043055422483,-0.9478778966376477,-1.9064403127159837,-0.7354368194627663,-0.8987908811195893,1221,0,1.0,1.0018895985595326
mix7_28,0,0.05,0.0,True,-0.4487050061591359,-0.9931959118195579,-0.8426047569279516,-0.4517789499728185,-0.9675917533292817,-0.32553574801718776,-0.9556148909979141,-0.47271138172435495,-0.34065579249946865,-0.7794619765059276,-0.6435077339164086,-0.9287605901385139,-1.6487683338588628,-0.6928671831568961,-0.861669475394785,1121,0,0.9933554817275747,0.8930944335381445
mix7_28,0,0.05,0.1,False,-0.5568779245033227,-0.9958046990939848,-1.9058453498794554,-0.5592240376149944,-0.990787827180739,-0.48670675196547886,-0.9657902884092737,-1.5120738429977985,-0.5039466205102558,-0.9226821392812812,-0.6767452139661345,-0.9225305439906933,-2.781687520650478,-0.7335748592546998,-0.8853428083571292,1221,332,1.0,0.9933854368540015
mix7_28,0,0.05,0.1,True,-0.5101817928540671,-0.9925296338073715,-1.7228548482436281,-0.5140217233585213,-0.9835963364890019,-0.44469242229669226,-0.953730100953248,-1.3767180226112672,-0.46626652745071656,-0.8954247363214907,-0.6269053785667416,-0.8980094009700101,-2.4971938318415217,-0.698105585408763,-0.8490507580516906,1121,306,0.9933554817275747,0.8870283330569481
mix7_28,0,0.05,0.2,False,-0.5367436688542304,-0.9953202864156716,-1.6108641949473343,-0.5392672852948084,-0.9881013613354881,-0.4402466420791854,-0.9594785377992817,-1.1670717393583097,-0.4588394890926501,-0.8921744681406015,-0.6911018791058999,-0.9327192860640413,-2.5716186491252233,-0.7409537783037203,-0.8949094839700844,1221,187,1.0,1.000148445596254
mix7_28,0,0.05,0.2,True,-0.487742780044795,-0.9916498984969458,-1.439058673555195,-0.4918497755952699,-0.9787690338721663,-0.39823722229972214,-0.946504245208127,-1.052372021505076,-0.42074531024649936,-0.8576505412346295,-0.6385584478031086,-0.9090654627014036,-2.2783724129499356,-0.7024339544322263,-0.8579629006501426,1121,177,0.9933554817275747,0.8925310051498271
mix7_28,0,0.05,0.3,False,-0.533752263606118,-0.9959325481259751,-1.4784576653034185,-0.5359321418006352,-0.9876520301299928,-0.42591965288891054,-0.9624839093892893,-1.019314874642929,-0.44252132293740165,-0.8811904642064747,-0.70391564444509,-0.9407578962983154,-2.498664433046861,-0.7482431422737456,-0.9031106089768051,1221,113,1.0,0.9957251740774447
mix7_28,0,0.05,0.3,True,-0.4893813325959059,-0.9930133421915666,-1.3342676864342393,-0.49282452893920653,-0.9791571637672246,-0.39373165100990704,-0.9529301802252217,-0.9482426389802211,-0.41317995712639716,-0.8535159079394808,-0.6512213947484442,-0.9188940785737143,-2.199398766811917,-0.7087012637618197,-0.8673527298264317,1121,105,0.9933554817275747,0.8874089057743177
mix7_28,0,0.1,0.0,False,-0.5963255857986012,-0.9984457422537826,-0.880755863334859,-0.5972538722560135,-0.9946151749831472,-0.40735061868783895,-0.966598121412986,-0.3374217762779157,-0.42142707466922075,-0.8657491108296471,-0.8246070006955027,-0.9818618368828876,-2.164067841772656,-0.8398401584823573,-0.9645055469227688,852,0,1.0,1.0506141937322946
mix7_28,0,0.1,0.0,True,-0.5520035164643091,-0.9970681736898376,-0.7862420542166897,-0.5536266536534976,-0.9901887602091479,-0.345377384589038,-0.9493447382232161,-0.238938696350627,-0.36380607663707365,-0.8033436657890944,-0.8034723676180051,-0.9774391826474356,-2.06381404508136,-0.8220177601656669,-0.9558508837011679,794,0,0.9933554817275747,0.9435044713966576
mix7_28,0,0.1,0.1,False,-0.5993543274227695,-0.9968981747426122,-1.4341196884961522,-0.6012192043360055,-0.9948437310864519,-0.5143073479831716,-0.965859430728952,-1.0420991430107882,-0.5324867487135414,-0.9374620188387047,-0.7401257183095087,-0.9507788623314204,-2.3959656295487646,-0.7784414942656953,-0.9245553843705935,852,552,1.0,1.0280706329621423
mix7_28,0,0.1,0.1,True,-0.5620156623020248,-0.9948182540759354,-1.3519722638992706,-0.564943053667696,-0.9913862086967914,-0.4643006458120914,-0.950268721786908,-0.9335622407376856,-0.4885993142434588,-0.9089032840862757,-0.7208817318247056,-0.9435516085784448,-2.365836175358475,-0.7640087995936823,-0.9134776765548821,794,507,0.9933554817275747,0.9243064585536573
mix7_28,0,0.1,0.2,False,-0.5997117762553082,-0.9973651583453119,-1.253287323404639,-0.6012960962565262,-0.9948701677667755,-0.46576284992317674,-0.960121041280452,-0.744308467792719,-0.4851084705966017,-0.9098540029427,-0.7884288421891978,-0.9685365378422414,-2.469677268987383,-0.8140414030695245,-0.9491425173043402,852,305,1.0,1.0443888372943646
mix7_28,0,0.1,0.2,True,-0.5625687825381996,-0.9956077689583037,-1.1827404131766919,-0.5650506153912507,-0.991448667006849,-0.4176456442377976,-0.9444731934794652,-0.6627522341195962,-0.44219957445184815,-0.874482195676093,-0.7676099888831844,-0.9623315041278916,-2.410677352717466,-0.7976565098311184,-0.9391127121553949,794,287,0.9933554817275747,0.9384509929728297
mix7_28,0,0.1,0.3,False,-0.6010598489814674,-0.9978531280574122,-1.1616394238054644,-0.6023530237877702,-0.9949688647976198,-0.44062542072308875,-0.9608562284907873,-0.6002468842068825,-0.45857580734547265,-0.8924542622448141,-0.8108422538706626,-0.9756001181839606,-2.5139798997857006,-0.8311215207517727,-0.9589713361544524,852,181,1.0,1.0434903717195587
mix7_28,0,0.1,0.3,True,-0.5653130099559787,-0.9964808795679656,-1.0971073370207758,-0.5673094401982663,-0.9917530382992091,-0.39948874393336786,-0.9486009888084133,-0.5442724017717905,-0.4211346484417925,-0.8587835467723063,-0.7876479697085333,-0.969540440690307,-2.413940580318091,-0.8123931056942119,-0.9487819232395048,794,170,0.9933554817275747,0.936271317750803
mix7_28,0,0.15,0.0,False,-0.659158054468312,-0.9995157624540977,-0.858360165781097,-0.6594773981851872,-0.9979675598964063,-0.4122920261800447,-0.9730290497087268,-0.1908653100549059,-0.4237201615958568,-0.8699950347408502,-0.8926886728378286,-0.9941504260063897,-2.4198374343000624,-0.8979412466017401,-0.9861654798842349,563,0,1.0,1.0924153649631472
mix7_28,0,0.15,0.0,True,-0.6225154362217726,-0.9991332021545614,-0.7881432981894092,-0.6230554993862293,-0.9963406576070657,-0.3541915026534246,-0.9614946594500774,-0.11441762064341975,-0.3683759438206374,-0.8133145041960814,-0.8792553433430227,-0.992665696252122,-2.354840989838483,-0.8857517154694798,-0.9826540235500935,529,0,0.9933554817275747,0.9864308455960219
mix7_28,0,0.15,0.1,False,-0.6250939651829845,-0.9978669069907391,-1.2509863313709462,-0.6264301990613923,-0.9964822891492113,-0.4660710704903527,-0.9517940417672631,-0.6589665694138797,-0.4896763900990236,-0.9100534665360254,-0.8238563570807568,-0.9801876230797052,-2.631163745916579,-0.8405088349230909,-0.9642136434739504,563,646,1.0,1.0654891945871505
mix7_28,0,0.15,0.1,True,-0.5925372293265819,-0.9965542524609462,-1.1967253282316355,-0.594586022650887,-0.9943175738448425,-0.416408489563853,-0.9321797786359839,-0.5738043920397222,-0.44670405763699844,-0.8734556072511058,-0.8106956442293648,-0.977251552231919,-2.6443871126445853,-0.8295670059339773,-0.958910328350918,529,596,0.9933554817275747,0.961797911650832
mix7_28,0,0.15,0.2,False,-0.6289620380609607,-0.9984158098009278,-1.0822573022124105,-0.6299600145418053,-0.9966862362560284,-0.4168509569422747,-0.9475423167003729,-0.4111702340485719,-0.4399285916790239,-0.8738234762045176,-0.8586311351249005,-0.9876148155935243,-2.6345462063045995,-0.8693987995804733,-0.9765284657763346,563,362,1.0,1.085903804702269
mix7_28,0,0.15,0.2,True,-0.596671179410283,-0.9974419158370568,-1.0354615469235862,-0.5982014290120888,-0.9946416698214429,-0.3705407848140754,-0.9297581133071483,-0.34975190768977754,-0.3985346075615972,-0.8308133728307456,-0.8441321376053379,-0.985064391120844,-2.615192940884604,-0.8569309227032885,-0.971695079907321,529,342,0.9933554817275747,0.9806655439075352
mix7_28,0,0.15,0.3,False,-0.6367247027572484,-0.9989124801288602,-1.0149609736878613,-0.6374179073977637,-0.9970661322986272,-0.4011166177316319,-0.9553650249945163,-0.31408906616335885,-0.4198569209019707,-0.8602472698753676,-0.8754421827239809,-0.9907330261760732,-2.655035967737499,-0.8836307659016075,-0.9815882509162283,563,214,1.0,1.085263235897687
mix7_28,0,0.15,0.3,True,-0.6075722175017435,-0.9982640761361165,-0.9779409788144082,-0.6086287506742847,-0.995423838599678,-0.36645574590255425,-0.9433112306793604,-0.28239207613061307,-0.38847809077671813,-0.8265599624481581,-0.8596753022042432,-0.9883531177268193,-2.5979707459982384,-0.8698058282868262,-0.9768598165812921,529,201,0.9933554817275747,0.9788807748370317
mix7_28,0,0.2,0.0,False,-0.6629738510819907,-0.9997136015602658,-0.7389845284339621,-0.663163780153915,-0.9980951536384927,-0.37144651590963584,-0.9771567881177513,-0.04581270530545732,-0.3801299038459681,-0.8317458882179906,-0.9093098607990608,-0.9959140006695212,-2.296386475962707,-0.9130405438499317,-0.9899815593122935,329,0,1.0,1.1356456681055855
mix7_28,0,0.2,0.0,True,-0.640655898466007,-0.9995923444693602,-0.7188784791700432,-0.6409171718958123,-0.9972443268169379,-0.3312789420262089,-0.971491491583426,-0.01101396513810217,-0.3410003534732559,-0.7865834643230146,-0.9028737896235979,-0.9953398095156144,-2.291724986913473,-0.9071010533206589,-0.9885737029830203,315,0,0.9933554817275747,1.0300865621979096
mix7_28,0,0.2,0.1,False,-0.5740485829006152,-0.9968864978334574,-0.9012158849392178,-0.5758414665543171,-0.9926629721227067,-0.3832418137716903,-0.9371783901855102,-0.3403003775173322,-0.40893155218381566,-0.8435461267212867,-0.8063641054938274,-0.9773832494383793,-2.192852136294175,-0.8250234551872847,-0.9570883085344527,329,698,1.0,1.1071645976448081
mix7_28,0,0.2,0.1,True,-0.5571558434160544,-0.9962042000974671,-0.9112501242654111,-0.5592787536546655,-0.9908210509226649,-0.34685575346869646,-0.923714296039513,-0.3029492861198417,-0.3755011208074442,-0.8050428982558989,-0.8059638049903234,-0.9772934967544721,-2.2976201449496876,-0.8246896225820356,-0.9569180170741681,315,645,0.9933554817275747,1.0006357847455782
mix7_28,0,0.2,0.2,False,-0.6163097564886677,-0.9988543365720775,-0.873045274716571,-0.6170166498988762,-0.9959803793696002,-0.3620991622356001,-0.9520980330901313,-0.1939161811775006,-0.38031709934361524,-0.8219372254745438,-0.8693589410710887,-0.9901058868229168,-2.4083161864697766,-0.8780464318424722,-0.9798251475032523,329,382,1.0,1.128799272209369
mix7_28,0,0.2,0.2,True,-0.598397012684404,-0.9985303065947584,-0.8808712903322492,-0.5992777672668641,-0.9947723736464662,-0.33321965403679554,-0.9439966889983724,-0.17900413125081413,-0.35298815972581243,-0.7889510201604488,-0.8628808415038756,-0.989143590286707,-2.451135646287289,-0.8723514462180019,-0.9778629513641246,315,361,0.9933554817275747,1.0231109861047838
mix7_28,0,0.2,0.3,False,-0.6220652969310374,-0.9992564665302619,-0.8067729587125998,-0.6225281674593982,-0.9963154563043647,-0.335416396382729,-0.9596842426230453,-0.09477208008625418,-0.34950703730005633,-0.7916074212261415,-0.8861106122201444,-0.99298097781434,-2.422689669905124,-0.892374206573998,-0.9844934266438735,329,228,1.0,1.1279485969223295
mix7_28,0,0.2,0.3,True,-0.6075520698463941,-0.9990671401578706,-0.8236528729614532,-0.6081193599765377,-0.9954224854089831,-0.32093203521534197,-0.9557731919423863,-0.107922190740317,-0.3357826291017039,-0.7736277642860461,-0.8778523232406473,-0.9919724738308924,-2.4301562017883995,-0.8849563333652545,-0.9822654181569898,315,214,0.9933554817275747,1.021200272337077
mix7_28,20,0.0,0.0,False,-0.1938455818247723,-0.9586380718491203,0.11107136112204885,-0.20220935044950059,-0.7108843445366526,0.1907381899018894,-0.7690342181349963,0.612755085785833,0.24802302082793307,0.9543839896171817,-0.6536180903529841,-0.948627892227032,-1.178808650180406,-0.6890142022058063,-0.8690953173055096,0,0,0.5249169435215947,0.7600779641895126
mix7_28,20,0.0,0.0,True,-0.16803057135796817,-0.9541078518987409,0.14981575820014797,-0.17611276442550564,-0.6533381951259825,0.23753265587512185,-0.7521970745043706,0.6591013340609648,0.3157851365370362,1.2660289642000024,-0.6475017074280065,-0.9468741111611085,-1.1577771371962318,-0.6838308279798723,-0.864626391191656,0,0,0.5249169435215947,0.7440062527584389
mix7_28,20,0.0,0.1,False,-0.18180071681397347,-0.9133221577851596,-0.05468981219154411,-0.19905431535225973,-0.6851063650003393,0.06836789148614919,-0.7052787448275049,0.411389926288484,0.09693740522815616,0.28896393101233,-0.5421370305968323,-0.8828220078784911,-1.2510506469419955,-0.6140955093537387,-0.776459718887965,0,389,0.5249169435215947,0.7084395451386329
mix7_28,20,0.0,0.1,True,-0.16585884309803423,-0.904869720055541,-0.023041161613757383,-0.18329582637360634,-0.6480944462642795,0.09325780245912707,-0.6838084837673266,0.4488448050213644,0.13638000211015086,0.40809214210881106,-0.5366778894178111,-0.8801279367855509,-1.2345221301697076,-0.6097725875829986,-0.7713202434749782,0,384,0.5249169435215947,0.6942702155512673
mix7_28,20,0.0,0.2,False,-0.2044534396405696,-0.9373581464618735,-0.02687629386374563,-0.21811667227974066,-0.7321184956322089,0.08100089795087873,-0.7374934891362175,0.45126805873312426,0.10983269566996488,0.34845496162505096,-0.5939681514690947,-0.9125489925297537,-1.2447156045688126,-0.650889055087887,-0.8224611742602299,0,219,0.5249169435215947,0.7357832978101836
mix7_28,20,0.0,0.2,True,-0.18166466873353082,-0.9304974305500615,0.014778423764352726,-0.195233928401221,-0.6848047111428238,0.1179725458965335,-0.7183570621222317,0.50036954034843,0.16422549748172438,0.5342493916246704,-0.5867991446165959,-0.9095638029735708,-1.220526033812668,-0.6451434662397691,-0.8164007861212406,0,218,0.5249169435215947,0.720160947426603
mix7_28,20,0.0,0.3,False,-0.1914005400158577,-0.9447715654094903,0.027186339763781073,-0.20258922582296324,-0.7057978999090011,0.1476691005901456,-0.7368586068941516,0.544668399740311,0.20040357703436312,0.6966714696203247,-0.6254609951438723,-0.9289946710741026,-1.2807598146701589,-0.6732665047698444,-0.8479280407561618,0,138,0.5249169435215947,0.7420813490260944
mix7_28,20,0.0,0.3,True,-0.16967782774324336,-0.9387225700951114,0.06455745807549658,-0.1807539662395159,-0.6572723720442026,0.18383815723584607,-0.7176758976845447,0.5882559575288391,0.2561576302464213,0.911270170879372,-0.6188473261357227,-0.9265706023833631,-1.257701947595687,-0.6678900933656843,-0.8427364180889798,0,137,0.5249169435215947,0.7264697444256959
mix7_28,20,0.05,0.0,False,-0.25675266051183143,-0.9415853465188709,-0.4747919744813598,-0.27268124069801003,-0.8189204542972601,-0.18744450346951602,-0.8605958653188306,-0.25757078762493046,-0.21780781319472436,-0.5492000789082925,-0.3977663576837016,-0.8052695711322773,-1.0247025465499593,-0.4939542880335195,-0.6218783615102133,651,0,0.5249169435215947,0.5345307263556552
mix7_28,20,0.05,0.0,True,-0.24160010643916674,-0.9362857356878076,-0.4310216949867317,-0.25804099884282033,-0.7966024977606719,-0.1690563566347827,-0.8524913419958131,-0.20908435010328918,-0.19830859072303983,-0.508767559554924,-0.3881657327820486,-0.7992725204316823,-0.9913327885575625,-0.48564879044309267,-0.6102334704153775,641,0,0.5249169435215947,0.5238131036724437
mix7_28,20,0.05,0.1,False,-0.31927239757622916,-0.9376800986418669,-1.1536386853445262,-0.34049181382719157,-0.8908284184869919,-0.2838400079162724,-0.8460205891767235,-0.9624680113886265,-0.3355001184929574,-0.7223632489556837,-0.3975348106231271,-0.7443293314672539,-1.6383228180937346,-0.5340845695808997,-0.6215995006354718,651,177,0.5249169435215947,0.5256447969790489
mix7_28,20,0.05,0.1,True,-0.3113419938437315,-0.9333814115088902,-1.1211325113550201,-0.3335635250550156,-0.8832980074544102,-0.274976918372688,-0.8385766719744934,-0.9262757804893418,-0.3279090959270709,-0.7089412922406912,-0.39138049737808056,-0.7392970573820739,-1.6152485440464819,-0.5293954486495573,-0.6141515793009703,641,173,0.5249169435215947,0.5156548203918467
mix7_28,20,0.05,0.2,False,-0.30145993026091444,-0.9370514411272031,-0.9612573448508539,-0.3217111857789585,-0.873318624298617,-0.25731608327870914,-0.8484296221515311,-0.7653458385694151,-0.30328512414050535,-0.6807728575866261,-0.39793315440146093,-0.7580487418631778,-1.452797329661858,-0.5249440206488528,-0.6220791801363984,651,102,0.5249169435215947,0.5305801004199694
mix7_28,20,0.05,0.2,True,-0.2894677909879737,-0.9313472675844358,-0.9143922803718637,-0.31080543322872917,-0.8602714471861873,-0.24410166937836042,-0.8396336083868285,-0.7154685616789795,-0.29072403360240445,-0.6584146869651589,-0.3883351885221695,-0.7505974463950978,-1.4128088392566698,-0.5173681184065186,-0.6104404735885273,641,101,0.5249169435215947,0.5202272580179739
mix7_28,20,0.05,0.3,False,-0.2987958787921854,-0.9407453968585855,-0.8782207060308143,-0.31761609441826577,-0.870510955349972,-0.23871016159575165,-0.8460160978999101,-0.6392596030818604,-0.2821579426068945,-0.6489678947182667,-0.42684091675806957,-0.7897323804950167,-1.483698217598024,-0.5404880530421191,-0.6561111045562795,651,60,0.5249169435215947,0.5291393930578403
mix7_28,20,0.05,0.3,True,-0.2880286404280784,-0.9353830718775742,-0.8385959896041596,-0.30792586383878506,-0.8586337228384467,-0.22723481172800175,-0.8370979596481586,-0.5990094452395024,-0.2714554600318355,-0.6282194872662801,-0.4177037896025403,-0.7832568359065465,-1.4459479431734898,-0.533290959560011,-0.6455204682939382,641,59,0.5249169435215947,0.51879014818808
mix7_28,20,0.1,0.0,False,-0.32975420347755735,-0.9589142572316813,-0.4281454607451,-0.3438828873287741,-0.9001613181609636,-0.191622902589754,-0.8380444244536609,-0.08494169622261266,-0.22865482663962244,-0.5580332168318162,-0.5680583267887822,-0.897847714708959,-1.3193425778603416,-0.6326889487856197,-0.8000988593175671,468,0,0.5249169435215947,0.5870826162513934
mix7_28,20,0.1,0.0,True,-0.3097963222773821,-0.9513505608935564,-0.3796565706177259,-0.32563845023269417,-0.88178147587632,-0.16357174255096052,-0.815387976754041,-0.028615477560642123,-0.20060602708678568,-0.4962051675408906,-0.5594040805476326,-0.8938864843347617,-1.2869716866476832,-0.625811096096778,-0.7923471534398974,461,0,0.5249169435215947,0.574165564737993
mix7_28,20,0.1,0.1,False,-0.37346940193204237,-0.9574335389051064,-0.9493703020158659,-0.39007344818850953,-0.9322966600037376,-0.317484462749245,-0.8675003436277944,-0.7204166300859879,-0.3659761809679045,-0.7691845612218855,-0.4963248738181807,-0.8248923234432901,-1.5810037697985,-0.6016844377292865,-0.7316004469353694,468,288,0.5249169435215947,0.5650153410514152
mix7_28,20,0.1,0.1,True,-0.36255086829044636,-0.9529804971986409,-0.9123565175834449,-0.3804389170147683,-0.9252139524232726,-0.30450117003812827,-0.8575615213345884,-0.6793479259989074,-0.3550779302273793,-0.7518710549732364,-0.48913956045143714,-0.8200701995341839,-1.552757567105859,-0.5964605965797539,-0.7242092466894612,461,283,0.5249169435215947,0.5532640850064321
mix7_28,20,0.1,0.2,False,-0.3743419907427229,-0.9601852680478911,-0.8354438256341972,-0.38986433472758913,-0.9328378854386721,-0.29664829021169214,-0.8621655021529167,-0.5679319411792043,-0.34407348643726826,-0.7409439103585045,-0.5334956698635385,-0.856655725960984,-1.550384410978081,-0.6227655447759609,-0.7682985775720331,468,163,0.5249169435215947,0.5760602080610561
mix7_28,20,0.1,0.2,True,-0.3577906895394851,-0.9537248961670924,-0.7825448856491817,-0.37515083330361154,-0.9219401042633804,-0.27576189582475485,-0.8457806325609868,-0.5072920676812566,-0.3260442308660579,-0.7101490055119667,-0.5241489372004244,-0.8510971651253371,-1.5124622421147542,-0.6158508789337062,-0.7593137300020407,461,162,0.5249169435215947,0.5635316469829655
mix7_28,20,0.1,0.3,False,-0.36801971283145196,-0.9610624409113475,-0.7512166182099234,-0.3829300752638607,-0.9288342958427923,-0.255757099166364,-0.8448560338962442,-0.40144881780547903,-0.3027226993774104,-0.6781931156516019,-0.5748117847194263,-0.8846572350748942,-1.650662505665461,-0.6497564954304175,-0.8060498995524914,468,99,0.5249169435215947,0.5775409849123359
mix7_28,20,0.1,0.3,True,-0.3524886845345403,-0.9552194285921144,-0.7040853408451994,-0.36901331147971816,-0.9181550931441658,-0.23576028687287998,-0.8282355904321793,-0.34832822091085963,-0.2846536536178777,-0.6437182130048408,-0.5662928486174359,-0.8801845082772165,-1.6147353803337854,-0.643379704246147,-0.7985289613103127,461,98,0.5249169435215947,0.5650237167347967
mix7_28,20,0.15,0.0,False,-0.33231107327581055,-0.9634461107688068,-0.2811306732776568,-0.34491921194288105,-0.9023348799485523,-0.09356148847616719,-0.7696735427427148,0.19162250652187637,-0.12155996442694765,-0.31411802656473153,-0.6604365238252567,-0.9467209438927375,-1.4824403833901174,-0.6976042181021861,-0.8739925036814565,311,0,0.5249169435215947,0.6436853966612921
mix7_28,20,0.15,0.0,True,-0.31185568475653214,-0.9594503571742149,-0.23829425542085453,-0.3250357690991052,-0.8837984400682302,-0.05980289952226325,-0.7528958500673265,0.24317175510346908,-0.07943050757540432,-0.21076810390113387,-0.6544660940681739,-0.9449098756808667,-1.4586800705273655,-0.6926227684905824,-0.8697092414070552,309,0,0.5249169435215947,0.6288404270147296
mix7_28,20,0.15,0.1,False,-0.3486004240434706,-0.946895026895069,-0.659068692049265,-0.36815107709093614,-0.9152840005822547,-0.21012328712189,-0.7735568141505546,-0.23811345930339917,-0.27163264970088474,-0.5956139674820857,-0.5773966706596487,-0.8938719546416816,-1.7042919460444295,-0.6459500912422121,-0.8083048750846691,311,349,0.5249169435215947,0.6092292106607236
mix7_28,20,0.15,0.1,True,-0.3368062992375358,-0.9411137527907877,-0.6252106890573668,-0.35788054126163515,-0.9060613913798286,-0.19333242275596108,-0.75451567950178,-0.19736939797557632,-0.25623380402594403,-0.5616099904298603,-0.572387581301306,-0.8914463705909841,-1.686323635169955,-0.6420886327932905,-0.8039236331987829,309,344,0.5249169435215947,0.5959305731757872
mix7_28,20,0.15,0.2,False,-0.35164016083294525,-0.9543585207192754,-0.5537775297196238,-0.36845708735111743,-0.9175355059715016,-0.17863895280853737,-0.7649401569485417,-0.09627960178499363,-0.2335332394120271,-0.5301584221425755,-0.6193568324216006,-0.9172296015398078,-1.6805245064167311,-0.6752473223518402,-0.8431393367749107,311,199,0.5249169435215947,0.6260982928824417
mix7_28,20,0.15,0.2,True,-0.3339472252280483,-0.9493693907324497,-0.5068506685425752,-0.35175689092988777,-0.9037051208227337,-0.15219703327765632,-0.747817669788341,-0.03994818178357624,-0.20352157942554835,-0.46939613382442147,-0.6126641123442187,-0.9144160600004579,-1.6533339290741955,-0.6700058530729566,-0.837807309865725,309,198,0.5249169435215947,0.6116780048957732
mix7_28,20,0.15,0.3,False,-0.3432838286757661,-0.9583202886983788,-0.47265361120741795,-0.35821408846725467,-0.9112239642874969,-0.127673033727714,-0.7532491822577926,0.04204131118827951,-0.16949641199081855,-0.40802138543245137,-0.6527647535773131,-0.9338016079281548,-1.7381400868187005,-0.6990400830703386,-0.8684761381942167,311,123,0.5249169435215947,0.6300120602715031
mix7_28,20,0.15,0.3,True,-0.32652251265272914,-0.953764224767625,-0.4310194816324846,-0.342351394792862,-0.8973570567508398,-0.10191154221065579,-0.7352750882836252,0.09132410303373555,-0.13860328445038303,-0.33805464824889975,-0.6466594336786469,-0.9315513840631352,-1.7122524531476169,-0.6941747333980881,-0.8640053629473842,309,122,0.5249169435215947,0.6155912055795894
mix7_28,20,0.2,0.0,False,-0.35471347297575373,-0.9779191699494232,-0.25955890779127233,-0.36272269107282057,-0.9197613797474062,-0.052209364192024266,-0.7958533129448673,0.287310875661551,-0.06560174261112998,-0.1860195973203118,-0.7196904652824294,-0.9633290494368527,-1.6048321712435836,-0.7470868502337279,-0.9127680927358517,184,0,0.5249169435215947,0.6942804014431206
mix7_28,20,0.2,0.0,True,-0.33246319817198433,-0.9754962371440723,-0.21457904444562725,-0.3408144342466412,-0.9024629566152229,-0.011489338778763125,-0.7809736824562903,0.3429852600138378,-0.014711556915243637,-0.043386152988334814,-0.7147118078080941,-0.9620697602098776,-1.5830596326471758,-0.7428897959043824,-0.9097725281437347,182,0,0.5249169435215947,0.6793448851174936
mix7_28,20,0.2,0.1,False,-0.33651510339005497,-0.9490098734265172,-0.5241219211373881,-0.3545959982218369,-0.9058236074462719,-0.1589037935870179,-0.7438039413960413,-0.054949489674226346,-0.21363666517923027,-0.4853275395797011,-0.6061827559840085,-0.9075142095616139,-1.6680358706556349,-0.6679595201895876,-0.8325624332161662,184,373,0.5249169435215947,0.6512717684952815
mix7_28,20,0.2,0.1,True,-0.32269373762625964,-0.944027280330553,-0.4876493185374784,-0.3418267081363028,-0.893950758705909,-0.13764621743087502,-0.7251446114415672,-0.009926895569313499,-0.18981898956297585,-0.43358083747577325,-0.6014458101151533,-0.9053689801735996,-1.6512855682065553,-0.664310157831815,-0.828678679969103,182,368,0.5249169435215947,0.6379239266231334
mix7_28,20,0.2,0.2,False,-0.36189774928330254,-0.9689281189047182,-0.4795506052361687,-0.3735031961838344,-0.9247716023824517,-0.13596143067717648,-0.7836181220188738,0.05108719319556015,-0.17350470446866692,-0.4293214554175594,-0.6721378723617717,-0.9376580328613668,-1.7585858442373008,-0.7168262296123767,-0.8821882236841757,184,209,0.5249169435215947,0.672945480349624
mix7_28,20,0.2,0.2,True,-0.34208299441465784,-0.9655185967147789,-0.4304262082057192,-0.354299746870346,-0.910285039601728,-0.10331709997343352,-0.767846705714116,0.11168016027460846,-0.1345543312285831,-0.3420222880394074,-0.6663146197422627,-0.9355171947756203,-1.7337899011443374,-0.7122419806533596,-0.8781425390633246,182,208,0.5249169435215947,0.6584442358981779
mix7_28,20,0.2,0.3,False,-0.3527019805084981,-0.9724456431583707,-0.40249718306121524,-0.3626958308569004,-0.918310234078777,-0.0751437170616136,-0.7721929755908599,0.1849067539644107,-0.09731209611705648,-0.25906366439093254,-0.7042265665808478,-0.9521106483873116,-1.8095764885466334,-0.7396478211578342,-0.9033056420390227,184,131,0.5249169435215947,0.6780758860134707
mix7_28,20,0.2,0.3,True,-0.3337733476533993,-0.9694220994342894,-0.3584665169730155,-0.3443013604168651,-0.9035602610672824,-0.04272862888360407,-0.7555888151471746,0.23877417264345968,-0.05655010771338818,-0.15432041446495914,-0.6989732503977727,-0.9504661165808934,-1.785961313191314,-0.7354004926679399,-0.8999851346232182,182,130,0.5249169435215947,0.6635744814722883
mix7_28,50,0.0,0.0,False,-0.12968604805195982,-0.9482060883654915,0.21327235171088715,-0.1367698959574404,-0.550634676424276,0.2582219318430026,-0.7329263197397443,0.6802460231581696,0.3523163582591698,1.414926178517025,-0.6096023381478541,-0.9371824582641834,-0.9663455412035228,-0.6504628130545019,-0.8353396000573948,0,0,0.5382059800664452,0.7026551486592322
mix7_28,50,0.0,0.0,True,-0.11072189319970405,-0.9422101868384246,0.2388529003989074,-0.11751294429455288,-0.49124062139468705,0.28804092313015817,-0.7120373696115283,0.7083911310315575,0.4045306263733136,1.6420996514951298,-0.6025709880705323,-0.9349947437093453,-0.9548134298307956,-0.6444645727953408,-0.8296050561130476,0,0,0.5382059800664452,0.6889685584941083
mix7_28,50,0.0,0.1,False,-0.07525176021851765,-0.8555670141064258,0.15567897603743075,-0.0879554248560089,-0.3627165043614736,0.15301017231523684,-0.640674832299871,0.53637060946749,0.2388265694251896,0.7271800365135599,-0.4323132621057615,-0.8305533815765076,-0.8207296701189819,-0.5205123134712544,-0.6623803332571769,0,414,0.5382059800664452,0.6614543973178862
mix7_28,50,0.0,0.1,True,-0.06313645804436196,-0.8438909840676873,0.17630263779697455,-0.07481589356487056,-0.31311070098851634,0.17549197629230262,-0.6259586008390972,0.5680838769472618,0.28035716109189285,0.8600649085698207,-0.4320653913935659,-0.8304114622443274,-0.8363003291590307,-0.5203027788487362,-0.6620975612663232,0,409,0.5382059800664452,0.6478683435588715
mix7_28,50,0.0,0.2,False,-0.10845368585272086,-0.9033633362073149,0.1511597795620606,-0.12005544337016527,-0.4837220797018257,0.15389672784307584,-0.6824494189623513,0.5486177298087321,0.22550642372451907,0.732283083373019,-0.4983346269778903,-0.8781682733178454,-0.8641423086041523,-0.5674705430829455,-0.7336505850673162,0,236,0.5382059800664452,0.6819639357910454
mix7_28,50,0.0,0.2,True,-0.09108897315865927,-0.8935118542055807,0.17864225002586165,-0.10194489611964495,-0.4230627762209973,0.18143731856784684,-0.6695716751207503,0.5830877155963605,0.27097519998158,0.8964351622527755,-0.4929295167476334,-0.8756384079818543,-0.8623495228644648,-0.5629372949545725,-0.7281197749043966,0,235,0.5382059800664452,0.6681970180698491
mix7_28,50,0.0,0.3,False,-0.13668774458912336,-0.9357775981910742,0.1275572016522178,-0.14606862234504295,-0.5710594619699394,0.18186142345923195,-0.7089776078210359,0.5874995274730499,0.25651222472055624,0.8990495325992722,-0.5701036870420928,-0.915295083704902,-1.0308730394605332,-0.6228632680232974,-0.8019102839415377,0,141,0.5382059800664452,0.6877026203337516
mix7_28,50,0.0,0.3,True,-0.1177915365564105,-0.9282831117046889,0.15706284547969349,-0.12689182327156573,-0.5140966711675623,0.21004603768391217,-0.6859524672172671,0.620536285952912,0.30621077658050416,1.0788500288976408,-0.5623617899519084,-0.9123454362915263,-1.0196717532653028,-0.6163913004681422,-0.7950122803291786,0,141,0.5382059800664452,0.6740254338503849
mix7_28,50,0.05,0.0,False,-0.2563953990531179,-0.9425383828417818,-0.4478403406336567,-0.2720264805344882,-0.8184186217958278,-0.15208875949194034,-0.8389616770558012,-0.153540188459025,-0.18128212962679174,-0.4691359844514976,-0.44617752177094616,-0.8341802425021602,-1.1300967129578594,-0.5348694431225285,-0.6780162260020828,681,0,0.5382059800664452,0.5358572172165796
mix7_28,50,0.05,0.0,True,-0.23603246834744063,-0.9328654462325505,-0.3894757259204115,-0.25301877060692524,-0.7878516929892547,-0.1420280032445036,-0.8315030417571224,-0.12711726698393147,-0.17080875969421794,-0.4445485383530903,-0.41338948721557767,-0.8148423279509388,-1.0108704520143659,-0.5073245130197356,-0.6404664502551691,667,0,0.5382059800664452,0.5237853494852539
mix7_28,50,0.05,0.1,False,-0.32695455150515507,-0.9396033744356945,-1.1548412932448044,-0.3479708144955492,-0.8977356786870656,-0.2770725299796881,-0.8348371160850581,-0.9212931946256027,-0.33188813079970725,-0.7121571946111562,-0.4285795367649623,-0.7689973188715988,-1.6979119006066257,-0.557322537084844,-0.6581088851717993,681,181,0.5382059800664452,0.5305463966617182
mix7_28,50,0.05,0.1,True,-0.30945474236631976,-0.9299817053237042,-1.0782395959795805,-0.3327535806294233,-0.8814441482838035,-0.2683301225361304,-0.827038120108026,-0.8817556143670702,-0.3244471034794402,-0.6985652493263954,-0.39746462192217913,-0.7442722040556392,-1.5545045763135714,-0.5340312586663065,-0.6215149502988746,667,180,0.5382059800664452,0.5182072754178171
mix7_28,50,0.05,0.2,False,-0.30479788335212576,-0.9370310833974732,-0.9466991559925086,-0.32528044026778086,-0.8767653367474586,-0.24248200083062055,-0.8318479944907821,-0.6995243714553521,-0.2914979689036295,-0.6555967739248474,-0.42956270517748185,-0.7818372517464173,-1.5111275061128628,-0.5494272679102365,-0.6592361398796016,681,107,0.5382059800664452,0.5326434429781505
mix7_28,50,0.05,0.2,True,-0.28571824938911317,-0.9264060498034605,-0.8702136000761193,-0.3084157853348745,-0.8559713878016614,-0.23338462245913405,-0.8239636813118427,-0.6623485877166246,-0.28324624950405525,-0.6394483914777246,-0.3958561393521688,-0.7564454413634671,-1.3649718481254063,-0.5233108929028002,-0.6195748714421419,667,107,0.5382059800664452,0.520602894330938
mix7_28,50,0.05,0.3,False,-0.31025767443345964,-0.9459020439526937,-0.8963638286787204,-0.32800190719217454,-0.8822358252692178,-0.2266954204095739,-0.835843967338435,-0.5870437250925196,-0.271217391364846,-0.6272224337408704,-0.47134643301506274,-0.8199265711227459,-1.6062426909671519,-0.5748642007901223,-0.7054931581897957,681,63,0.5382059800664452,0.5302557988274081
mix7_28,50,0.05,0.3,True,-0.2913393975850507,-0.9367797640950326,-0.8231672787456344,-0.31100095107892983,-0.8623778151410479,-0.21747185186606166,-0.8282004483685362,-0.5517205432160494,-0.26258359590900643,-0.609864969911754,-0.4400453573764662,-0.7989242436086202,-1.4672112667113708,-0.5507973514345337,-0.6711442307249621,667,63,0.5382059800664452,0.518197523649309
mix7_28,50,0.1,0.0,False,-0.3123795765429679,-0.9588509309142997,-0.36367819048307004,-0.3257853400059824,-0.8843069824829362,-0.1442383051159849,-0.81768717058332,0.016327587563560945,-0.1763979065650357,-0.45002098647903443,-0.5838136401907814,-0.9048738522894798,-1.2901635101993871,-0.6451878775297096,-0.8138482621129738,483,0,0.5382059800664452,0.5825507715067542
mix7_28,50,0.1,0.0,True,-0.2931316200605526,-0.9527979639671091,-0.32046897524225026,-0.30765349123969327,-0.8643701800931969,-0.12693752392798474,-0.8073652002878349,0.049955571579755005,-0.1572244182468232,-0.40610324639047024,-0.5655957315552292,-0.8967278752124888,-1.2378346638465392,-0.6307328535105543,-0.7979074527123416,475,0,0.5382059800664452,0.5728787087526862
mix7_28,50,0.1,0.1,False,-0.3492025215904274,-0.9472069129073748,-0.8351958249579411,-0.36866551207758674,-0.9157339560755734,-0.2793585397300685,-0.8317359558807403,-0.5927825721413712,-0.3358740688735173,-0.7156352335345131,-0.49363782501460973,-0.8230963612198312,-1.4521356342760454,-0.5997327266555244,-0.7288476523830347,483,304,0.5382059800664452,0.5623064872614795
mix7_28,50,0.1,0.1,True,-0.3343478172928337,-0.9398794492500051,-0.7910953270128512,-0.35573478871107667,-0.9040381752752722,-0.26854876903795477,-0.8218398232385424,-0.5580270119161608,-0.3267653397224186,-0.6989108557125017,-0.4740405542790561,-0.8097330545504631,-1.4023886846692677,-0.5854281872465089,-0.7083647951602536,475,300,0.5382059800664452,0.5519516500464163
mix7_28,50,0.1,0.2,False,-0.3457221196392495,-0.9515194978060392,-0.7115176915336481,-0.3633368737439394,-0.9131054786035576,-0.24772793731362164,-0.8261788017088555,-0.41488328161946353,-0.2998478498857935,-0.6646618497723005,-0.5336195053384063,-0.8567286922083519,-1.4442142036702887,-0.6228570493687082,-0.7684165200808477,483,175,0.5382059800664452,0.5703505697298312
mix7_28,50,0.1,0.2,True,-0.3287472905189178,-0.9438140037066056,-0.6643078900395831,-0.3483178774926424,-0.8992944578510376,-0.23236537186288742,-0.8121539516447924,-0.37123685392156164,-0.2861100058582438,-0.63760492389709,-0.5163047619840961,-0.8463541347041237,-1.4033189638896701,-0.610033957197587,-0.7516471043026063,475,174,0.5382059800664452,0.5604803783428114
mix7_28,50,0.1,0.3,False,-0.35830753278883565,-0.9604428921183847,-0.6942575687304667,-0.37306490133790327,-0.9223011967497138,-0.22265600363216764,-0.8195474022376326,-0.304445221171309,-0.271681666032061,-0.6196926761566652,-0.592013045436222,-0.8934399100942048,-1.6279487582372194,-0.6626221178924052,-0.8208180621095376,483,102,0.5382059800664452,0.5730050488116009
mix7_28,50,0.1,0.3,True,-0.3403167770445056,-0.9536147052359468,-0.6442036401064241,-0.3568703116425865,-0.9088891457291357,-0.2068889578149996,-0.8050889441319815,-0.2626631777932836,-0.2569765233058317,-0.5892211973459134,-0.5741544362338107,-0.8843150051519163,-1.5762284930183603,-0.6492646092046994,-0.8054744362542013,475,102,0.5382059800664452,0.5633411972168084
mix7_28,50,0.15,0.0,False,-0.29879670569062855,-0.9684205577960605,-0.19641760215495518,-0.30854023418362014,-0.8705118347356123,0.0018971174788480205,-0.7710439001655295,0.33669306752144545,0.002460453261404108,0.007301440540272486,-0.6780715294182886,-0.9519008894945303,-1.4840343542655527,-0.7123341693465083,-0.8862433208699988,320,0,0.5382059800664452,0.623127503722497
mix7_28,50,0.15,0.0,True,-0.2800744020028163,-0.9637780160913703,-0.16097643625474395,-0.29060052971395445,-0.8492931251321785,0.025695268344400057,-0.753083612289931,0.37017875667127065,0.034120073687790714,0.10228109652706019,-0.6675563268796769,-0.948842757445927,-1.4581134274332603,-0.7035478973108142,-0.8790106934360552,316,0,0.5382059800664452,0.6120559334838795
mix7_28,50,0.15,0.1,False,-0.3051919887881156,-0.9297226698341672,-0.5148844479922634,-0.3282613177998038,-0.8771671167087778,-0.12132369291959699,-0.6710796957100864,-0.02388415382804119,-0.18078880004143372,-0.39131111152137754,-0.5855618850503832,-0.8977695797811596,-1.6537755357235135,-0.6522407288439421,-0.8153450098149635,320,369,0.5382059800664452,0.5944287743605838
mix7_28,50,0.15,0.1,True,-0.289700363647753,-0.919984603784934,-0.4764639158451956,-0.3148969694230629,-0.8605346325032222,-0.10412243902527585,-0.6446836175526012,0.015111294228012058,-0.161509360856033,-0.344287676695441,-0.5740428985016119,-0.8922508374766017,-1.6384554208630067,-0.6433649310154507,-0.8053767116909765,316,365,0.5382059800664452,0.5829781094872225
mix7_28,50,0.15,0.2,False,-0.30396864346353814,-0.9520622322798382,-0.41016324844197855,-0.3192739226044554,-0.8759164015410709,-0.08338708682761498,-0.743040292603832,0.10544079960319305,-0.11222417903530113,-0.28409352618635764,-0.6218428101871307,-0.9182632089411926,-1.6087797656463039,-0.6771945169230392,-0.8450981571444122,320,213,0.5382059800664452,0.6078477113152015
mix7_28,50,0.15,0.2,True,-0.28679948206680095,-0.9456070757536164,-0.3709808721235869,-0.3032966751419786,-0.8572224362115557,-0.06144706715968251,-0.7225308477998307,0.14856465716976305,-0.08504421277900338,-0.2160525452233929,-0.6119471678058801,-0.9141119967066133,-1.5974657708879267,-0.6694444116373262,-0.8372310704030406,316,212,0.5382059800664452,0.5966080458426912
mix7_28,50,0.15,0.3,False,-0.32362858182519794,-0.9641471220775268,-0.4076006653901887,-0.33566306885597386,-0.8947909445684673,-0.06330975017896334,-0.7529046248112956,0.1673440481399875,-0.08408734399105464,-0.22200764392300998,-0.670992775580999,-0.940305337309794,-1.750183734063378,-0.713590308336124,-0.8813978358010793,320,125,0.5382059800664452,0.6106599552780042
mix7_28,50,0.15,0.3,True,-0.30549782393422276,-0.9588403748667071,-0.366592186990937,-0.31861176473371955,-0.8774781609857198,-0.040912064670711845,-0.7332880498546508,0.20812701964323616,-0.05579262430203419,-0.14814400350757373,-0.6602465836814009,-0.9365100430045424,-1.7276166154080776,-0.7050074781506624,-0.8738572936807445,316,125,0.5382059800664452,0.5996099774790941
mix7_28,50,0.2,0.0,False,-0.3002554666910494,-0.97675185383071,-0.13709950624443643,-0.30740199316078237,-0.872055526506275,0.046472998302500956,-0.790474070808911,0.420702810880714,0.05879130008014561,0.190482987886458,-0.7067712985358809,-0.9612115556155751,-1.451741952234517,-0.735292136686032,-0.9048948132382093,190,0,0.5382059800664452,0.655967741352439
mix7_28,50,0.2,0.0,True,-0.2848211062749383,-0.9740214649285716,-0.10886840705706351,-0.29241768947650987,-0.8549264779202964,0.07110242350847185,-0.7742247673428034,0.45176110970812017,0.09183692708837075,0.3016733407468515,-0.7011600254607369,-0.9597755449233177,-1.435286885807182,-0.7305458335227293,-0.9013738660270879,190,0,0.5382059800664452,0.6423290921118009
mix7_28,50,0.2,0.1,False,-0.26633807849702285,-0.933084139524656,-0.3281190454578634,-0.28543843713033673,-0.8319632627676863,-0.06378298342416644,-0.6913967762119835,0.14146825686532444,-0.0922523587304238,-0.22351525196608213,-0.570180501111349,-0.895631926018217,-1.4231724555932683,-0.6366236894281408,-0.8019781587386994,190,396,0.5382059800664452,0.6219128538531324
mix7_28,50,0.2,0.1,True,-0.2565541475760924,-0.9275781431363518,-0.3055491323535048,-0.27658494270749495,-0.818641751901644,-0.04568075432527163,-0.6669325697015271,0.17687856410905847,-0.06849381241902038,-0.16428707247050134,-0.5695561981703197,-0.8953410074228746,-1.434182628673382,-0.6361332648101474,-0.8014261869171547,190,391,0.5382059800664452,0.6082820796497279
mix7_28,50,0.2,0.2,False,-0.295182235342749,-0.9627004958408484,-0.3009982027271626,-0.3066189709240037,-0.8666204954992383,-0.03840693859111344,-0.7567361058366817,0.22967752509376516,-0.05075341099080899,-0.13957180767486232,-0.6432273234391493,-0.9320578303561338,-1.5257051314368002,-0.6901152508888595,-0.861460726561236,190,225,0.5382059800664452,0.6389702631377606
mix7_28,50,0.2,0.2,True,-0.281051666754471,-0.958765192204364,-0.2703036019817732,-0.2931392055528064,-0.8504674679155176,-0.015613546487487251,-0.7375511950943452,0.2685764416155033,-0.021169440970792566,-0.058615055512759806,-0.6386603781070617,-0.930380102021055,-1.5200401477781287,-0.686451028692151,-0.8580397103383544,190,224,0.5382059800664452,0.6251431399649847
mix7_28,50,0.2,0.3,False,-0.31335181326346406,-0.973960343839081,-0.2956680069186443,-0.3217295398581818,-0.8852458607023113,-0.00682723731228152,-0.7703168954060902,0.2994905668501773,-0.008862894417864723,-0.02595252361754996,-0.6938198191388107,-0.9532304289012965,-1.6662916153003127,-0.7278615936951518,-0.8966756670810492,190,134,0.5382059800664452,0.6420963150851047
mix7_28,50,0.2,0.3,True,-0.2981387838801556,-0.9708777679472029,-0.2630885105745842,-0.3070816880589737,-0.8698105895128587,0.016695033008638616,-0.7522968603358385,0.3364670611866205,0.022192081196757432,0.06561536706754545,-0.687961024957885,-0.9514990395953047,-1.6502748284869158,-0.7230286067871297,-0.8928506449381892,190,134,0.5382059800664452,0.6284667786038356
mix7_28,100,0.0,0.0,False,-0.0006757058799365945,-0.948500592004491,0.3942975822624424,-0.0007123937355786017,-0.0038850741525245924,0.3533039808259062,-0.8415462070110248,0.7693171643433238,0.41982719176022343,2.1940535087240893,-0.4889671607645456,-0.8947183941261412,-0.6059622928789161,-0.5465039770889174,-0.7240307269154875,0,0,0.5614617940199336,0.6900507401858795
mix7_28,100,0.0,0.0,True,0.0029571666826573306,-0.9474130567581631,0.39635367957234724,0.003121306658762016,0.01715031505713127,0.3663182842039827,-0.8356170208886025,0.7805271776919354,0.4383805918821958,2.3135718703925843,-0.493170186451657,-0.8963727475162602,-0.6511326472814982,-0.5501842707937871,-0.7283671985973788,0,0,0.5614617940199336,0.6814224016916006
mix7_28,100,0.0,0.1,False,-0.037224825705205467,-0.888248477691966,0.23481508017813468,-0.04190812215285844,-0.19624926652612362,0.15065888278307504,-0.768398195573502,0.5356228681242696,0.1960687618099223,0.7136997624069801,-0.35666494381150804,-0.7846105187575685,-0.5731005852555681,-0.45457578669259663,-0.5708399167032459,0,422,0.5614617940199336,0.656469736247054
mix7_28,100,0.0,0.1,True,-0.03703911141356697,-0.8881242801288378,0.23170830352266647,-0.04170487424146743,-0.19535600010434906,0.16218220565151076,-0.7593682591123253,0.5514380426341736,0.21357517081514052,0.7805153038764747,-0.36900296985511916,-0.792462820209006,-0.6539884613266237,-0.4656407347385678,-0.5864855012765113,0,414,0.5614617940199336,0.6460171279501423
mix7_28,100,0.0,0.2,False,-0.06846241033927236,-0.9275119612842638,0.2271914245476356,-0.07381296759178937,-0.3352964979577032,0.16121947016124416,-0.8079716233709628,0.5613811387197356,0.19953605485377757,0.7748605574777623,-0.4348817410769882,-0.8469055522889388,-0.6580324789671069,-0.5134949698955563,-0.6653037949329479,0,239,0.5614617940199336,0.674091489970001
mix7_28,100,0.0,0.2,True,-0.06511548139713097,-0.9259992153767299,0.22885234475962857,-0.07031915396455238,-0.3214248645095804,0.17274164933040814,-0.8005544109820053,0.5754977140551921,0.21577752487618357,0.843415621821338,-0.4399402852969416,-0.8495229078376993,-0.7162238654276375,-0.5178674774253313,-0.6710258768410693,0,237,0.5614617940199336,0.665246044685599
mix7_28,100,0.0,0.3,False,-0.06784052773913207,-0.9447655686082234,0.24759728453273852,-0.07180673173671115,-0.3327369354633015,0.21695950367288575,-0.8199665526282993,0.6309343043787919,0.2645955532911061,1.1248102183373652,-0.48950844183458353,-0.8822326893864865,-0.7604337052225497,-0.554851852264727,-0.7245910374419473,0,147,0.5614617940199336,0.6783997410743932
mix7_28,100,0.0,0.3,True,-0.06387565925671967,-0.9433988318264699,0.2501805282484745,-0.0677080118204652,-0.31622598476772423,0.22891716432768638,-0.8130813164623888,0.6443341111490746,0.2815427678546043,1.2060718970674724,-0.4929803863306824,-0.8837639753330672,-0.8151042001585621,-0.5578190558682721,-0.7281720810416569,0,146,0.5614617940199336,0.6696931439822775
mix7_28,100,0.05,0.0,False,-0.1904791297742192,-0.9465410162721838,-0.2317230085666321,-0.2012370584049215,-0.7038620002533783,-0.05691861306681356,-0.8618099932132682,0.10451963120631942,-0.06604543172514382,-0.201434280098723,-0.4223425860251574,-0.8202239927090113,-1.0585855505436965,-0.5149112800641895,-0.6509164035981436,704,0,0.5614617940199336,0.5560838808991538
mix7_28,100,0.05,0.0,True,-0.1662843657260611,-0.9366602299085731,-0.1713433103734579,-0.17752901256658674,-0.649127022040149,-0.05201994451147385,-0.8590344330184718,0.1156012724744475,-0.06055629729379575,-0.1853950072408267,-0.37544122566717975,-0.7911900878238401,-0.9009452993875804,-0.4745272109005142,-0.5945392480052961,686,0,0.5614617940199336,0.5427257749668927
mix7_28,100,0.05,0.1,False,-0.2980756537356085,-0.9433014436385951,-0.9678418920575853,-0.31599194058883423,-0.8697431376424689,-0.2358461165788247,-0.849392593209549,-0.6766785659353445,-0.2776644374630665,-0.6438717728605231,-0.4198516506107327,-0.7621832313793826,-1.673670080382775,-0.5508539591600491,-0.6480238248691627,704,191,0.5614617940199336,0.5503589997154777
mix7_28,100,0.05,0.1,True,-0.27739957798775017,-0.9329838128498223,-0.8867988477702526,-0.2973251777438949,-0.8460398495914908,-0.231713751056432,-0.8462423739375337,-0.6590984668220198,-0.2738148764381494,-0.6364227235185848,-0.37380300328495963,-0.7246659940848053,-1.475921525209933,-0.5158279901860756,-0.5924971529653524,686,189,0.5614617940199336,0.5364404382595326
mix7_28,100,0.05,0.2,False,-0.2713137324970616,-0.942794427020294,-0.7627120306165385,-0.287776130958421,-0.8384211880577305,-0.1895349248485042,-0.8489971348736812,-0.44244180924394655,-0.2232456589817636,-0.5536353879246444,-0.4261080052407409,-0.7792963181112335,-1.5166892790373738,-0.5467856004677287,-0.6552672755305489,704,113,0.5614617940199336,0.5518466132499616
mix7_28,100,0.05,0.2,True,-0.24956720672708332,-0.9322379454252536,-0.6850906781425686,-0.26770762545311294,-0.8086040974217854,-0.18519024450734278,-0.8458663278674055,-0.42607185860451635,-0.21893559112849856,-0.5443807194541486,-0.37979799554085614,-0.7438788363593458,-1.3306472347739626,-0.510564324426333,-0.5999462003509839,686,113,0.5614617940199336,0.5384811284843015
mix7_28,100,0.05,0.3,False,-0.2764431609481218,-0.9523470246912489,-0.7143251060668443,-0.2902756597971677,-0.8448626092299404,-0.17282969610272814,-0.8578610958036665,-0.34042842172182985,-0.2014658281488063,-0.517274758101399,-0.4665946099546723,-0.8168096113851199,-1.6096897065628741,-0.5712403520367934,-0.7003954268137607,704,68,0.5614617940199336,0.5508807608920578
mix7_28,100,0.05,0.3,True,-0.25481214997738943,-0.9435369505433174,-0.6401739216720757,-0.27006059469177207,-0.8161808342317305,-0.16843893482812367,-0.854943177815136,-0.3250720045717274,-0.1970176956772502,-0.5073650667694038,-0.42340406044908274,-0.7873076861467884,-1.433070447373225,-0.5377872817694578,-0.6521455607261648,686,68,0.5614617940199336,0.5375035540592907
mix7_28,100,0.1,0.0,False,-0.24439286615505507,-0.9639870132937376,-0.17224757515329922,-0.25352298608257895,-0.8008782871131465,-0.0790549273965615,-0.8771217322786639,0.16744635455121187,-0.09012993805453397,-0.2710188278482826,-0.5230867753480466,-0.8764788897372668,-1.0707832113536817,-0.596804762182974,-0.7582823451327477,501,0,0.5614617940199336,0.5943426444318274
mix7_28,100,0.1,0.0,True,-0.231846598408315,-0.9604044576342947,-0.14976287596634208,-0.2414051669224948,-0.7810697490088434,-0.07204992535584576,-0.8734953005504977,0.179921703569651,-0.08248461704423385,-0.24950484900605274,-0.5064523834679084,-0.8680842159148883,-1.0480487946449666,-0.583413883334061,-0.741854862693472,491,0,0.5614617940199336,0.5869659939080457
mix7_28,100,0.1,0.1,False,-0.32833994280531986,-0.9425383144278919,-0.7200260525806588,-0.34835713071740515,-0.8989420061753538,-0.27045770820491866,-0.8399197650953727,-0.5113076805596605,-0.32200421926516787,-0.7019158119450885,-0.4568230672552579,-0.7976087750067846,-1.2970288708495685,-0.5727407741362576,-0.6897810798443802,501,317,0.5614617940199336,0.5751037773002529
mix7_28,100,0.1,0.1,True,-0.3154833417150854,-0.935908556382641,-0.6884241434631412,-0.3370877844460071,-0.8872822360011027,-0.26468099553202096,-0.834999484492271,-0.4925054364232562,-0.31698342387955203,-0.692753794851275,-0.43400471200507595,-0.7809890730130307,-1.2621124932529784,-0.5557116315734095,-0.6643069220295668,491,311,0.5614617940199336,0.566488450530313
mix7_28,100,0.1,0.2,False,-0.31614981248683083,-0.955565132575846,-0.5818708616823738,-0.3308511389847485,-0.8879127913601889,-0.2198979887988759,-0.8580120307896578,-0.29454305871584635,-0.25628776859515157,-0.6144873333859346,-0.5047597166232212,-0.8392439983324583,-1.3314618228092618,-0.6014457268996346,-0.7401542928735062,501,182,0.5614617940199336,0.5830112404109807
mix7_28,100,0.1,0.2,True,-0.3046832029391734,-0.9510995047017143,-0.5570061605833696,-0.32034839828323614,-0.8766482193641112,-0.2137765853462551,-0.8536875983641643,-0.2772924678187931,-0.25041547488319343,-0.6027460324488488,-0.4874835047867587,-0.8283171264368673,-1.3185977573283512,-0.5885227882269483,-0.722492117123064,491,180,0.5614617940199336,0.5754223972449282
mix7_28,100,0.1,0.3,False,-0.31873257814536815,-0.9650718997590945,-0.5328664096168325,-0.33026821962688124,-0.8903289085659831,-0.18842480513994864,-0.8668097139405149,-0.173609858254173,-0.21737735757871232,-0.5512840521834924,-0.5520445668215839,-0.8725218952584701,-1.4562857394102169,-0.6326999583867747,-0.7856441950604207,501,112,0.5614617940199336,0.5860751929811433
mix7_28,100,0.1,0.3,True,-0.30701572869648686,-0.961467782463314,-0.5074080850014272,-0.31931982984380597,-0.8790123046064712,-0.18211815147667443,-0.8627929720044678,-0.15738209756520488,-0.21107978088135304,-0.5377517127142111,-0.5357575785148214,-0.8634848561236778,-1.441888930527164,-0.6204597274814098,-0.7704483165059302,491,111,0.5614617940199336,0.5786884144022846
mix7_28,100,0.15,0.0,False,-0.24112593311455788,-0.9762474199834161,-0.06583986153087328,-0.24699264569493457,-0.7958690478775509,0.037113036075896444,-0.8752712709543291,0.39598735174586114,0.04240175281365195,0.15012801548908183,-0.6191031445710022,-0.9335906695506484,-1.2509802778012213,-0.663141957994274,-0.8429387816993823,330,0,0.5614617940199336,0.62725201641701
mix7_28,100,0.15,0.0,True,-0.230010929466549,-0.9741727956549591,-0.049097713784426844,-0.23610896392555009,-0.7780396146467746,0.04753267878779033,-0.8703923399264919,0.41005901451461724,0.054610635465616175,0.195116810802628,-0.6099854580408897,-0.9305085237811852,-1.2560768639185118,-0.655539892920241,-0.8356493606759134,325,0,0.5614617940199336,0.6191459876840115
mix7_28,100,0.15,0.1,False,-0.30888960687422895,-0.9547410622737997,-0.5010068468563117,-0.32353233675587517,-0.8808843017003261,-0.156854746798195,-0.81356945269294,-0.08604940659673428,-0.19279822549752937,-0.48049824658812623,-0.5570246787255346,-0.8838436766857092,-1.5202700118396457,-0.6302298623827911,-0.7901911711248409,330,377,0.5614617940199336,0.6037596036075985
mix7_28,100,0.15,0.1,True,-0.2969132100171691,-0.9500340095135078,-0.47641530862856274,-0.31252903269137916,-0.8684959447338523,-0.14803256689705102,-0.8059700701063683,-0.06530221771638736,-0.1836700547422491,-0.45932203573857455,-0.5431877456917364,-0.8767856332909119,-1.5264845060758427,-0.6195217223769339,-0.7774424909276751,325,371,0.5614617940199336,0.5943894192925986
mix7_28,100,0.15,0.2,False,-0.2973323307251835,-0.9687676552575556,-0.37810256237803774,-0.3069181027169358,-0.868946754360818,-0.09873524681429657,-0.8514373963477371,0.08625090022286819,-0.11596301411921063,-0.32902338999185055,-0.597537629608923,-0.9078914610297347,-1.5045666536940092,-0.658159763867801,-0.8254423467766855,330,217,0.5614617940199336,0.6152172790538862
mix7_28,100,0.15,0.2,True,-0.2868738243017783,-0.9659939602476547,-0.35942612696185,-0.2969726893822728,-0.8573081234332229,-0.08939218092315249,-0.8454384536839469,0.10507251900104747,-0.1057346995912375,-0.30192942345364404,-0.5878754772834092,-0.9036039118742132,-1.524550818232367,-0.6505897878021192,-0.8173168838496374,325,215,0.5614617940199336,0.60690055053527
mix7_28,100,0.15,0.3,False,-0.30039971190564707,-0.9752914089895285,-0.33223601372305217,-0.30801021021694697,-0.8722073399598261,-0.0683427428436797,-0.8626733922904618,0.1704566567161627,-0.07922203635170043,-0.23793110530167172,-0.6319349922603936,-0.9259765391887906,-1.568451793061926,-0.6824524872023274,-0.852929185658271,330,133,0.5614617940199336,0.618075796275543
mix7_28,100,0.15,0.3,True,-0.28971388248544483,-0.9730374574150565,-0.31320194936706647,-0.29774175729585006,-0.8605499181674854,-0.0587787845224742,-0.8571830148179879,0.18802004262391486,-0.06857203596708591,-0.20746325961822987,-0.6225877683058959,-0.9223293248813782,-1.5835091569674753,-0.6750167770996196,-0.845682850882895,325,132,0.5614617940199336,0.6099687469117915
mix7_28,100,0.2,0.0,False,-0.21642761210058792,-0.980120547547773,0.032470291076828556,-0.2208173399099551,-0.754522422025114,0.10254615114524168,-0.885902978696096,0.49898875304163887,0.11575325245680154,0.4545676762584554,-0.628981283337974,-0.9390909365148539,-1.1347011654558343,-0.6697767584385852,-0.8506573813368338,193,0,0.5614617940199336,0.6491658701878902
mix7_28,100,0.2,0.0,True,-0.21145903296338686,-0.9793835729288466,0.03742537501500149,-0.2159103325891189,-0.7454220333238771,0.11321161360517884,-0.8816080195581811,0.5116048544969062,0.12841490899993738,0.5093220305918764,-0.6290877302157852,-0.9391244459434471,-1.1714901802920394,-0.6698662066919171,-0.850739542932,192,0,0.5614617940199336,0.6411504853182483
mix7_28,100,0.2,0.1,False,-0.24552662258941949,-0.953226201416389,-0.2517749522548927,-0.25757435352132996,-0.8025927645846016,-0.07490884792876096,-0.8246174224332836,0.1356419094928466,-0.09084072915621853,-0.258341170175448,-0.5211978761782106,-0.8716324497483833,-1.2044005603811376,-0.5979560264520514,-0.7564429648911166,193,405,0.5614617940199336,0.623174173723768
mix7_28,100,0.2,0.1,True,-0.2433773911165935,-0.9524536524201803,-0.2529751420707681,-0.25552675502705324,-0.7993322476673816,-0.06559186825153185,-0.8177400320854943,0.15375938541831935,-0.0802111498494845,-0.22925802321549538,-0.5266794062540876,-0.8744360607792132,-1.2784391563534683,-0.6023075098078202,-0.7617623714617731,192,397,0.5614617940199336,0.6132606919738486
mix7_28,100,0.2,0.2,False,-0.27328928145136555,-0.9742454173690439,-0.23287799875485218,-0.2805137972210175,-0.8409277032346959,-0.041368719836542556,-0.8608185621804018,0.23482337957292154,-0.04805742075514505,-0.1496997825886005,-0.6064815681251009,-0.9180050311824002,-1.353414697843225,-0.660651682206955,-0.8328059956700261,193,228,0.5614617940199336,0.6363698248881795
mix7_28,100,0.2,0.2,True,-0.26849808625886273,-0.9732520897383882,-0.2283528557028483,-0.27587722553057703,-0.8347924491747474,-0.031802256226695524,-0.855411378986881,0.25116053122389975,-0.03717773343670152,-0.11666571484895472,-0.6065370587445508,-0.9180272038920538,-1.4067433932042939,-0.6606961712823821,-0.8328512075185982,192,226,0.5614617940199336,0.6280817575401844
mix7_28,100,0.2,0.3,False,-0.27531777615634934,-0.9804813605389241,-0.192879011714989,-0.28079858244833966,-0.8434678727847871,-0.0007462717101569538,-0.8707937233067775,0.31903961649335894,-0.0008570017102592792,-0.0028614242817132096,-0.644386513773665,-0.9376806202739565,-1.4288442654230067,-0.6872132150767907,-0.8623226985655483,193,140,0.5614617940199336,0.6393570638453503
mix7_28,100,0.2,0.3,True,-0.2702739033501488,-0.9796859314690908,-0.18750620758616135,-0.2758781101866583,-0.8370888316329623,0.009129009376381392,-0.8658233639285668,0.3343793654868558,0.010543731847290003,0.03549690627342317,-0.6439789234908668,-0.9375435629466312,-1.4769905635799152,-0.6868789344218714,-0.8620199085979504,192,139,0.5614617940199336,0.6312726112052361
mix7_28,200,0.0,0.0,False,-0.17033998253848393,-0.9553400616023322,0.1623295211081208,-0.17830298276488407,-0.6588433779164506,0.11728014965699773,-0.8063135405184234,0.5413867767648016,0.1454522884256562,0.530605352344993,-0.5710718602142603,-0.9247553167174252,-0.8036551538793624,-0.6175383367801291,-0.8027649713876002,0,0,0.5614617940199336,0.6725672579795448
mix7_28,200,0.0,0.0,True,-0.17241070316636253,-0.9559781789340316,0.15429618851534793,-0.18035004037289845,-0.6637179469639287,0.11210673964930318,-0.8097333679398491,0.5355264323463578,0.13844895627128337,0.5035801995834581,-0.5703056432797708,-0.9244973260135945,-0.8415059962520941,-0.6168818743250585,-0.8020887135892825,0,0,0.5614617940199336,0.6504028999300064
mix7_28,200,0.0,0.1,False,-0.20325130999377794,-0.9161429631151046,-0.06873349436062128,-0.22185545070681437,-0.7297789584694605,-0.05792136147866345,-0.7545225620418854,0.22257906822269735,-0.07676557917886104,-0.2046884733495068,-0.45620559379514536,-0.8439658241913113,-0.8269974466858042,-0.5405498430369285,-0.6891044098350005,0,400,0.5614617940199336,0.6454211042770794
mix7_28,200,0.0,0.1,True,-0.21207369739128223,-0.9213514290499054,-0.09547056837527003,-0.23017677153870802,-0.7465627269158716,-0.061988122222688125,-0.7585651231346165,0.21489102146969302,-0.08171760120810034,-0.21778578877279442,-0.4695139578901131,-0.8512069556434098,-0.9298737521631912,-0.551586138690816,-0.7035322479967037,0,385,0.5614617940199336,0.6225398428383851
mix7_28,200,0.0,0.2,False,-0.19623932975398517,-0.9257544636148021,0.005887864602320693,-0.2119777300211199,-0.7157934656753941,0.0057854737112508214,-0.7305171262543946,0.350977465563778,0.007919696203311314,0.02238968666667418,-0.5162261056760127,-0.8863646874955008,-0.8539903129008624,-0.582408249063547,-0.7515696458962298,0,233,0.5614617940199336,0.6596994858703757
mix7_28,200,0.0,0.2,True,-0.19842131794148565,-0.9269077335684288,-0.005659392145483,-0.2140680358524997,-0.7202080995055066,0.0008550463148617737,-0.7355525134997596,0.3432211099662226,0.0011624544803653276,0.0032859569324650284,-0.515416438142196,-0.885999667885747,-0.9044654404767045,-0.5817343468899142,-0.7507716373467098,0,230,0.5614617940199336,0.636468347040869
mix7_28,200,0.0,0.3,False,-0.19261650237882022,-0.9414234384667687,0.039980793111055304,-0.204601345694687,-0.7083366412841444,0.03950388810812844,-0.7583321464208619,0.4105923526250656,0.05209312079749871,0.16033831753715,-0.5454548727938289,-0.9057361753783052,-0.8890000207275806,-0.6022226864969867,-0.779555956501253,0,142,0.5614617940199336,0.6608386463497223
mix7_28,200,0.0,0.3,True,-0.1939473971676412,-0.9419773294859609,0.030646539082755213,-0.20589391177118743,-0.7110945654570833,0.03499330358576169,-0.7623324719476366,0.4040147533281282,0.04590294244761664,0.14113124914723318,-0.5437473895267891,-0.905055911168063,-0.9355831477051095,-0.6007887278754194,-0.7779651002660525,0,141,0.5614617940199336,0.6379777169129612
mix7_28,200,0.05,0.0,False,-0.20310178604394702,-0.9432059440078273,-0.2648761728055219,-0.21533132539531744,-0.729486783943277,-0.11771919881512038,-0.8755561470110305,-0.037142596397677,-0.13445077076666032,-0.38167097048506804,-0.3703469698775046,-0.7879115067766481,-0.8351700082602845,-0.47003624987353826,-0.5881729988027747,698,0,0.5614617940199336,0.5607774885642424
mix7_28,200,0.05,0.0,True,-0.1705471542862862,-0.9284773506046325,-0.18349063294960427,-0.18368477612859851,-0.6593336825335245,-0.10992260662581588,-0.8712819105758101,-0.019313052731983287,-0.12616192909728904,-0.3604334050816451,-0.3022976561593905,-0.7417789283204721,-0.6236874161960683,-0.4075306599013936,-0.4985941576579366,670,0,0.5614617940199336,0.5300572155953273
mix7_28,200,0.05,0.1,False,-0.3211831029780524,-0.9510806531012442,-1.0634178495792512,-0.33770332929258096,-0.8925813695054448,-0.27841535798930517,-0.8735480019314819,-0.8476066871515012,-0.3187178693943634,-0.7142040222018188,-0.4115532243065081,-0.7556165690663447,-1.6020067379942071,-0.5446588139471739,-0.638304961486547,698,177,0.5614617940199336,0.554954543309087
mix7_28,200,0.05,0.1,True,-0.2947834643132483,-0.9390596722125554,-0.9603968015004175,-0.3139134530382903,-0.8661853240525766,-0.27238669642449853,-0.8694445459506464,-0.82579091257797,-0.3132881765641215,-0.7049297423777923,-0.35101867960838895,-0.7051327294687957,-1.3382586648238355,-0.4978051151771457,-0.5635873170137529,670,172,0.5614617940199336,0.5246938186071977
mix7_28,200,0.05,0.2,False,-0.2906119105393309,-0.9455526643425278,-0.8404501981745439,-0.3073460860494771,-0.8615622170973884,-0.23387903377795982,-0.8648377195117909,-0.6073595439032439,-0.2704311207771867,-0.6403401064655557,-0.4074355294024382,-0.7653192064216432,-1.4074995067194285,-0.5323733234233855,-0.6334354340690427,698,106,0.5614617940199336,0.556233595893257
mix7_28,200,0.05,0.2,True,-0.2613683275075721,-0.9312914092468966,-0.7354646944866333,-0.2806514963119135,-0.8253015532282131,-0.2269300380091681,-0.8600710945888239,-0.583695980210339,-0.26385032520789115,-0.6276563621093596,-0.34299400710867345,-0.7139380925088488,-1.1468702086381846,-0.48042541882498346,-0.5531796302969969,670,106,0.5614617940199336,0.5255186982507526
mix7_28,200,0.05,0.3,False,-0.289366087264636,-0.9531234342137408,-0.7664924582054895,-0.3035977050583616,-0.8601562276803436,-0.22225379025229963,-0.8775527417641201,-0.5131889544190855,-0.25326545024007213,-0.6189368148464025,-0.42838034566551997,-0.7908141291654487,-1.404924162873286,-0.5416953616111949,-0.6578802849764427,698,66,0.5614617940199336,0.5544232085295218
mix7_28,200,0.05,0.3,True,-0.2600998816452903,-0.9408584004608155,-0.6660529986637626,-0.2764495502382697,-0.8235667600248492,-0.2152891246515557,-0.8732901751290889,-0.49060671322968924,-0.24652644766068949,-0.605671452744579,-0.366145370757059,-0.7449599407305053,-1.1564771049562543,-0.49149672450577414,-0.582886587661164,670,66,0.5614617940199336,0.5237355958582661
mix7_28,200,0.1,0.0,False,-0.2658241383575797,-0.9596167082821979,-0.22060039602083348,-0.2770107440432434,-0.8312842396233895,-0.09320742044171437,-0.8467626203407204,0.14046262891582972,-0.11007502953331781,-0.31308910143701196,-0.5487918149974462,-0.888930676827047,-1.1547785448651484,-0.6173617688122837,-0.782649166056408,494,0,0.5614617940199336,0.5857552992508853
mix7_28,200,0.1,0.0,True,-0.25564341042934413,-0.9562835032688524,-0.2042434176071991,-0.2673301479691758,-0.8173585739731617,-0.10175511448098695,-0.8522332324158693,0.12478930627972547,-0.11939820064577451,-0.3376119891592215,-0.5207422439111726,-0.8753116996536828,-1.0885751586312005,-0.5949220650394647,-0.7559982784708225,481,0,0.5614617940199336,0.5616728530154951
mix7_28,200,0.1,0.1,False,-0.3607607887735873,-0.9542789743040477,-0.8145013991143467,-0.3780454128067622,-0.9239963944035594,-0.2862727448957273,-0.8443039540198342,-0.5487549006389107,-0.33906360799656077,-0.7259658235165277,-0.5108167650008855,-0.8344270404071208,-1.504163030076719,-0.6121766676588712,-0.7462149619698004,494,300,0.5614617940199336,0.5689982244974944
mix7_28,200,0.1,0.1,True,-0.35364170891934343,-0.951267822654943,-0.8067195085608068,-0.37175830034106094,-0.9189908552922641,-0.29288082530250037,-0.84976473030562,-0.5723842083663193,-0.3446610748332248,-0.7355771101938171,-0.4847711602415219,-0.8171079004004342,-1.4566725067824695,-0.5932767998008017,-0.7196687275118622,481,287,0.5614617940199336,0.5454452071825866
mix7_28,200,0.1,0.2,False,-0.3343854312092992,-0.9525924656145215,-0.6318636778424255,-0.35102674362806946,-0.9040693987438785,-0.21801669205622964,-0.8213557003979138,-0.28726239262178777,-0.26543517254535315,-0.6109065681222576,-0.5455623479681608,-0.8636820454834896,-1.490152380634607,-0.63167035927296,-0.7796559075992866,494,176,0.5614617940199336,0.5759632450741512
mix7_28,200,0.1,0.2,True,-0.3251077081849618,-0.9486585798022191,-0.6169630614728994,-0.3427025434722172,-0.8961090600310789,-0.22571165089194456,-0.8280095430507765,-0.3096896552267552,-0.27259547041005916,-0.6253988663861458,-0.5168053888971758,-0.8466589677908419,-1.4281297125321297,-0.6104056161427762,-0.7521398359463849,481,173,0.5614617940199336,0.5514152694694661
mix7_28,200,0.1,0.3,False,-0.330857730742271,-0.9598233020556057,-0.5646957434901305,-0.34470691640189344,-0.9011042632818799,-0.19378845922795562,-0.8343723267758413,-0.18606954905840511,-0.2322565754029591,-0.5625605130083076,-0.5698908546294805,-0.8820835151759994,-1.5196219773578308,-0.6460735801368785,-0.801722161845428,494,108,0.5614617940199336,0.576483684372012
mix7_28,200,0.1,0.3,True,-0.32097518415886983,-0.956283817714417,-0.5475454880484285,-0.33564845311930747,-0.8923917525621443,-0.20125061203199957,-0.8401797499813655,-0.20589955976797913,-0.2395328047795286,-0.5778985068248965,-0.542088945923338,-0.8670330804885213,-1.4555679396720633,-0.6252229103160669,-0.7764146939576783,481,107,0.5614617940199336,0.55236771226311
mix7_28,200,0.15,0.0,False,-0.3226488470864354,-0.9813027273258391,-0.23781947763962186,-0.3287964438514198,-0.8939102744985357,-0.0611335443143769,-0.8710661248339253,0.2504547340467249,-0.07018243801643925,-0.21504689135718524,-0.669550464868867,-0.9494296412288574,-1.452270206994608,-0.7052133573608049,-0.8803987014365612,333,0,0.5614617940199336,0.6137501958937229
mix7_28,200,0.15,0.0,True,-0.31313020389442703,-0.9797380910337815,-0.22485937970502037,-0.31960603222441236,-0.8850324109926233,-0.0651368408974512,-0.8731636013603431,0.24395948039851495,-0.07459866718673501,-0.2278163882608989,-0.6524491926173042,-0.9442915254612798,-1.4263988686612454,-0.6909404299679458,-0.8682468137912193,326,0,0.5614617940199336,0.5895662348081528
mix7_28,200,0.15,0.1,False,-0.3925305973876141,-0.9718140213362754,-0.7509641008619518,-0.40391534673256924,-0.9433320080313394,-0.23792597440348162,-0.8344408964183759,-0.28870133327635367,-0.28513220699598735,-0.6475779528498877,-0.6318510048803816,-0.9185416464850927,-1.831151960060345,-0.6878849830034746,-0.8528648181569729,333,352,0.5614617940199336,0.5929587529164243
mix7_28,200,0.15,0.1,True,-0.38563546980276353,-0.969921118029414,-0.7459104303026421,-0.3975946730454308,-0.9395263204350198,-0.24097771115843236,-0.8369712379535234,-0.29855862317842985,-0.2879163586883182,-0.6529642356003615,-0.6160890029141426,-0.9117218885186531,-1.8374698664688502,-0.6757422528432999,-0.8405465440301346,326,339,0.5614617940199336,0.5692463881632901
mix7_28,200,0.15,0.2,False,-0.3569212116595233,-0.9735976156424139,-0.5426038679896343,-0.36660033459923186,-0.9213295152919574,-0.1447258356295844,-0.8288910210455745,-0.016712948168412987,-0.17460176543718045,-0.4512226674858332,-0.6574811128565548,-0.9323955700348334,-1.7522894391895085,-0.705152548968022,-0.8718808182809115,333,209,0.5614617940199336,0.6034330191157545
mix7_28,200,0.15,0.2,True,-0.34787560425080777,-0.971386026332288,-0.5309964018082893,-0.358122924172895,-0.9147397012567435,-0.14865753083066802,-0.831890584009225,-0.026241804440913296,-0.1786984174219473,-0.460842806487065,-0.6394997154127979,-0.925425398793565,-1.740363325736077,-0.6910332440048486,-0.8586714378256164,326,206,0.5614617940199336,0.5787192232737834
mix7_28,200,0.15,0.3,False,-0.35837837622692525,-0.9781316881298038,-0.48668659876692016,-0.3663907228198974,-0.9223505837649456,-0.13059982415928606,-0.846609274470765,0.044431004257733234,-0.15426221764571033,-0.41560882121243403,-0.6739981786910387,-0.941346726669191,-1.7394406930480306,-0.715993543713565,-0.8834668822829778,333,126,0.5614617940199336,0.6037676468562206
mix7_28,200,0.15,0.3,True,-0.3488368700880615,-0.976191364901496,-0.47329023925375435,-0.35734476110968405,-0.9154609360006505,-0.13411174054281394,-0.8489739859140082,0.03654011284461735,-0.1579691990190121,-0.42461794808787834,-0.6564507305146154,-0.9351427044322709,-1.7224107373510322,-0.7019792031774974,-0.8711406468898326,326,125,0.5614617940199336,0.5795071733358764
mix7_28,200,0.2,0.0,False,-0.3127863095595709,-0.9842426713194156,-0.15380638630616442,-0.31779389237439654,-0.8847005293184932,-0.05120353612798867,-0.8918104958596929,0.29257068963063243,-0.05741526520006829,-0.18269893609960997,-0.662081746093631,-0.9490845866314144,-1.2254721274721871,-0.6976003566168507,-0.8751607605271209,194,0,0.5614617940199336,0.6332483721299467
mix7_28,200,0.2,0.0,True,-0.3126574853734665,-0.984225652800382,-0.15958719158117898,-0.31766849856419954,-0.8845760014701423,-0.055674794576236586,-0.8937544286844022,0.28576795073534095,-0.06229316777561521,-0.1973840793435,-0.6586798082816816,-0.9480970108897397,-1.2509472015977547,-0.6947388302211235,-0.8727393286589356,193,0,0.5614617940199336,0.6105298023643978
mix7_28,200,0.2,0.1,False,-0.3387648094346912,-0.9665964632247367,-0.4957756832279229,-0.3504718073398613,-0.907647811674122,-0.20209789688007174,-0.848247573413816,-0.14163906793098568,-0.23825343356623865,-0.5796145460119813,-0.5667983487750252,-0.8940512423070913,-1.3336662164035689,-0.6339662895746413,-0.7989790624921229,194,382,0.5614617940199336,0.6113835006800517
mix7_28,200,0.2,0.1,True,-0.34433015398078093,-0.9681834584155308,-0.5233664114248299,-0.3556455659181478,-0.9120354452267766,-0.205604338866198,-0.8507914044169392,-0.15139120319014165,-0.24166245427350302,-0.5866614814394648,-0.5739156344991959,-0.8973643614432684,-1.4256532037885052,-0.6395569727954691,-0.8052651797560932,193,367,0.5614617940199336,0.587847909400242
mix7_28,200,0.2,0.2,False,-0.340717165582901,-0.9765323207660316,-0.403990187453441,-0.3489051599599168,-0.9092071470951236,-0.13596859499710257,-0.8508767817862303,0.04936704677916674,-0.15979821979824876,-0.42933961783057706,-0.6383541764268829,-0.9302669142797628,-1.4328340857088135,-0.686205396137423,-0.8578089118887736,194,221,0.5614617940199336,0.6227445924298701
mix7_28,200,0.2,0.2,True,-0.3405375828815954,-0.9764954837696483,-0.4143207427112707,-0.34873441663753457,-0.9090646304039444,-0.1402675348265815,-0.8537046185351925,0.03989566337525576,-0.16430452849986452,-0.4401611010255161,-0.6344269817044426,-0.9288074238018934,-1.474532098949463,-0.6830554595564476,-0.8548328993261172,193,218,0.5614617940199336,0.5987939497602259
mix7_28,200,0.2,0.3,False,-0.3413021232602189,-0.9817865211896352,-0.35414479918391784,-0.3476337430734551,-0.9096700899180666,-0.1141724247545336,-0.868431832527311,0.11800196404619474,-0.13146964502932706,-0.3720754545668188,-0.6602154378492147,-0.9428916949261233,-1.4451281894119565,-0.7002028349618068,-0.8738351157156051,194,134,0.5614617940199336,0.622581498558635
mix7_28,200,0.2,0.3,True,-0.3406116169814585,-0.9816762917811744,-0.3620958252058033,-0.3469693827111231,-0.9091234061868414,-0.11808027064022908,-0.8706457639801808,0.1100607833569434,-0.13562378124993327,-0.3826417026788633,-0.6561151487929759,-0.9415627320002038,-1.4823365780326387,-0.6968363620331077,-0.8708991425055792,193,133,0.5614617940199336,0.59905312285529
