lookback,btc_ma,sl,tp,abs_mom,ret_2022,mdd_2022,ret_2023,mdd_2023,ret_2024,mdd_2024,ret_2025,mdd_2025,ret_2026,mdd_2026
7,50,0.0,0.0,False,-0.2738515313306489,-0.3660042390173228,0.7810450657558403,-0.33218246928881723,1.9139359614173022,-0.5822671172916014,-0.2156089633055508,-0.40392485125966937,-0.10045494320114379,-0.27444690049938847
7,50,0.0,0.0,True,-0.23838794563642163,-0.3660042390173228,0.8703326737387083,-0.28123954760219916,2.5000903561476555,-0.4365605933843907,-0.21907490273624297,-0.36482306130560327,-0.29127057282627333,-0.4059203333060174
7,50,0.0,0.1,False,-0.141586674101436,-0.28798932180455694,0.6446358045422569,-0.33215542484081606,0.6295988525687288,-0.5636765331268474,-0.23559001769130583,-0.34658092058496404,-0.17591731920437237,-0.2842411624442974
7,50,0.0,0.1,True,-0.10987013070654728,-0.28798932180455716,0.7116051385858702,-0.28982780063717317,0.9982026298413254,-0.42656572325514486,-0.24657948886348224,-0.3264744274594312,-0.3094478431591955,-0.3832211033594888
7,50,0.0,0.2,False,-0.2687871289419884,-0.3828587773767904,0.734589542262778,-0.31593513406497775,1.0145572789158166,-0.5823156936413104,-0.25596986029774627,-0.39032233178171727,-0.12206863172692473,-0.28156134191843873
7,50,0.0,0.2,True,-0.23286203779812253,-0.3828587773767902,0.7966633864898547,-0.26952786441293053,1.4996853617321322,-0.436626098996757,-0.26143386741238295,-0.36115201795279406,-0.28131217314027057,-0.3887980098431112
7,50,0.0,0.3,False,-0.28192671145119597,-0.3790804867545038,0.7588947620239739,-0.3321824729250442,1.1944150252628334,-0.5822683576505447,-0.24714532097283615,-0.3944448608640836,-0.10140287904942036,-0.2788888846249058
7,50,0.0,0.3,True,-0.24685750081187408,-0.37908048675450334,0.8471233328687171,-0.2812395509083472,1.6945903662068464,-0.4365622617445104,-0.2577885275746632,-0.3587775681843116,-0.27266867699455655,-0.38911596053573705
7,50,0.05,0.0,False,-0.07493401610810135,-0.24076793393314977,-0.19875211759622347,-0.36867598978639093,1.1203133255658217,-0.39146543687393565,-0.24985860708812258,-0.3867143969211133,-0.08858028609519064,-0.19456913470123005
7,50,0.05,0.0,True,-0.020777446608329697,-0.20553644937453142,-0.1078491567722224,-0.2886305084580615,1.3482364843887233,-0.24855215117088714,-0.23928019732498496,-0.3492212813010903,-0.27622366156568945,-0.2966115952441134
7,50,0.05,0.1,False,-0.058524402224678695,-0.2369717224673571,-0.22328097819714776,-0.3632613509086001,0.35025055743730604,-0.37462861840489947,-0.3034523609533222,-0.35985805857919695,-0.1645882563136537,-0.18796930354066643
7,50,0.05,0.1,True,-0.003407157043152975,-0.20156407811304977,-0.14110306985604593,-0.28745556914721293,0.5251944525988832,-0.24003261984445634,-0.28419301620782067,-0.32076371569279194,-0.29405991348448335,-0.30800258172919304
7,50,0.05,0.2,False,-0.08782807104380164,-0.227471859063625,-0.22596513723685174,-0.35443254911813427,0.5053867378051771,-0.3844636131197514,-0.29013626448723107,-0.378828946026214,-0.11057338813833395,-0.17454123367563545
7,50,0.05,0.2,True,-0.034426364218064553,-0.1916233820498774,-0.14837606784429547,-0.2812125438903731,0.7395072487634415,-0.23990596126355634,-0.2813639652824037,-0.34197973317917296,-0.26599657529504717,-0.2805079646150016
7,50,0.05,0.3,False,-0.0734219887022558,-0.22411073713193053,-0.209015460997522,-0.3643434015476794,0.5559553536450392,-0.38986102517427157,-0.2937415516024686,-0.38671439692111353,-0.09824596280292286,-0.1945653699909209
7,50,0.05,0.3,True,-0.019176899876602427,-0.188106290262945,-0.11924694152193072,-0.2837242257891347,0.8023040890537194,-0.2465709461688974,-0.2837819741995653,-0.3492212813010901,-0.26423959077866443,-0.2924422893005335
7,50,0.1,0.0,False,-0.07759782546047167,-0.26855741443965897,0.15113183173014155,-0.3156409706232641,0.9977134579809166,-0.5539105070999116,-0.2915497514647063,-0.39064762502445716,-0.04668801004346568,-0.25262163129824566
7,50,0.1,0.0,True,-0.02981856255583082,-0.23682673591374614,0.23126233190715473,-0.25248344500502473,1.1830040522771639,-0.3978599213298163,-0.3015774644284239,-0.3637531226167886,-0.2487920404154892,-0.37768964241833847
7,50,0.1,0.1,False,-0.04118953935493641,-0.27121109716041003,0.030438373484419134,-0.33058647586027534,0.2338574920809997,-0.5284728930940517,-0.31588190483515777,-0.38684130301808695,-0.14376261289677916,-0.2735476766778979
7,50,0.1,0.1,True,-0.003350415589391975,-0.24851253602999424,0.0915706556631557,-0.261372936358509,0.3746286290779808,-0.3850448437856683,-0.31577830869388424,-0.3674258969176073,-0.2824394977999848,-0.3610339839641552
7,50,0.1,0.2,False,-0.10814209671415909,-0.2733283588117673,0.10387213457327782,-0.2990050966501254,0.44984551321969213,-0.5539672337353174,-0.3279466851312389,-0.4110137176984573,-0.07036157072080174,-0.2649988049030334
7,50,0.1,0.2,True,-0.06194498832600048,-0.2418046484131211,0.16459975021370576,-0.24030251975300343,0.6365873281930212,-0.3979364920207862,-0.339429236843627,-0.39193312967117055,-0.23890132557984556,-0.3638904810459227
7,50,0.1,0.3,False,-0.08842544732364166,-0.26187853665519056,0.1256291011944053,-0.3156409745225952,0.4875416839141975,-0.5539134923330424,-0.32002307026542665,-0.4143221990186573,-0.04915981390707336,-0.26830471379494425
7,50,0.1,0.3,True,-0.04120704150055643,-0.23648347230764266,0.20401781097665816,-0.25248344860324434,0.6617592030138297,-0.3978639508542524,-0.3361917268990925,-0.38895294548889614,-0.23028715415112555,-0.3739973523912008
7,50,0.15,0.0,False,-0.14123572348783053,-0.2752567413941601,0.45222324233751476,-0.35821790109764495,0.8602089560387742,-0.603862027477984,-0.29189113512534115,-0.42555632973336455,-0.13001884512890483,-0.2996416776344729
7,50,0.15,0.0,True,-0.09940261824302588,-0.2752567413941601,0.5627637180567135,-0.29194796534388634,1.2096935325738887,-0.4332991745780559,-0.26028072931603374,-0.3940736805009182,-0.3145113505319772,-0.41687196920749026
7,50,0.15,0.1,False,-0.06706745564226524,-0.2568137900445079,0.3492146056940062,-0.35813267920343494,0.07442264412634447,-0.5810327139882354,-0.3242173857109075,-0.40203698505810015,-0.21763080985323335,-0.3193086311411958
7,50,0.15,0.1,True,-0.03269948571386416,-0.2568137900445082,0.438907021017525,-0.30034071516313754,0.3009078672555996,-0.4266480779133177,-0.2837993054823865,-0.3552109745078299,-0.3443734769170077,-0.4022345373106093
7,50,0.15,0.2,False,-0.13580826591492168,-0.2714624382147063,0.41382571621528297,-0.34261427563469127,0.2963545794439144,-0.6039092360136016,-0.3283247030364669,-0.4177310387432116,-0.15107301586431254,-0.31144785296603117
7,50,0.15,0.2,True,-0.09345449559048746,-0.2714624382147063,0.5006776116733336,-0.28041282454347527,0.5907277415816281,-0.4333666958841952,-0.30040353846077106,-0.3905715494045824,-0.3050185358732913,-0.4041071591587675
7,50,0.15,0.3,False,-0.15138959301484545,-0.2752531503547371,0.42059687756533526,-0.35821790505307405,0.39139637490522317,-0.6038636226177436,-0.32037167509165754,-0.41642837688595613,-0.13145244311504822,-0.3143485062801289
7,50,0.15,0.3,True,-0.11005111464750117,-0.2752531503547371,0.5287725303508688,-0.2919479690305312,0.6896543832173683,-0.4333014521327735,-0.2969574555511538,-0.38831167123981947,-0.29694856541614867,-0.4134121556491791
7,50,0.2,0.0,False,-0.20901824313295458,-0.3183095650326496,0.7595888884163338,-0.3402276398714541,0.6392773001725998,-0.6170956061986068,-0.2623462259541721,-0.4277319588857297,-0.10328994568819438,-0.27669955886771647
7,50,0.2,0.0,True,-0.17039766807156387,-0.31830956503264995,0.8482055244690772,-0.2897429117590803,1.0590705432715906,-0.44580454584885987,-0.2414172186994923,-0.3700917147642536,-0.29345807717212746,-0.40773809301560904
7,50,0.2,0.1,False,-0.1106338505337785,-0.3007839803723371,0.6248229403430312,-0.3402009227177777,-0.041665700418938356,-0.5975110345697683,-0.29842219986159224,-0.38776068656305496,-0.17842882569502272,-0.2851821698757826
7,50,0.2,0.1,True,-0.07778182324342198,-0.3007839803723371,0.6913558277038911,-0.29822956183807614,0.21765287806897748,-0.4378059162378901,-0.26799094736689644,-0.3332631505239808,-0.3115236849865305,-0.3850603443609232
7,50,0.2,0.2,False,-0.20345613710079036,-0.32599019699510423,0.7136930127001524,-0.3241760356416806,0.14805168091353105,-0.6171418298580835,-0.3003029191821559,-0.4146733049232022,-0.12476685319624925,-0.28373626480808356
7,50,0.2,0.2,True,-0.16433135446978386,-0.32599019699510423,0.7754077887469346,-0.278169784759949,0.4896633420785872,-0.4458714287900566,-0.28256499591047934,-0.3664517500448977,-0.28348736004558595,-0.3906318095742435
7,50,0.2,0.3,False,-0.21783474116259338,-0.3218739417417289,0.7377054284910214,-0.3402276434638768,0.22449760436534216,-0.6170973155375582,-0.2920035169943884,-0.418630597188578,-0.10413990297399234,-0.2789904224600863
7,50,0.2,0.3,True,-0.17964464154640303,-0.32187394174172945,0.8252707639221935,-0.28974291502611504,0.5723654585613263,-0.4458070137818837,-0.27902324430803327,-0.3640963676830682,-0.2748466750383243,-0.3909293667840137
7,120,0.0,0.0,False,-0.3710339617199372,-0.3943494884913934,0.27827465994727274,-0.4660768521012888,1.4596464239222016,-0.5720838642668211,-0.46396504767713453,-0.5924610117554425,-0.06703692983612852,-0.2763232168306927
7,120,0.0,0.0,True,-0.3457524755328243,-0.37000517717882486,0.4564373633637231,-0.36791168539889196,1.8589548435634322,-0.4768174128977192,-0.4473715876591924,-0.5670702368753154,-0.21261116254071633,-0.3254626794394806
7,120,0.0,0.1,False,-0.18274034684685803,-0.23196239160845378,0.19669857879193375,-0.47703211818118896,0.3827772567484431,-0.5559488188997896,-0.4339927466750354,-0.5282571258904967,-0.15710792418743513,-0.28766335087461825
7,120,0.0,0.1,True,-0.15952753205846193,-0.21014764193210478,0.34980389894042374,-0.38573064070734053,0.6396105139811312,-0.4418446715818227,-0.44240192031318726,-0.5128134506524678,-0.23999794288501464,-0.30625431604918374
7,120,0.0,0.2,False,-0.33259801471223005,-0.3618451181112766,0.24493308172877692,-0.46185870457694533,0.7132794762897248,-0.5686546954295651,-0.4902017921488898,-0.5818810713638802,-0.08615656118855641,-0.2792252154713346
7,120,0.0,0.2,True,-0.3055777136688024,-0.3360089093479307,0.39907073336971544,-0.37042827359080943,1.0523689436597854,-0.44726265531219966,-0.4748595451577542,-0.562310073352993,-0.19863461367717172,-0.30348967701861806
7,120,0.0,0.3,False,-0.35148389366427146,-0.37552413386601413,0.2623771291639061,-0.46909700592746595,0.8806864065519318,-0.5654004446332326,-0.48148306804024465,-0.5859795040083939,-0.07344005163504663,-0.28493652218943444
7,120,0.0,0.3,True,-0.32541658639076443,-0.35042313154953975,0.438364125111812,-0.3714687529007151,1.2347624467452794,-0.4466742681241306,-0.47065009362524446,-0.5629496938493788,-0.19671078038158507,-0.3104735459797855
7,120,0.05,0.0,False,-0.16479915578474635,-0.16479915578474635,-0.32686690593857315,-0.4524498766153626,0.8576547236360668,-0.42865959670315634,-0.3605196125703616,-0.47200569928651726,0.004389841075229661,-0.17807115040428934
7,120,0.05,0.0,True,-0.12604240806365663,-0.12604240806365663,-0.20708612271177274,-0.3624126441850677,1.041277247590803,-0.3580646213978833,-0.28074730517435476,-0.40615507624987734,-0.17330305056193807,-0.1804026824277255
7,120,0.05,0.1,False,-0.07572518131360084,-0.1122826156863711,-0.3460994069720814,-0.44658725448063674,0.14643205156514472,-0.43548590393079023,-0.39904335526381984,-0.44634994332022426,-0.08796318265779124,-0.1606837807376419
7,120,0.05,0.1,True,-0.032835035523048006,-0.07108888492117338,-0.2351464836969558,-0.3601083660060902,0.29531325510197015,-0.3188905615114186,-0.33209113722640093,-0.3667379803212827,-0.1976010974697987,-0.1976010974697987
7,120,0.05,0.2,False,-0.1404817064263172,-0.1404817064263172,-0.34972871542996575,-0.44009647714537825,0.3295506246319726,-0.4174169949075972,-0.3962382560944262,-0.4662135493478512,-0.016330917565813174,-0.1561997853316318
7,120,0.05,0.2,True,-0.10059652923041007,-0.11091266457366367,-0.24310508567286615,-0.3557640593509971,0.520092215245217,-0.3219113267446365,-0.32082389779095666,-0.39954705962497883,-0.15858182392755793,-0.15859872952252496
7,120,0.05,0.3,False,-0.1381721027799434,-0.1381721027799434,-0.33548920969653606,-0.44869220355742956,0.38388293123745054,-0.41846618234019173,-0.3932085961576105,-0.47200569928651737,-0.012035400937032592,-0.1780673085798108
7,120,0.05,0.3,True,-0.09817975049378314,-0.11090128914289088,-0.21721609513141582,-0.3580152335137795,0.5904717661135415,-0.321367669726504,-0.31751409193734137,-0.4061550762498769,-0.16456684704964697,-0.1804026824277255
7,120,0.1,0.0,False,-0.19770681039061322,-0.22744750734787145,-0.11346990169859195,-0.4468972754340246,0.5448857622982315,-0.5831146244408889,-0.5161804895205255,-0.5831343220704528,0.04670520159573033,-0.23610806734164347
7,120,0.1,0.0,True,-0.1629025649370588,-0.19393344175657423,-0.0016507155593045164,-0.3529740477734056,0.6750875565655887,-0.4786338267362026,-0.4389631025039722,-0.5049994791834344,-0.12540226863670945,-0.25952960137705217
7,120,0.1,0.1,False,-0.053790865345562655,-0.144531032203413,-0.1951913845422344,-0.4637675924798942,-0.0461517192861155,-0.5715818284295368,-0.5210122393302525,-0.572049421303645,-0.07294244005700845,-0.2346906562069756
7,120,0.1,0.1,True,-0.024320622588808183,-0.10330419791984391,-0.10364991853197181,-0.377813588166934,0.053638253627962484,-0.4668214064448857,-0.44965457721950997,-0.49119668869849387,-0.17247562789706639,-0.24690019444190936
7,120,0.1,0.2,False,-0.17016770146504434,-0.2065328780364858,-0.14986635984469654,-0.44273150350887647,0.12963641779764945,-0.5797794999369223,-0.539830314256464,-0.5979807537575916,0.024397043117641903,-0.21937769987379452
7,120,0.1,0.2,True,-0.13416878314248004,-0.17211151583398587,-0.05570299414474378,-0.35577351885053565,0.2623085609221949,-0.4661959646771848,-0.466847129990111,-0.5092235152450999,-0.11066154343704226,-0.24035530695369356
7,120,0.1,0.3,False,-0.17281207254213282,-0.20347560776322138,-0.1331105352896581,-0.4501927420774833,0.16799416993364424,-0.5766018065806587,-0.5319852767899704,-0.5981615521523233,0.037919859982934234,-0.23610565292925834
7,120,0.1,0.3,True,-0.13692786956456882,-0.16892161825391339,-0.0237415034004268,-0.3568103705121082,0.2947006448286662,-0.4607309150225356,-0.4625882129963307,-0.5053031081186565,-0.10914348691533515,-0.25952960137705194
7,120,0.15,0.0,False,-0.24970345347595846,-0.2775166550676522,0.08600010411558556,-0.4689846223316827,0.5717315581517597,-0.6029800570543425,-0.5515251890947608,-0.6140030894792241,-0.06944624235353991,-0.2826851697565539
7,120,0.15,0.0,True,-0.2195727092825438,-0.24850284585979976,0.23883463758423518,-0.37060694317789744,0.8057740299298524,-0.4956421352587014,-0.44394037147802445,-0.5560178750519548,-0.20292993296091644,-0.30703283449225693
7,120,0.15,0.1,False,-0.0991091261532816,-0.16380036319493863,0.02292367138916518,-0.47982797763395335,-0.08710726148910364,-0.5893980833997594,-0.5611983664907778,-0.6115477750149199,-0.174864568104238,-0.30147633064432855
7,120,0.15,0.1,True,-0.07354110938741387,-0.12645097105173264,0.15517416320959265,-0.3882849578653468,0.06831209179051756,-0.4660171813264946,-0.4609145677519999,-0.5199458728720107,-0.24493693945709238,-0.29642558954003984
7,120,0.15,0.2,False,-0.20405241263545504,-0.23893268254929867,0.05728573628225497,-0.46479920204906344,0.1035520143429356,-0.5998028678228504,-0.5734767942376248,-0.6247927460050788,-0.08867690030305742,-0.2875776468033088
7,120,0.15,0.2,True,-0.17185427991904867,-0.20814554670969498,0.18961772525835063,-0.3731162153649198,0.3066738232058601,-0.46715332382440444,-0.47159908631184466,-0.5511368417798171,-0.18894494124588201,-0.28928122171464454
7,120,0.15,0.3,False,-0.22641275160055496,-0.2550893304655065,0.062349286103697166,-0.4719889128953165,0.19362216960180345,-0.596784846115476,-0.5661887634373068,-0.6215454323075393,-0.07638241311591076,-0.2988096611950878
7,120,0.15,0.3,True,-0.1953466889873181,-0.2251748747284109,0.21188912300473217,-0.3741495457507693,0.40196647687574516,-0.46658576537702523,-0.4673678369087324,-0.5517958615275576,-0.18733007070062502,-0.30703283449225705
7,120,0.2,0.0,False,-0.302336426308462,-0.32819854403799165,0.30180189126876233,-0.4562497517119024,0.38371615040881935,-0.6077596057140853,-0.47702990868641604,-0.5835267596955065,-0.08088813881176016,-0.28703375693347877
7,120,0.2,0.0,True,-0.2743017862009556,-0.3012031371516336,0.46639579170187173,-0.3635897651140412,0.6818965120698592,-0.4714803241557891,-0.42916396191841544,-0.5434539222727481,-0.22375001975704978,-0.33498724736507046
7,120,0.2,0.1,False,-0.1377775290640616,-0.18682852335805256,0.21872397709378832,-0.46740682397572186,-0.18681281455964094,-0.5903805985195336,-0.46635795784504663,-0.5500546233508645,-0.16953334020788402,-0.2969442387774761
7,120,0.2,0.1,True,-0.11329546783767319,-0.1637392226847696,0.359033215892413,-0.38153055903973154,-0.0008639553419803603,-0.4508238598683053,-0.4297402410960558,-0.49133045497424066,-0.25068732458560283,-0.31599530603982484
7,120,0.2,0.2,False,-0.25965828027052873,-0.29210177205639676,0.2678466459910427,-0.4519539672574645,-0.0236372764765429,-0.6046186993247289,-0.502627654848188,-0.5850193248490339,-0.09965098252070204,-0.28983582236615035
7,120,0.2,0.2,True,-0.2296942420098249,-0.2634508274702434,0.408636915873122,-0.3661235605479527,0.2230893324928227,-0.45147326556740874,-0.45755810714583023,-0.5384345494946827,-0.20992191870471977,-0.3132819794740308
7,120,0.2,0.3,False,-0.280669728146241,-0.30733502196208484,0.28561175914086223,-0.4593254928542664,0.04943520713921501,-0.6016356340965445,-0.49412095968539416,-0.5851871082848159,-0.08709939820467583,-0.293425043396752
7,120,0.2,0.3,True,-0.2517644419161602,-0.27950124346678884,0.44819897721352286,-0.3671711541573892,0.3040434650829873,-0.44586811054110986,-0.45320943229670096,-0.5391086036625885,-0.2080014833842695,-0.32014751003322606
7,200,0.0,0.0,False,0.0,0.0,0.4668663364713639,-0.4319574932710225,1.2170591019367185,-0.605923702837539,-0.4630820965257969,-0.6027153860722042,0.12055998049037298,-0.13680277164911603
7,200,0.0,0.0,True,0.0,0.0,0.7172767879557631,-0.3434669161532208,1.5680915465262384,-0.5173195456903218,-0.4664445545663851,-0.582024172214324,0.060396064732257226,-0.12995010325939982
7,200,0.0,0.1,False,0.0,0.0,0.28346013323433716,-0.4298809953825754,0.2586295448892544,-0.5940633344188024,-0.40776090703555423,-0.5063940077908357,0.05643152924658934,-0.10468758526465816
7,200,0.0,0.1,True,0.0,0.0,0.48750630410072926,-0.3463879748615447,0.48725365586793923,-0.4912973702975072,-0.440398315406735,-0.5109500982361865,0.0065093946814756,-0.10705520755563769
7,200,0.0,0.2,False,0.0,0.0,0.36739362616958093,-0.4181375719140512,0.5656907353844025,-0.5985196077076624,-0.47761484718306146,-0.5830251207202681,0.11241161122426924,-0.11972285227584456
7,200,0.0,0.2,True,0.0,0.0,0.5789705867043038,-0.3354501654384068,0.8690969438006684,-0.4873079288316474,-0.4824158149680642,-0.568620640536723,0.05226149631934751,-0.11270691929020638
7,200,0.0,0.3,False,0.0,0.0,0.4060961698777854,-0.43195749636398095,0.6936368652580391,-0.5997688116295352,-0.48062543025260096,-0.5963969640874809,0.1434050847486139,-0.10994384707368365
7,200,0.0,0.3,True,0.0,0.0,0.6461910351661979,-0.3434669191731359,1.005551921691752,-0.48950992975065,-0.48891848590067755,-0.5780459578966904,0.0818095035151678,-0.10285625725972614
7,200,0.05,0.0,False,0.0,0.0,-0.17918983241090514,-0.317156227337705,0.7889589203582013,-0.44874227115091536,-0.36763615364253766,-0.4885799841824896,0.003136797317043971,-0.08949809555738975
7,200,0.05,0.0,True,0.0,0.0,0.005137784235394349,-0.21075451034453352,0.9850220157118466,-0.36086322187939845,-0.3318030362050899,-0.4479936300729985,-0.04718951138801619,-0.0894974622611342
7,200,0.05,0.1,False,0.0,0.0,-0.25784782644903737,-0.3628702785947321,0.11509915895093359,-0.4509145196309927,-0.3779880444414824,-0.4269520813741018,-0.05009802166989463,-0.08915128673361095
7,200,0.05,0.1,True,0.0,0.0,-0.09757820154362085,-0.23416498795773322,0.2722367577185585,-0.3300887663076243,-0.34938679974916165,-0.38278175858635866,-0.09130117324817588,-0.09130117324817588
7,200,0.05,0.2,False,0.0,0.0,-0.2323265118508563,-0.33293452705718796,0.29820724438836965,-0.42636467058712624,-0.3859137865269284,-0.4682104431932108,-0.0051321456843946844,-0.08914794369209955
7,200,0.05,0.2,True,0.0,0.0,-0.07109556046399546,-0.20500201574177934,0.49877708935643295,-0.3212400006916981,-0.3522377929626689,-0.42699272030134316,-0.05535322034976209,-0.08914784258868946
7,200,0.05,0.3,False,0.0,0.0,-0.21328966965237894,-0.3347941404845364,0.3314576769697515,-0.43890715636029176,-0.39995852571106116,-0.48857998418248927,0.013885697542045161,-0.08944301889186068
7,200,0.05,0.3,True,0.0,0.0,-0.03659383658566839,-0.20712380346314152,0.5451901756667272,-0.3243262553249656,-0.365958517949205,-0.4479936300729984,-0.037120590312623825,-0.08944274683040065
7,200,0.1,0.0,False,0.0,0.0,0.08745138898387883,-0.38602530889835296,0.413566449718477,-0.6098726574371371,-0.5330693138791041,-0.5976859700779812,0.14963226585953282,-0.09013804319367336
7,200,0.1,0.0,True,0.0,0.0,0.27909252440050936,-0.2935690465718499,0.5273946339815041,-0.5076566625992682,-0.46135655516278695,-0.5247709319803419,0.0879716144638325,-0.08291906309698827
7,200,0.1,0.1,False,0.0,0.0,-0.07227269042228301,-0.3855239675711002,-0.11867151122588426,-0.6020125367231921,-0.5169299499614031,-0.5684021086972386,0.06231052195029463,-0.08727953993595128
7,200,0.1,0.1,True,0.0,0.0,0.07919832569939378,-0.2966717747254991,-0.02983863147732868,-0.5026084137679885,-0.45124465726219043,-0.4926667436084863,0.012150695152985946,-0.08727949507128419
7,200,0.1,0.2,False,0.0,0.0,0.009649603513683713,-0.37110037734966206,0.047924017859602985,-0.5996514553947182,-0.5456937297456861,-0.603103224768637,0.13996216115616256,-0.07887849903665944
7,200,0.1,0.2,True,0.0,0.0,0.1713620326483325,-0.284943491634537,0.16694541798720497,-0.4931999117158615,-0.4774824019916172,-0.5190134679977028,0.07838412019783014,-0.07887849903665933
7,200,0.1,0.3,False,0.0,0.0,0.03240097790091623,-0.38602531239664906,0.06772572167810842,-0.6037778686213867,-0.5483202304511108,-0.6121867784952786,0.17122864153061435,-0.08180138477250098
7,200,0.1,0.3,True,0.0,0.0,0.214366318303858,-0.2935690499723016,0.17945751078254824,-0.49075035038664694,-0.48403751416344665,-0.525047562700794,0.10819701908619073,-0.08180119913282624
7,200,0.15,0.0,False,0.0,0.0,0.24625491184036052,-0.4268579697046977,0.3782156094502882,-0.6459423389308427,-0.5510241882386684,-0.6239145568797333,0.10110463622127686,-0.1194256021104676
7,200,0.15,0.0,True,0.0,0.0,0.4607026710419204,-0.33698379186109684,0.5780414315645617,-0.5482707032301181,-0.4631224769222104,-0.5713461605236718,0.04201840385891198,-0.1124400484756547
7,200,0.15,0.1,False,0.0,0.0,0.09711343032276165,-0.4247105833164522,-0.191648116819646,-0.6364185861388563,-0.5411187993740121,-0.5937721973333456,0.01882721056398351,-0.09586771339335465
7,200,0.15,0.1,True,0.0,0.0,0.2730211040371471,-0.3398699603702554,-0.05725323803782345,-0.5275350686816342,-0.4589684495971942,-0.5181017530696823,-0.029295822384370007,-0.09586757747021757
7,200,0.15,0.2,False,0.0,0.0,0.16131649530466996,-0.4129231745749812,-0.018918121372863084,-0.6383995971555378,-0.5631751670291836,-0.6157305303874085,0.09288015840238129,-0.10235580333383709
7,200,0.15,0.2,True,0.0,0.0,0.34258501003037023,-0.3288897953511558,0.1576994898130335,-0.5201854620631132,-0.4791923843640147,-0.5576001052267043,0.03381800992382611,-0.09520694566844423
7,200,0.15,0.3,False,0.0,0.0,0.1833246423549293,-0.42685797323708385,0.045695245883871305,-0.6404175235309642,-0.5657011816565654,-0.6211200686090159,0.12286932119307137,-0.09407645627519623
7,200,0.15,0.3,True,0.0,0.0,0.38699301902875427,-0.3369837953132514,0.22403008736606678,-0.5222462978407663,-0.48574061057943974,-0.5672699101391196,0.06241227416604045,-0.09407645627519623
7,200,0.2,0.0,False,0.0,0.0,0.49388810498030367,-0.4214828954076113,0.2041549351972154,-0.6512576109447655,-0.4764378699232321,-0.5942147265305379,0.11720070006935379,-0.13935006834260666
7,200,0.2,0.0,True,0.0,0.0,0.7290187126411658,-0.3398024092686276,0.4586606635425894,-0.5292185007620072,-0.44885061922366265,-0.5592118279397427,0.0572337342368785,-0.13252152637202963
7,200,0.2,0.1,False,0.0,0.0,0.3071029531964673,-0.4193682920605274,-0.28539345958663864,-0.6384764978351345,-0.4419335045241708,-0.5294609126219793,0.053349990782857626,-0.10726578014603227
7,200,0.2,0.1,True,0.0,0.0,0.49767716459343125,-0.3427397732792018,-0.12497437444316228,-0.5167494440814566,-0.427678071540867,-0.4893732770616537,0.0035887553269542405,-0.10962483262287503
7,200,0.2,0.2,False,0.0,0.0,0.3925830079014252,-0.40740813728900505,-0.13857052773740297,-0.6447074037779712,-0.4906096053294966,-0.5749921121342979,0.10914360278070467,-0.12226832188922587
7,200,0.2,0.2,True,0.0,0.0,0.5897668391307573,-0.33174091224081714,0.07544044654408677,-0.5087671663117806,-0.4653490557935239,-0.5450772074418127,0.049186473567744526,-0.11527652403657507
7,200,0.2,0.3,False,0.0,0.0,0.4319984964076755,-0.4214828985576037,-0.08758941748058313,-0.645812765070857,-0.4935448151632249,-0.5877611099035611,0.14008293600055377,-0.11248930100847399
7,200,0.2,0.3,True,0.0,0.0,0.65744690916873,-0.33980241230539865,0.12991664960397697,-0.506404295585894,-0.47206562610900993,-0.5550164900743367,0.07868286060329588,-0.10542584164569702
14,50,0.0,0.0,False,-0.42233668909851885,-0.4595144776121006,0.765777141882698,-0.2913540470399719,1.4003368758549923,-0.5829329919003168,-0.2931597843657884,-0.38651951155698505,-0.015746314512877335,-0.34384045856547896
14,50,0.0,0.0,True,-0.4083990821914767,-0.46020390729054894,0.7507211024456482,-0.2443594771678249,1.299147121076503,-0.5247677445936796,-0.23165685546254133,-0.31019338908838434,-0.08801404362036935,-0.3834702137064462
14,50,0.0,0.1,False,-0.29283372500513827,-0.3477251262521708,0.5995729562481424,-0.32618933116560134,0.585323058408971,-0.569879125754241,-0.2667591918132327,-0.34337145829266147,-0.08990113361798091,-0.32100395952237837
14,50,0.0,0.1,True,-0.27598406396990216,-0.3485608802458695,0.6020571274893574,-0.28150160326941354,0.5281705346196122,-0.5098933487225916,-0.22103125998680706,-0.28469609649872973,-0.14175778080499846,-0.3497563235555917
14,50,0.0,0.2,False,-0.38871148439691317,-0.4409367734391938,0.7418004197480275,-0.2826552225403596,0.7970743704746377,-0.5854968416791899,-0.2861932393691158,-0.37699163570664274,-0.10818755766806154,-0.3534281779827735
14,50,0.0,0.2,True,-0.37396928124211115,-0.44165697894906153,0.7288075293841738,-0.23508743395394427,0.6851213888341914,-0.5276891555151966,-0.23195226625128817,-0.3039478689784034,-0.17099148558184474,-0.3989615751115153
14,50,0.0,0.3,False,-0.40939759873292547,-0.44138494203451484,0.7602065662674098,-0.29135404703997203,0.9638080717974167,-0.5856347707619165,-0.29023356738843753,-0.3842929534634091,-0.08640279644296356,-0.35386123737375064
14,50,0.0,0.3,True,-0.39515898702680474,-0.4421078130728623,0.7451980125986932,-0.24435947716782402,0.8684533526457701,-0.5278463205468764,-0.22808521012223382,-0.31019345816914445,-0.15844942573316645,-0.4048159904309143
14,50,0.05,0.0,False,-0.27744023295740416,-0.29245473745499917,-0.21295715139613158,-0.4095178541819732,0.4097849898090442,-0.4576704462633021,-0.396153483174826,-0.427457845500704,0.074030425689523,-0.2031899673453621
14,50,0.05,0.0,True,-0.26158162785533967,-0.2769256678578038,-0.16349746851456115,-0.36215973829815395,0.4753101738343639,-0.4003052368905087,-0.35751359210861033,-0.3579804867017985,0.014395541793452926,-0.22034537857140812
14,50,0.05,0.1,False,-0.20753289373072104,-0.25179291593391007,-0.2546028618583035,-0.40243728535939216,0.09845011288537231,-0.4260502977053947,-0.39779058003682777,-0.4274917832194367,-0.021457060025541597,-0.17622852749683293
14,50,0.05,0.1,True,-0.19014459105400294,-0.2307139896106679,-0.20752664146000488,-0.3543199056867108,0.1495823635757083,-0.36330255935871736,-0.36897069042532604,-0.36942925915015024,-0.0596858302939679,-0.18266927709864378
14,50,0.05,0.2,False,-0.24697120404437445,-0.2626188428410523,-0.22792620953196208,-0.3994813379819233,0.1126928149653943,-0.4347110294850711,-0.40100075880743624,-0.43205764249889245,-0.01958128822098859,-0.20318996734536177
14,50,0.05,0.2,True,-0.23045733343994235,-0.24644812389793924,-0.17942176783631236,-0.3513297762020582,0.14814988641584503,-0.37484542239199825,-0.3691663379007203,-0.36962476444860926,-0.0714862978305828,-0.22034537857140812
14,50,0.05,0.3,False,-0.2544004595536128,-0.26989372137644696,-0.22242569053300043,-0.4079555779477324,0.1315509925762668,-0.45214175509402943,-0.3993300719975146,-0.43046975491447803,-0.013769230828163392,-0.20318996734536243
14,50,0.05,0.3,True,-0.23805043807379656,-0.25388344683832564,-0.17356104001561312,-0.36047216367941826,0.17889243369568364,-0.3941917453460808,-0.36059750018299785,-0.3610621537015297,-0.07398998035110338,-0.2276925494582197
14,50,0.1,0.0,False,-0.24665649919055754,-0.3057042345379064,0.20600856409316992,-0.2933822630106222,0.49960155461601263,-0.5720112975330536,-0.3243481376523387,-0.41161046777269095,0.03431103804546454,-0.2925771404057771
14,50,0.1,0.0,True,-0.22826185884876027,-0.28875138250853905,0.21368499938258334,-0.23564940075379048,0.5196181242026603,-0.49182780795461345,-0.28281578244882366,-0.3347961115612865,-0.04160861647644842,-0.3445028156869647
14,50,0.1,0.1,False,-0.1747162694890687,-0.2950140660600128,0.056780815773392,-0.3462003615328493,0.15169221521271847,-0.5451017608723092,-0.29334393943143966,-0.36503391294160126,-0.06209622431395556,-0.28208136358027536
14,50,0.1,0.1,True,-0.1548203065772793,-0.2735802668755448,0.07431658760604964,-0.29277935864740645,0.17412828498231203,-0.4591211263668661,-0.265341145439002,-0.3090479763979548,-0.11551917892563335,-0.32297397508541015
14,50,0.1,0.2,False,-0.23485718230674324,-0.30447329256030775,0.17237926593396047,-0.2964561465228076,0.17148766647887403,-0.5751401212951059,-0.3179031361258481,-0.4026580396954228,-0.06287998758054758,-0.30276360807887204
14,50,0.1,0.2,True,-0.21618426211416986,-0.2831146558619433,0.1811100028691608,-0.23897892910354035,0.16215017188208036,-0.48960094889341454,-0.2833169762683091,-0.3287804057443712,-0.12885397649022023,-0.3518496006715002
14,50,0.1,0.3,False,-0.2305964271462625,-0.30516061587705134,0.19125216098249687,-0.2987989855632053,0.19712061015038573,-0.5750671906707492,-0.32157802719463446,-0.4094986248246446,-0.03986140364654989,-0.30722507393680276
14,50,0.1,0.3,True,-0.21182416600172893,-0.28382308590091576,0.19883466103805159,-0.24150868635091738,0.2049985868497426,-0.4954562212876944,-0.27951012667890784,-0.3347961804023717,-0.11555508983212304,-0.36184082217338065
14,50,0.15,0.0,False,-0.2910222948201481,-0.33387792092721014,0.41411670199566286,-0.33069665765798684,0.6209847735432559,-0.5984486817371457,-0.3944083130692714,-0.459208968519485,-0.052542367641894905,-0.3453565475598239
14,50,0.15,0.0,True,-0.2739218039442257,-0.3244888958750858,0.45693352043168045,-0.25837847540535464,0.5560637533805111,-0.5445061912165221,-0.32440129041799826,-0.3678576198820843,-0.12208711521293347,-0.39340831483059246
14,50,0.15,0.1,False,-0.19362752633546598,-0.2714022798582669,0.28733011782773743,-0.37399519498491085,0.14209649378339884,-0.5763290377662396,-0.3691423816127576,-0.4311433484517988,-0.1398038700841061,-0.33531354071353137
14,50,0.15,0.1,True,-0.1744195920097995,-0.24946161719026883,0.33979840453555177,-0.30634881494624067,0.10327297835949967,-0.5208794080430508,-0.3143026807984881,-0.34596168154661944,-0.1888006775507528,-0.3731741091800864
14,50,0.15,0.2,False,-0.25062789883400427,-0.30031354149646217,0.394051151307651,-0.3334919370376421,0.21286015554895887,-0.6013795463658407,-0.38844230282051306,-0.45388838135732335,-0.14153669009738346,-0.36386754320854353
14,50,0.15,0.2,True,-0.23256075471886217,-0.3012148609836316,0.4378083142654834,-0.2614782583451597,0.13978111190795883,-0.5458516126507498,-0.32466345799619,-0.36213876447502646,-0.20197336552334455,-0.408651904258739
14,50,0.15,0.3,False,-0.2755964344095856,-0.3193845086053603,0.39613509914038514,-0.3357452686254023,0.2991379437277819,-0.6013478088771491,-0.3919003790893232,-0.45700774898001584,-0.12056435132116283,-0.3642940715920182
14,50,0.15,0.3,True,-0.25813755327787136,-0.3029809657114523,0.4384074580749182,-0.2639725884567521,0.23875291142760013,-0.5477947732808529,-0.32125973036927924,-0.3678576850283066,-0.18989600133837192,-0.4144109175584738
14,50,0.2,0.0,False,-0.34844326074308707,-0.3942830266098313,0.7395864837283388,-0.29997691593269515,0.40028122502598595,-0.6145590088072611,-0.3331077031770273,-0.4211910932331806,-0.025600531538966576,-0.34411869123934236
14,50,0.2,0.0,True,-0.33273256511524885,-0.39505568398935975,0.725348998957632,-0.25329657084340296,0.36124291066943215,-0.5547541520784403,-0.25396834388554324,-0.32257732555537044,-0.09713429685582886,-0.3896817532500547
14,50,0.2,0.1,False,-0.23796522298811085,-0.2975271791433123,0.5760330573924952,-0.33438906197918616,-0.007532861943445823,-0.602782397627781,-0.3080671624696384,-0.3803633871959343,-0.09870313908021322,-0.3212918659926247
14,50,0.2,0.1,True,-0.2198191187563192,-0.29842723420170925,0.5790255252909389,-0.2900001568019318,-0.029091624743151967,-0.5411502837088313,-0.2435090486453395,-0.29753542813572886,-0.15005141652346576,-0.35002715545719865
14,50,0.2,0.2,False,-0.31059464983634755,-0.3734287995000861,0.7160796717486357,-0.2913839395320642,0.05296264367146519,-0.6172966191339186,-0.3265364529857384,-0.41220306867644596,-0.11712815779224794,-0.35994860019315256
14,50,0.2,0.2,True,-0.2939785115410679,-0.37423594551788286,0.7038664708348012,-0.24413418972151768,0.0020683583342067102,-0.5579165288325157,-0.2542558037565228,-0.3164439305311325,-0.1792935937531357,-0.4050163805936131
14,50,0.2,0.3,False,-0.3338261538792342,-0.37394393019200856,0.7340993699093239,-0.29997691593269515,0.12072940450027292,-0.6172745828195243,-0.33034755736169863,-0.41909097246866245,-0.09556197435717262,-0.36037986039783143
14,50,0.2,0.3,True,-0.3177755939097392,-0.3747540720717478,0.7199067819027545,-0.2532965708434023,0.08218749750630816,-0.557891073374596,-0.2505010363562863,-0.32257739339614744,-0.16687535705315426,-0.4108128082640904
14,120,0.0,0.0,False,-0.36515475266369457,-0.38868821943159415,0.3191685702460658,-0.4410524974708496,1.0880534033644538,-0.6008346858134705,-0.480331399171679,-0.5840848941160877,0.08209530398188059,-0.2453171287395084
14,120,0.0,0.0,True,-0.3490070949850428,-0.3731391491519257,0.3077031277602278,-0.423966483446095,0.9576313217251309,-0.5481548867341504,-0.4805726276445448,-0.5482074211531358,0.10185440055736805,-0.23573821771596648
14,120,0.0,0.1,False,-0.21846818635261933,-0.2671468593275579,0.2164505734367297,-0.4676677766622823,0.40206730123403833,-0.5708976553408416,-0.4486075466195535,-0.5446632955855603,-0.012395313474434455,-0.2284297347184473
14,120,0.0,0.1,True,-0.198820073289936,-0.24872255322148362,0.21390649179814747,-0.4532996245206842,0.33984292703925734,-0.5140360365802195,-0.45410480533661235,-0.5103629751564431,0.00533114577238214,-0.21458086477060767
14,120,0.0,0.2,False,-0.33042782576218865,-0.3597700318759657,0.31437394360251547,-0.4376559753800744,0.5570455271201089,-0.5962802489928749,-0.4831125755719986,-0.583986044304604,0.016458917259040806,-0.23973299134882986
14,120,0.0,0.2,True,-0.3133955098943152,-0.34348411160518966,0.30434298342305,-0.4204731418168458,0.43719015026106933,-0.5464787384742648,-0.4879835024480702,-0.5521461994896568,0.03450682745878697,-0.22623394041131994
14,120,0.0,0.3,False,-0.34387855806863843,-0.36820072510727486,0.34244206709364367,-0.43358481614075195,0.7078089716261904,-0.6034204966956763,-0.48332220777138,-0.5866887979876827,0.04313007916450484,-0.2388985123371412
14,120,0.0,0.3,True,-0.3271897280200793,-0.3521305435072798,0.3307654654044163,-0.4162744235303959,0.5904716995953705,-0.5510819597272921,-0.48741240050702994,-0.5543832361641077,0.06200063415942614,-0.22512994428744737
14,120,0.05,0.0,False,-0.1718335345880031,-0.1718335345880031,-0.24597192608628438,-0.4198544225015216,0.25169567528381265,-0.5007223398735567,-0.4143683423383676,-0.4447284174404518,0.12366917623173745,-0.17079858803674097
14,120,0.05,0.0,True,-0.15261837275396717,-0.15261837275396717,-0.2181932171623272,-0.39848161731244625,0.2879574761101975,-0.43570484608706417,-0.4404401576857121,-0.4408467895797613,0.17626933362938413,-0.1372077918986272
14,120,0.05,0.1,False,-0.09756183673101759,-0.11688357797498394,-0.2803497605042201,-0.4083582911152803,-0.041561833540320836,-0.47258895050493177,-0.41709172964612895,-0.4458409926112653,0.009949305342595638,-0.1396716348317083
14,120,0.05,0.1,True,-0.07662341906181491,-0.09639346436109397,-0.25613308365254106,-0.3884491807034298,-0.0008435579851899799,-0.4035409926872404,-0.4441172633913766,-0.44452122313430875,0.05647133798654713,-0.10548575897187551
14,120,0.05,0.2,False,-0.14775644519748243,-0.14775644519748243,-0.25324200109803263,-0.40435341565394434,-0.0154307155269513,-0.47838940202263014,-0.4105129846806169,-0.4410766789449847,0.05682993342911735,-0.12607451140282
14,120,0.05,0.2,True,-0.12798264547063898,-0.12798264547063898,-0.22575032032883013,-0.3824248581129661,0.004651463799617117,-0.4103958841742662,-0.44184757483870774,-0.442253183963324,0.10500629536178696,-0.09173611515837365
14,120,0.05,0.3,False,-0.14545067267939504,-0.14545067267939504,-0.24030525527594349,-0.40681167945203256,0.004660935615600215,-0.4956325342903338,-0.41148894844090333,-0.4419982958950399,0.06389767927615786,-0.13996914468510635
14,120,0.05,0.3,True,-0.12562337429746517,-0.12562337429746517,-0.21232258557975237,-0.3849621234865489,0.029181201724119532,-0.42995223014938155,-0.4419141095075386,-0.4423196702814399,0.11324022446978699,-0.10549853655112729
14,120,0.1,0.0,False,-0.16170782620933688,-0.19278299152949585,0.013904659783301465,-0.3832114713026846,0.1609645711958405,-0.6213628117231331,-0.5402259424041171,-0.5985964260816394,0.15982404782810544,-0.21622578022040184
14,120,0.1,0.0,True,-0.14014209923311693,-0.1720166976769386,0.020742285077634648,-0.35446634152479517,0.17220196412859345,-0.5405215215200807,-0.5500752150061874,-0.5731503040315638,0.18082905577563602,-0.20683579923270135
14,120,0.1,0.1,False,-0.04723807797440038,-0.14214171659408226,-0.09530350405478594,-0.4188763482778797,-0.09821957691076222,-0.5871457912893514,-0.5082556653313235,-0.557027648446673,0.03802772040258118,-0.18299216291165366
14,120,0.1,0.1,True,-0.0230171124328713,-0.11610550551582555,-0.0831409027048906,-0.39390440630780177,-0.07218145540946774,-0.4987370381679421,-0.5223642336298747,-0.5327065308659631,0.056507327028384235,-0.17347822172151184
14,120,0.1,0.2,False,-0.13851681108744174,-0.17626900310677174,-0.004547972486544816,-0.3797762351670648,-0.09666684686297311,-0.6174698248785345,-0.5293902766837008,-0.5868262912839821,0.08911117478291297,-0.16999288478050312
14,120,0.1,0.2,True,-0.1163544769662943,-0.15507787388446193,0.003235295730609211,-0.3508795413817214,-0.10205417590129962,-0.535752612217896,-0.543611338817118,-0.5645791387037304,0.10829356609435337,-0.16045940360318078
14,120,0.1,0.3,False,-0.13355752924915032,-0.16567621514506958,0.022148886419218083,-0.37531939459025165,-0.07348669882141878,-0.6240663288455759,-0.533705401249702,-0.5931107600476313,0.11737741458907491,-0.18177723216774833
14,120,0.1,0.3,True,-0.11126761369343063,-0.14421257810240606,0.02903541247090291,-0.3462107133624963,-0.07074680229172436,-0.543802255617061,-0.5471027043999857,-0.5705487863729412,0.13743401960721568,-0.1721051514153622
14,120,0.15,0.0,False,-0.21410862390317809,-0.24324131200339472,0.12989506748583435,-0.44444194162346395,0.3300410194206267,-0.6388110764470896,-0.6548363951736333,-0.6940178657629952,0.05838092073847512,-0.2615573620360703
14,120,0.15,0.0,True,-0.1941249879460516,-0.2239984616702798,0.16522583623473697,-0.4043799524334416,0.28358290736340397,-0.5801202799687875,-0.6454015102905062,-0.6582712666392299,0.07773268133301214,-0.2525829086015837
14,120,0.15,0.1,False,-0.09623549883118476,-0.16267262621546674,0.047065431502538724,-0.4710483006007917,-0.04667269439870836,-0.6085181622415805,-0.6333207477769105,-0.6717692060263248,-0.045352828233476195,-0.23934396498533572
14,120,0.15,0.1,True,-0.07352061227292661,-0.13733110065954435,0.08699996747201477,-0.43487106941896536,-0.06243895535591948,-0.544761427819145,-0.6280484329701658,-0.6325724997597179,-0.028220000324338912,-0.22569265030973895
14,120,0.15,0.2,False,-0.17175129103353115,-0.2080470710360799,0.12525957304687263,-0.4411014172702674,-0.008791912824743231,-0.6351158141954614,-0.6467038885245835,-0.6868125614416746,0.000830310225376385,-0.23489800593015964
14,120,0.15,0.2,True,-0.15068839171683102,-0.18790719683434642,0.16168741225117111,-0.400804987673797,-0.05824299636749075,-0.5780193348932479,-0.6403075112008505,-0.6514101619879917,0.018598598236305053,-0.2213147316733003
14,120,0.15,0.3,False,-0.1877294378527783,-0.21783999213516458,0.13915012786341796,-0.43695672817944875,0.0656436564676095,-0.6414187944729466,-0.6499425297360373,-0.6897014494521256,0.027090181045556383,-0.2340616041997996
14,120,0.15,0.3,True,-0.16707503228688625,-0.19795123736217857,0.17476222065079194,-0.39635911913736765,0.021552609745654205,-0.5831517348203004,-0.6430602857280718,-0.6561899333169647,0.04566842180751585,-0.22072691425918411
14,120,0.2,0.0,False,-0.2795962439296438,-0.3063013313884946,0.3699637971357643,-0.4179601349239611,0.2181038956604877,-0.6311034663078424,-0.6595917652554986,-0.7143322842654649,0.05884431348340735,-0.26158863052231984
14,120,0.2,0.0,True,-0.2612831579770476,-0.2886671044200231,0.35924341509920854,-0.39964415233544126,0.15904309343216982,-0.5766656023521448,-0.6493117384881983,-0.6801852605827978,0.07822701365060647,-0.25169646463222206
14,120,0.2,0.1,False,-0.15271593520539106,-0.20091709816338787,0.263460470980869,-0.44566634726464793,-0.1222579922272885,-0.6037232717216312,-0.626291197966679,-0.6764152419605373,-0.03304647788746551,-0.2375098540851116
14,120,0.2,0.1,True,-0.13142694163721336,-0.18083921464770503,0.26191873142061417,-0.43020737668458187,-0.14874410616132416,-0.545028768408439,-0.6186836120209103,-0.6413973993188007,-0.01564871486494812,-0.22379086701668416
14,120,0.2,0.2,False,-0.2402734493363865,-0.27356642938750064,0.3650754567742074,-0.4144232882462875,-0.08767871746289035,-0.627252991054425,-0.6515703824309607,-0.7059576496867992,-0.005028731803198405,-0.25584947297861416
14,120,0.2,0.2,True,-0.22095886317218483,-0.2550982531997551,0.35584112722273487,-0.39600330850662635,-0.14536598655958244,-0.5755035991979971,-0.6442727194167105,-0.6737635615913917,0.012679768907953637,-0.24260508034319206
14,120,0.2,0.3,False,-0.255427035359192,-0.2830280659933059,0.39413412416887494,-0.41018393373488093,-0.025368229544604937,-0.6337024785120415,-0.6547665214211722,-0.7104302623397183,0.021205922939734334,-0.25494263927290006
14,120,0.2,0.3,True,-0.23649955395095346,-0.2648022189701238,0.38321537245599724,-0.39162730432527193,-0.078817071220175,-0.579648149395707,-0.6469975225782006,-0.6782384365562037,0.03972240868814492,-0.24143327383371682
14,200,0.0,0.0,False,0.0,0.0,0.5183972192553263,-0.3955243849860932,0.9831308294085781,-0.6208923395465122,-0.48301031246572634,-0.5862289538198517,0.2733472594853108,-0.12216232792307691
14,200,0.0,0.0,True,0.0,0.0,0.21775335434400844,-0.43281570469057473,1.0558961226122756,-0.525474176061868,-0.4578167329985213,-0.5284145783549727,0.2733472594853106,-0.12216232792307691
14,200,0.0,0.1,False,0.0,0.0,0.2888592245537587,-0.39707435584387685,0.3394355617434004,-0.5900660834509104,-0.4518694883021078,-0.5473569881934666,0.16061399032447943,-0.09097955767072852
14,200,0.0,0.1,True,0.0,0.0,0.11812843210989388,-0.4616982240255689,0.4107762884079278,-0.48830835126020133,-0.4311841550671235,-0.48980445199092526,0.16061399032447898,-0.09097955767072874
14,200,0.0,0.2,False,0.0,0.0,0.42276311531869815,-0.381434178554909,0.48677255799836017,-0.6145010300367484,-0.4660272265611023,-0.5702349966092088,0.17058988636563455,-0.12207142476623911
14,200,0.0,0.2,True,0.0,0.0,0.20166593835108704,-0.42937602895414406,0.5174624597457931,-0.5211426732228679,-0.445035896467066,-0.514580518201306,0.1705898863656341,-0.12207142476623911
14,200,0.0,0.3,False,0.0,0.0,0.49337546152247613,-0.3955243849860932,0.6219932962178687,-0.6233482160445136,-0.48698089969040625,-0.5896155317811421,0.20690996722240818,-0.12221897879516708
14,200,0.0,0.3,True,0.0,0.0,0.23922935943189572,-0.4252418127947285,0.6703066425696267,-0.528548175720199,-0.465993356238127,-0.5357626429211042,0.20690996722240707,-0.12221897879516674
14,200,0.05,0.0,False,0.0,0.0,-0.028921394443161663,-0.27982122562612877,0.2346709899000654,-0.5075131639132395,-0.49000094324028565,-0.5164401042088739,0.14717123433640067,-0.07360749123939037
14,200,0.05,0.0,True,0.0,0.0,-0.18191417307497804,-0.3932849052629933,0.36761588550734614,-0.40080396214877345,-0.49376245095714466,-0.49413033356386404,0.14717123433640067,-0.07360749123939037
14,200,0.05,0.1,False,0.0,0.0,-0.1510926523963576,-0.32687123670423834,-0.049014822412966175,-0.4766901944043431,-0.4812222355266118,-0.5068085569597538,0.03043478826528001,-0.07321257985461926
14,200,0.05,0.1,True,0.0,0.0,-0.23390830291306686,-0.3925387050931143,0.06373072967526006,-0.36499255933256625,-0.48673816992238983,-0.4871111570710822,0.030434788265280233,-0.07321257985461926
14,200,0.05,0.2,False,0.0,0.0,-0.08581069389167573,-0.29504158464480934,-0.023587865178156586,-0.48271094218711774,-0.4674327048150002,-0.4950452281823159,0.06160053085071837,-0.07351336043793577
14,200,0.05,0.2,True,0.0,0.0,-0.18982195685076741,-0.37524774613106604,0.0725373542627974,-0.37055540031907264,-0.4761561215505682,-0.4765367986692103,0.06160053085071815,-0.07351336043793588
14,200,0.05,0.3,False,0.0,0.0,-0.05441040457417934,-0.2883071290604514,-0.009003756756273518,-0.5024925862904721,-0.4886074490191462,-0.5151188509409934,0.07589886269880841,-0.07365995858978036
14,200,0.05,0.3,True,0.0,0.0,-0.1757711200876768,-0.3796486121530015,0.09283465227001253,-0.39469555477855756,-0.49619236813259604,-0.4965584849195609,0.07589886269880819,-0.07365995858978058
14,200,0.1,0.0,False,0.0,0.0,0.23049731722624278,-0.2968777158186322,0.08605282766747036,-0.6457945408302274,-0.5752264837966505,-0.6291534837753753,0.2570023669001309,-0.10555332239491877
14,200,0.1,0.0,True,0.0,0.0,0.0140407324402958,-0.36797736099668155,0.23104213587340205,-0.5174574138054668,-0.547988733551793,-0.5711708310081689,0.25700236690013045,-0.10555332239491921
14,200,0.1,0.1,False,0.0,0.0,0.014307924527094062,-0.35317933060283513,-0.1514561230340511,-0.6115186115001398,-0.5471684859253042,-0.5920810337707811,0.12339071696893389,-0.10533800287571848
14,200,0.1,0.1,True,0.0,0.0,-0.095792896984914,-0.40658998708377936,-0.023062464035796593,-0.47220002703020436,-0.5223471391436454,-0.5326898065284331,0.12339071696893344,-0.10533800287571904
14,200,0.1,0.2,False,0.0,0.0,0.14836878126508957,-0.29484623230946605,-0.15040207047976262,-0.6402248233475304,-0.5487036299335439,-0.6037825278312177,0.15552458789976953,-0.10548068172916003
14,200,0.1,0.2,True,0.0,0.0,-0.0033511712593238263,-0.36446563258060205,-0.051900056460150834,-0.5098224077477834,-0.5240903460840665,-0.5459549961863563,0.15552458789976953,-0.10548068172915981
14,200,0.1,0.3,False,0.0,0.0,0.19889275179633037,-0.2968777158186322,-0.1332703722478915,-0.6483236123355542,-0.5700570810786254,-0.6248312805430942,0.19153222660416813,-0.10546903861703749
14,200,0.1,0.3,True,0.0,0.0,0.022279412368649387,-0.35989452313181913,-0.024101753542451476,-0.5209028285308976,-0.5459053125139254,-0.5694133823781469,0.19153222660416835,-0.1054690386170376
14,200,0.15,0.0,False,0.0,0.0,0.29977097476033054,-0.37986897808808073,0.20802056305104566,-0.6719472253329428,-0.6572106121890144,-0.6961225719931713,0.2258427770733089,-0.12044158807588634
14,200,0.15,0.0,True,0.0,0.0,0.08509604787466185,-0.41351939375060887,0.3480064333588633,-0.5590463536150571,-0.6298579271243623,-0.6432918204729313,0.2258427770733078,-0.12044158807588679
14,200,0.15,0.1,False,0.0,0.0,0.10874085635532049,-0.40125454507036795,-0.12905282757527037,-0.6423473893524416,-0.6359960997877405,-0.6741640317748501,0.09688348270130631,-0.10525265974131981
14,200,0.15,0.1,True,0.0,0.0,0.001253150247417345,-0.4435426431974847,-0.012808046567691633,-0.5206628327618688,-0.6124227423977122,-0.6171368652968465,0.09688348270130653,-0.1052526597413197
14,200,0.15,0.2,False,0.0,0.0,0.21733672187612618,-0.36541758376509204,-0.09487749102427656,-0.6668056949974702,-0.6356580239754331,-0.6770207015472547,0.1269056885404667,-0.12035052317316763
14,200,0.15,0.2,True,0.0,0.0,0.07025960317944158,-0.4099992847345959,-0.0056480370918814415,-0.5544482121380689,-0.6101272824268902,-0.6221615082432237,0.12690568854046602,-0.12035052317316752
14,200,0.15,0.3,False,0.0,0.0,0.2664814164865008,-0.37986897808808073,-0.03212049018304464,-0.6743157064190097,-0.6530238803554032,-0.692432825617868,0.16187631617899068,-0.12049810892477886
14,200,0.15,0.3,True,0.0,0.0,0.0939766379878324,-0.4056216354509582,0.07282473308519988,-0.5622299583638803,-0.6281367470621834,-0.6418153411415557,0.16187631617899134,-0.12049810892477875
14,200,0.2,0.0,False,0.0,0.0,0.5769069141917247,-0.3705235996964018,0.13444387934201574,-0.6564394742690871,-0.6619322513526223,-0.7162964004319721,0.2611341242480183,-0.13064747602443438
14,200,0.2,0.0,True,0.0,0.0,0.2657652235836818,-0.40885919532658255,0.2172198970920991,-0.5554168308353185,-0.6339384519721302,-0.6661653911981565,0.26113412424801874,-0.13064747602443416
14,200,0.2,0.1,False,0.0,0.0,0.3387039241851455,-0.3721381351076706,-0.1777429910171815,-0.6287732449442429,-0.6290174329749563,-0.6787758181383321,0.14987731422515305,-0.09097955768151678
14,200,0.2,0.1,True,0.0,0.0,0.16236786639868805,-0.438953297189454,-0.10367895931290239,-0.5209427733763083,-0.6026640706095856,-0.6263320903184013,0.14987731422515327,-0.09097955768151689
14,200,0.2,0.2,False,0.0,0.0,0.47768605127795616,-0.35585062922534916,-0.14575990131066996,-0.6509832141511188,-0.6406757867774531,-0.6967636192423736,0.15934584353262893,-0.13055649848073603
14,200,0.2,0.2,True,0.0,0.0,0.24912671840526412,-0.40527423590788403,-0.09763322479894254,-0.5517898405308101,-0.6144242465764496,-0.6463896153048547,0.15934584353262848,-0.13055649848073558
14,200,0.2,0.3,False,0.0,0.0,0.5509217109568707,-0.3705235996964018,-0.09230645222135647,-0.6588599849481076,-0.6578040087510106,-0.7129780002151658,0.1953196099314518,-0.1307040834356762
14,200,0.2,0.3,True,0.0,0.0,0.2880885761387788,-0.40096540033464356,-0.032579378501251144,-0.5585490833151007,-0.6322370933805836,-0.664784313484847,0.1953196099314516,-0.13070408343567608
21,50,0.0,0.0,False,-0.3132182311094376,-0.36852024263297023,1.6617934706564261,-0.29058718416663043,0.9254494668464754,-0.6415718266435144,-0.17045933188192708,-0.33560163896345274,-0.08884467618001746,-0.3944781067849382
21,50,0.0,0.0,True,-0.3132182311094376,-0.36852024263297023,1.7047848445050877,-0.26691825027910754,1.2851177768385873,-0.5772123826209236,-0.16015188900762423,-0.30930270241965985,-0.021475373506061324,-0.34970682944806597
21,50,0.0,0.1,False,-0.25863113696072004,-0.3130232158798719,1.1255630144445465,-0.31595915649696915,0.41560462392175634,-0.6129166595622701,-0.07389778256935498,-0.28341160907612317,-0.1570653550777643,-0.3639093524365479
21,50,0.0,0.1,True,-0.25863113696072004,-0.3130232158798719,1.1543311206996787,-0.3067011107297922,0.683037709386727,-0.5434118902359409,-0.08616575234653889,-0.27274864842810387,-0.09477473903577294,-0.31690395464686305
21,50,0.0,0.2,False,-0.33227092811423964,-0.38757961291272225,1.4060463428938061,-0.28570464816863606,0.5072447839505838,-0.6367587135801898,-0.12025246254161814,-0.32471781640574693,-0.16603404819876422,-0.40579301598639284
21,50,0.0,0.2,True,-0.33227092811423964,-0.38757961291272225,1.4377590290931423,-0.2762899399219816,0.7888613267908067,-0.5715350258853651,-0.10883278974220878,-0.2979880664704003,-0.10437199875445957,-0.36185834413406903
21,50,0.0,0.3,False,-0.3435280935732318,-0.38840125218657584,1.5935410941388373,-0.29058718509955217,0.5582402202397618,-0.6393675176425243,-0.15244611960894516,-0.32978791311032396,-0.15266143486643946,-0.41101350669821735
21,50,0.0,0.3,True,-0.3435280935732318,-0.38840125218657584,1.6333038522389862,-0.2669182512431555,0.8493999515079811,-0.5746122673962507,-0.14169043255174307,-0.30325885116909157,-0.09001063673180598,-0.36746482921053625
21,50,0.05,0.0,False,-0.12585972495437758,-0.2765809273428993,0.0162751859728012,-0.3369933824558088,0.32942454185775216,-0.4695155914335535,-0.36488649083402014,-0.4079646693744686,0.04718438155330307,-0.22311412119373986
21,50,0.05,0.0,True,-0.12585972495437758,-0.2765809273428993,0.0493208153742144,-0.31543478171807904,0.513408861109111,-0.4097205497788856,-0.285673154347598,-0.3596264462749258,0.0814992631008804,-0.19765657139434234
21,50,0.05,0.1,False,-0.1437954560550645,-0.2700115294094714,-0.144179745881984,-0.34435671131261725,0.07184149085736768,-0.4298665313171949,-0.3558885557250374,-0.3773219454415375,-0.037382454735396586,-0.1899678123085643
21,50,0.05,0.1,True,-0.1437954560550645,-0.2700115294094714,-0.11348406875266492,-0.3208407748706904,0.2220021945039956,-0.3656023340971043,-0.2801894822295663,-0.3180391683090398,-0.005868453334623824,-0.1634491231124704
21,50,0.05,0.2,False,-0.1628549248073201,-0.2670983890858448,-0.08749373549432082,-0.34317571251682555,0.052319657455252244,-0.4503293800231004,-0.3346278712846018,-0.386444699784518,-0.03198111198669851,-0.22782310403249195
21,50,0.05,0.2,True,-0.1628549248073201,-0.2670983890858448,-0.0601397897219077,-0.323486274054119,0.19798233590025371,-0.38837171060415343,-0.25125716334658055,-0.3360060676153843,-0.0002603815552347788,-0.20251986308782455
21,50,0.05,0.3,False,-0.15689824217466386,-0.2766027311529128,-0.024423574107627077,-0.33315640290001736,0.05889788304833732,-0.4643176311542053,-0.3570114579368965,-0.3992052925838584,-0.03397435541743665,-0.23219668527366888
21,50,0.05,0.3,True,-0.15689824217466386,-0.2766027311529128,0.007298677372845175,-0.31147303732873555,0.2054983770575154,-0.4039366867917401,-0.2766675165636303,-0.3500185311962324,-0.002318941003513153,-0.20703676094624734
21,50,0.1,0.0,False,-0.09371531987997583,-0.3173502790288988,0.6038486368200187,-0.29268819849709915,0.2922195748432763,-0.6364336926409168,-0.2660744138001483,-0.3976999327943702,-0.043729179866760726,-0.3397237611320647
21,50,0.1,0.0,True,-0.09371531987997583,-0.3173502790288988,0.61593398687889,-0.2873584494636231,0.5603764410927825,-0.5636670350573979,-0.2424557679366609,-0.3113251572567418,0.005014756090569117,-0.3060675394593788
21,50,0.1,0.1,False,-0.11997070382008623,-0.3222302451588188,0.2438213243420091,-0.3449457184202641,0.07553100520012968,-0.5922883375798316,-0.21409701274868442,-0.33196191221483984,-0.13228798835758426,-0.320429695512519
21,50,0.1,0.1,True,-0.11997070382008623,-0.3222302451588188,0.24996655498115294,-0.34170935354800547,0.30104114787913305,-0.5106861247331211,-0.19020625880649067,-0.2607194378901754,-0.0880892243498167,-0.2858143310693373
21,50,0.1,0.2,False,-0.15351732851787636,-0.32341647087941094,0.425130823960278,-0.3088429450161997,0.04886406585578085,-0.6293959650552481,-0.22172612646288226,-0.35771663919128516,-0.12475316776186396,-0.3520647802645058
21,50,0.1,0.2,True,-0.15351732851787636,-0.32341647087941094,0.4316726236856463,-0.30567031626067653,0.2665679746173659,-0.5552207283404222,-0.1962377361848059,-0.2863875617652808,-0.08013926274502492,-0.31903761662836316
21,50,0.1,0.3,False,-0.1345133960425512,-0.32546794529978507,0.5502323501812836,-0.2972941045101275,0.01528309179825138,-0.6343862461949474,-0.25013356574592105,-0.3849309164601902,-0.11061714270173806,-0.35776071982483804
21,50,0.1,0.3,True,-0.1345133960425512,-0.32546794529978507,0.5606537400182678,-0.29257018549450986,0.22602744543172837,-0.5612097986186856,-0.22579892671556512,-0.29487569952816617,-0.06528268291783312,-0.32502389498070805
21,50,0.15,0.0,False,-0.16956444595318443,-0.3154226184421195,1.158406616238787,-0.3285220046216095,0.13028509405238675,-0.7021669870481756,-0.2801872820200765,-0.4141002699024986,-0.11905225907846084,-0.4012920426913925
21,50,0.15,0.0,True,-0.16956444595318443,-0.3154226184421195,1.1973152873034336,-0.30100528887707245,0.41756410410432965,-0.628747311770282,-0.2538119006525331,-0.32145894735734704,-0.06425064456796692,-0.36404787807560046
21,50,0.15,0.1,False,-0.16725481088423955,-0.31237691752052354,0.7300929900755326,-0.3573783116937066,-0.10712966350876596,-0.6706671589996372,-0.23206946604756662,-0.352563824802022,-0.1999815837411918,-0.38606569099748766
21,50,0.15,0.1,True,-0.16725481088423955,-0.31237691752052354,0.7567452104735759,-0.3474786733693209,0.12180776077686128,-0.5894823719742247,-0.2052645903922451,-0.2833079418603247,-0.15024349607487586,-0.3478966715575056
21,50,0.15,0.2,False,-0.19288810766138254,-0.29395775422090586,0.951017334878604,-0.32902204941202207,-0.11432804009692599,-0.6981471218350733,-0.2364706392294218,-0.37502468855471016,-0.1936939799246843,-0.4124828520528363
21,50,0.15,0.2,True,-0.19288810766138254,-0.29395775422090586,0.9803836937460086,-0.31892261106422903,0.11082050894135276,-0.6237364979860942,-0.20806228176465114,-0.30818406639409734,-0.14353564516871875,-0.3759348404444751
21,50,0.15,0.3,False,-0.20672030509290518,-0.32335933030345365,1.084535285037917,-0.32852200563279643,-0.10332965023465712,-0.7004625420489918,-0.2645544792043115,-0.4016801802224632,-0.1807642591608427,-0.4176461288895107
21,50,0.15,0.3,True,-0.20672030509290518,-0.32335933030345365,1.1204007402273528,-0.30614731821995944,0.12462435535226346,-0.6266226991169861,-0.23740682509574362,-0.3133796219582927,-0.12980159795252022,-0.3814193121659639
21,50,0.2,0.0,False,-0.23121464602959785,-0.31181006009350165,1.621458058329861,-0.2994416000734188,0.09921353089792029,-0.6804998278449985,-0.2212301389426803,-0.37622598710654587,-0.09207289583715539,-0.3966275555016988
21,50,0.2,0.0,True,-0.23121464602959785,-0.31181006009350165,1.6637979636067537,-0.26691825027910776,0.35096658182277385,-0.6097191218694534,-0.19659845266199505,-0.32623215280803264,-0.025172308657746556,-0.35216807121079763
21,50,0.2,0.1,False,-0.20703548674725847,-0.30475673249530566,1.0936848651235924,-0.32449689755419575,-0.13140620985014817,-0.6548347916187468,-0.15133533876682015,-0.33021551049097686,-0.16001109510796419,-0.3670151161331542
21,50,0.2,0.1,True,-0.20703548674725847,-0.30475673249530566,1.1220215214613858,-0.31535440453245356,0.06943569308303621,-0.5783683671845593,-0.12592378963023265,-0.2905749029778445,-0.09814760030560399,-0.3203970514837142
21,50,0.2,0.2,False,-0.25243837930914925,-0.31364182282310404,1.3697443162336596,-0.29462000462247684,-0.13468996109638387,-0.6761978379798679,-0.17409703298150736,-0.35345698103764667,-0.16899746421417394,-0.40790766857800365
21,50,0.2,0.2,True,-0.25243837930914925,-0.31364182282310404,1.4009785267031898,-0.2853228044622359,0.06353234533169316,-0.6044640875107947,-0.14750713472614319,-0.3151948459463354,-0.10776506203244651,-0.3642793591504473
21,50,0.2,0.3,False,-0.26511808830371053,-0.31932016848579836,1.554240286189875,-0.2994416009946963,-0.1292967918161626,-0.6786387144342357,-0.20431950191188797,-0.3630050179495681,-0.15566971915367456,-0.41310793874372864
21,50,0.2,0.3,True,-0.26511808830371053,-0.31932016848579836,1.5934005057286944,-0.2719238925273869,0.07016970713253179,-0.6074457053283798,-0.1789381243099174,-0.3203364406172501,-0.09345526239483226,-0.3698628111018105
21,120,0.0,0.0,False,-0.3561317829183476,-0.37840622438154825,0.7742117469992171,-0.42625663005496583,0.7907651134905049,-0.6303433115607313,-0.3918746831620138,-0.5408515239294102,0.07441852449415887,-0.3223166455055073
21,120,0.0,0.0,True,-0.3561317829183476,-0.37840622438154825,0.7139045496570746,-0.4457587298993294,1.114109935596192,-0.5649300948526127,-0.44573054159679204,-0.5153755822319567,0.14898551863379472,-0.27528393937554685
21,120,0.0,0.1,False,-0.21888189839072547,-0.2662014084291152,0.5036060883870321,-0.45332543044158735,0.3344983920194924,-0.5939373139116597,-0.2897066347122721,-0.4540463227729985,-0.048710814533150515,-0.2733974350374365
21,120,0.0,0.1,True,-0.21888189839072547,-0.2662014084291152,0.4548406006295407,-0.4710553746304482,0.5534670898194525,-0.5295955912325755,-0.3524302149159452,-0.41968966674657715,0.015891144489830422,-0.22405392325908247
21,120,0.0,0.2,False,-0.32154348831616586,-0.3483634213589447,0.6569177493664637,-0.43375022366792115,0.40398118745832945,-0.6223755168812442,-0.35088714767054063,-0.5071520199909226,0.01609154200427998,-0.2795844367605488
21,120,0.0,0.2,True,-0.32154348831616586,-0.3483634213589447,0.5957244948074045,-0.4546629495532878,0.6576375577254234,-0.555528896024912,-0.4084039263240107,-0.4904455765772806,0.0843284795690149,-0.23120400076905745
21,120,0.0,0.3,False,-0.3346877241836793,-0.35770401688032616,0.7740312850224143,-0.4182912213817933,0.4488274666049552,-0.6280699479521392,-0.37866934546443176,-0.5311196854667515,0.04414902268187859,-0.2918020537284578
21,120,0.0,0.3,True,-0.3346877241836793,-0.35770401688032616,0.7119094524194693,-0.43866110756930077,0.7105098216752972,-0.5622544443896604,-0.43354664540898147,-0.5038021507050991,0.11349338268272136,-0.24476898443345008
21,120,0.05,0.0,False,-0.1752063332340903,-0.1752063332340903,-0.1550527408706991,-0.3675301372225751,0.18492378931498954,-0.515856584125015,-0.3780742320287852,-0.430104983055584,0.20242112996784556,-0.180198788906881
21,120,0.05,0.0,True,-0.1752063332340903,-0.1752063332340903,-0.17236994068098765,-0.3804926113526035,0.44205995646068974,-0.43057976532609965,-0.2993851885054515,-0.3454388159368047,0.23031976818848698,-0.1611777181429782
21,120,0.05,0.1,False,-0.10554641064842596,-0.11710806862122491,-0.25148372136007535,-0.369443141281115,-0.06136319817917524,-0.4829125982071396,-0.3842445199034962,-0.40473433931640057,0.05721151977480865,-0.1409708202101556
21,120,0.05,0.1,True,-0.10554641064842596,-0.11710806862122491,-0.2613560207014629,-0.37775965521498556,0.14127568587544692,-0.393300556864706,-0.29233144986849335,-0.3096360261714399,0.08135358224591882,-0.12135437096127666
21,120,0.05,0.2,False,-0.15122730042746846,-0.15122730042746846,-0.21604479882210814,-0.3674465421061809,-0.06727919141041261,-0.49834640327906343,-0.3476222483681134,-0.42039334789213956,0.14109916510376697,-0.13599907580193127
21,120,0.05,0.2,True,-0.15122730042746846,-0.15122730042746846,-0.23407402818375045,-0.381993867461931,0.1351522227103279,-0.4099853485488637,-0.2651446993704999,-0.3313769009018446,0.16688871006742656,-0.11647212199750623
21,120,0.05,0.3,False,-0.14893091842053108,-0.14893091842053108,-0.1681887662541237,-0.35129245269881526,-0.056198669845651916,-0.5111126968314621,-0.37036271508583973,-0.4301049830555834,0.15046765498789472,-0.14971699937237581
21,120,0.05,0.3,True,-0.14893091842053108,-0.14893091842053108,-0.1854027221404282,-0.36471716091304307,0.1486651487176176,-0.4250002917085992,-0.2905524202617017,-0.34543881593680537,0.17620409686115868,-0.13069581357319127
21,120,0.1,0.0,False,-0.17650059393209816,-0.20498932629814037,0.193527998642963,-0.3804841502850672,0.06536448711949161,-0.6463097272160074,-0.4629966697027016,-0.5561489870979897,0.13925705533593402,-0.26940488065959267
21,120,0.1,0.0,True,-0.17650059393209816,-0.20498932629814037,0.14502109254262896,-0.4056622752925728,0.38397879566275117,-0.5534824829616694,-0.3774402747833373,-0.43071098385772955,0.1918368934812058,-0.235685911841517
21,120,0.1,0.1,False,-0.07718086265597757,-0.15801261415128942,-0.017320335782357255,-0.41564143845325896,-0.10586358203646318,-0.6031385803252487,-0.4249965497322582,-0.5104978750913587,-0.01059223908269391,-0.22827248644422615
21,120,0.1,0.1,True,-0.07718086265597757,-0.15801261415128942,-0.05573503153310566,-0.4384850538943448,0.15139188457739183,-0.5042452236268986,-0.31672161272424104,-0.3577823650300068,0.03408544450069928,-0.19342436919145845
21,120,0.1,0.2,False,-0.1538102244159263,-0.1872607886478529,0.09562376120954275,-0.38866362883533434,-0.13393615245685464,-0.6365730670482914,-0.426838330446221,-0.5236011420010864,0.07704561630744156,-0.2229054258382671
21,120,0.1,0.2,True,-0.1538102244159263,-0.1872607886478529,0.0478984580445323,-0.4152934032913219,0.1251739087673125,-0.5411662103214061,-0.3355526419235896,-0.3889860689290676,0.12516231490660013,-0.18818895251360523
21,120,0.1,0.3,False,-0.14901859812068552,-0.18120927416190247,0.183696928438285,-0.37194654413676587,-0.16319438479865633,-0.6443178982777169,-0.45133296468716166,-0.5467391543441514,0.1064391516630736,-0.23708152709047026
21,120,0.1,0.3,True,-0.14901859812068552,-0.18120927416190247,0.13438729153404871,-0.3981095653637673,0.08711569899869076,-0.5509678915795251,-0.363751465191139,-0.4184893424461136,0.15534120276450447,-0.20336229536193873
21,120,0.15,0.0,False,-0.22754649146150996,-0.2542693052338235,0.5488650360882092,-0.41976829727581677,0.017890675318709137,-0.7018265540021175,-0.5301334009329004,-0.6178506840633773,0.05618174598120507,-0.3259590227245842
21,120,0.15,0.0,True,-0.22754649146150996,-0.2542693052338235,0.5007965430303849,-0.4377755883725073,0.31134875319684263,-0.6170380774169384,-0.432458413681735,-0.4834062602856034,0.1315198078758255,-0.2778792854457416
21,120,0.15,0.1,False,-0.12417205705680301,-0.17746362480875,0.3176077391770389,-0.4470844345514655,-0.1845974211455118,-0.6678433893182687,-0.49989635760129736,-0.5810616592001137,-0.07599577113094869,-0.28600004139066026
21,120,0.15,0.1,True,-0.12417205705680301,-0.17746362480875,0.2787794226187712,-0.46337819176530703,0.03537270268923565,-0.5802797451276892,-0.38080910826303405,-0.4206828398387632,-0.011935977835662248,-0.23649952144462028
21,120,0.15,0.2,False,-0.18601209579698386,-0.21818969408427136,0.44658316808015575,-0.42730448054170456,-0.2011654864439194,-0.6953789139430822,-0.498365330426602,-0.5897208998706701,0.0055723186410805425,-0.27798688158647655
21,120,0.15,0.2,True,-0.18601209579698386,-0.21818969408427136,0.39742080652475664,-0.44676762985107465,0.029231580403856094,-0.6087363476521319,-0.39412046608810014,-0.4454043116555392,0.07451389154702559,-0.22848599625042942
21,120,0.15,0.3,False,-0.20177938360212677,-0.2293936032871149,0.5353258702234636,-0.4116120835195842,-0.19272517540477563,-0.7001201607655735,-0.5199288912017004,-0.6097497562545918,0.03333369145824916,-0.29085850788202317
21,120,0.15,0.3,True,-0.20177938360212677,-0.2293936032871149,0.48609099586306104,-0.4304805242232347,0.04006011058116288,-0.6148464549122492,-0.4199809125462619,-0.47231732589056075,0.10339417654762473,-0.24277839847934135
21,120,0.2,0.0,False,-0.27635842952959755,-0.301392607912932,0.8420480254929661,-0.4027035479566372,0.02232403023053986,-0.6704908150410529,-0.4393622649981681,-0.5767057307769679,0.05809695373707835,-0.3324523840287448
21,120,0.2,0.0,True,-0.27635842952959755,-0.301392607912932,0.7803584562313257,-0.42270680538430394,0.24986638879786982,-0.5983811785176961,-0.4180546098134469,-0.4853113385949305,0.1418247633529992,-0.2796289641122637
21,120,0.2,0.1,False,-0.1611392586308199,-0.20742021940978628,0.5613665858947257,-0.43087500150195135,-0.18117186726254975,-0.6379107628655339,-0.362610027761866,-0.510082148914093,-0.06287948343748007,-0.2852165374200202
21,120,0.2,0.1,True,-0.1611392586308199,-0.20742021940978628,0.5115134635583851,-0.44904668420037075,-0.012896165397283332,-0.5656098467945614,-0.32688374235269657,-0.3903529367757318,0.009662843804800314,-0.22988528073166292
21,120,0.2,0.2,False,-0.2373773335915037,-0.2675244226056819,0.7203839922281718,-0.4105047653387691,-0.19397363322015315,-0.6633763057781931,-0.4015760528478274,-0.5456382776767406,0.0010208419834094595,-0.2902734934165191
21,120,0.2,0.2,True,-0.2373773335915037,-0.2675244226056819,0.6577066347247207,-0.4319813680834792,-0.014484147777750978,-0.5896880858251096,-0.3788647071630463,-0.4588358786258202,0.07764012534451536,-0.2359502125854599
21,120,0.2,0.3,False,-0.2522315530432735,-0.27810039399221853,0.8418609116205695,-0.39441114652981624,-0.19043371637744688,-0.6685713983504131,-0.42718822266731415,-0.5677339202663951,0.02879314590723725,-0.30204588267216326
21,120,0.2,0.3,True,-0.2522315530432735,-0.27810039399221853,0.7782862417267353,-0.415313979750202,-0.010200130769861149,-0.5960417175727021,-0.40526231780916655,-0.47302039026228493,0.10665613380586891,-0.2492220538903589
21,200,0.0,0.0,False,0.0,0.0,1.0150977923908293,-0.4037301426967411,0.7022014819841722,-0.6326199214311483,-0.4129483636273231,-0.5567626330428352,0.22076327244924432,-0.13137811546390243
21,200,0.0,0.0,True,0.0,0.0,0.599704460617851,-0.45427318502122394,1.0990154523317175,-0.5483606157930374,-0.41308884839048543,-0.5054717583797126,0.22076327244924432,-0.13137811546390266
21,200,0.0,0.1,False,0.0,0.0,0.5810047867221289,-0.4024376213258546,0.27576308291301,-0.5926076013978476,-0.3229442384012685,-0.496997529634024,0.11033532735844331,-0.10677957955601713
21,200,0.0,0.1,True,0.0,0.0,0.34556389547461475,-0.4791812173347043,0.547258353596856,-0.5083002078092203,-0.33383403658712374,-0.45419621170957314,0.11033532735844376,-0.1067795795560168
21,200,0.0,0.2,False,0.0,0.0,0.7625750126598534,-0.39703767911090704,0.3404961209804187,-0.6225721542435272,-0.3599594327670874,-0.538136999826186,0.14191704725649767,-0.12997127294280575
21,200,0.0,0.2,True,0.0,0.0,0.47347102728962476,-0.4630406148280002,0.6531397951884894,-0.5359838935743904,-0.3748885157605506,-0.49737065962029525,0.14191704725649812,-0.12997127294280586
21,200,0.0,0.3,False,0.0,0.0,0.9238202166483362,-0.4037301434808733,0.3758816914579488,-0.6303605588191357,-0.40020063731240496,-0.5521674441595109,0.16713347433630132,-0.13137811546390255
21,200,0.0,0.3,True,0.0,0.0,0.5978422997688146,-0.4472845989359897,0.6967025890863434,-0.545583064155603,-0.4001874257443888,-0.5011444573434575,0.16713347433630155,-0.13137811546390243
21,200,0.05,0.0,False,0.0,0.0,0.07136103656576576,-0.281323454580546,0.11603699221580377,-0.5356532630581886,-0.4628420310870095,-0.5045986876361505,0.16483187622396,-0.07091861718952353
21,200,0.05,0.0,True,0.0,0.0,-0.13396450845760954,-0.3608215448667629,0.4291289284493238,-0.42535294458265516,-0.3595956487434355,-0.39782283455606393,0.16483187622396023,-0.07091861718952353
21,200,0.05,0.1,False,0.0,0.0,-0.12732662072582301,-0.2781189611067191,-0.11312514078050961,-0.500984960988766,-0.46314834265177207,-0.4810125661400627,0.053475681171464284,-0.0707104973763596
21,200,0.05,0.1,True,0.0,0.0,-0.2392872875400922,-0.3707335456633044,0.13463258738481,-0.3839397390503062,-0.35767722410341873,-0.36933219743074364,0.05347568117146517,-0.07071049737635948
21,200,0.05,0.2,False,0.0,0.0,-0.05895132847666018,-0.2662933661928816,-0.11754984617001951,-0.5135868135170112,-0.4216363369094094,-0.48282919176365313,0.1010193169897633,-0.07086935796467642
21,200,0.05,0.2,True,0.0,0.0,-0.1985319189194764,-0.3623704699938941,0.13003668615137975,-0.39804485938781564,-0.3262222679976401,-0.38298567918437443,0.1010193169897633,-0.07086935796467642
21,200,0.05,0.3,False,0.0,0.0,0.007013685537014425,-0.25054706633509916,-0.11191511497697171,-0.5311033538516372,-0.456181585433145,-0.5045986876361501,0.10501095393713444,-0.07091868051992478
21,200,0.05,0.3,True,0.0,0.0,-0.147602064477116,-0.3445980062938474,0.13727962766736268,-0.41972225587537426,-0.35152196385391377,-0.3978228345560638,0.10501095393713444,-0.07091868051992511
21,200,0.1,0.0,False,0.0,0.0,0.519221161253828,-0.3270911629404134,-0.012329322921179053,-0.6617769849277111,-0.5135005376860597,-0.5978921043100799,0.21824859613417935,-0.10040337785274611
21,200,0.1,0.0,True,0.0,0.0,0.21185849368022946,-0.4181017638706994,0.3740928872657687,-0.5427104753749453,-0.36863581587617267,-0.4226598980808901,0.2182485961341798,-0.10040337785274622
21,200,0.1,0.1,False,0.0,0.0,0.16189365386549048,-0.35716236043639615,-0.16631921302812236,-0.6116678448323563,-0.48662929168616675,-0.5629660092153125,0.08674989164084779,-0.10018681598349966
21,200,0.1,0.1,True,0.0,0.0,-0.006334649898473543,-0.4502375617163359,0.14678738318042028,-0.4818027405836378,-0.32834864011410037,-0.36871068088354675,0.08674989164084823,-0.10018681598349954
21,200,0.1,0.2,False,0.0,0.0,0.32027272667678264,-0.31953805920948253,-0.19351523502638457,-0.648557671934947,-0.4696378882712229,-0.5591751546292567,0.13956155741104959,-0.10033031720221186
21,200,0.1,0.2,True,0.0,0.0,0.10906648041964284,-0.4275313123604344,0.12211823936841104,-0.5248124405241428,-0.3276023750070042,-0.3870171453816258,0.13956155741104959,-0.10033031720221208
21,200,0.1,0.3,False,0.0,0.0,0.4385724608371757,-0.3270911637991095,-0.22494799164225676,-0.6598722608206153,-0.5029337759948295,-0.5893672436305905,0.16485689505645484,-0.10031860721058317
21,200,0.1,0.3,True,0.0,0.0,0.2006039743047645,-0.41070713216070365,0.07833757520115547,-0.5401352207569541,-0.35475341431735563,-0.41026541391182014,0.16485689505645462,-0.10031860721058328
21,200,0.15,0.0,False,0.0,0.0,0.7581319113469565,-0.3874313094642339,-0.06647223735367747,-0.7140831425744485,-0.5472041334051213,-0.6317345582305315,0.1946498087335944,-0.13070460049134314
21,200,0.15,0.0,True,0.0,0.0,0.40082169421571945,-0.44640259603960375,0.30198672143372884,-0.6024528566466604,-0.39901956358337964,-0.45296919445555617,0.19464980873359394,-0.13070460049134336
21,200,0.15,0.1,False,0.0,0.0,0.3846259020971381,-0.38602802924923174,-0.2478917593139297,-0.678471829618859,-0.5239657138766647,-0.6012246320866111,0.06644686732766969,-0.12324411066874352
21,200,0.15,0.1,True,0.0,0.0,0.18274866855974636,-0.47161234311605094,0.031235127810457453,-0.5612786415349402,-0.36301378678482765,-0.4040334749329074,0.06644686732767013,-0.12324411066874341
21,200,0.15,0.2,False,0.0,0.0,0.5379324782747599,-0.3805576015673797,-0.26410680955821475,-0.7062435254255568,-0.5062359139316601,-0.5961581262304314,0.11748448739847994,-0.12818562242122322
21,200,0.15,0.2,True,0.0,0.0,0.2903835231491869,-0.4552566598544935,0.02643939603039236,-0.5915308749936733,-0.35977930363068655,-0.4222731832847997,0.11748448739847928,-0.12818562242122356
21,200,0.15,0.3,False,0.0,0.0,0.6639910260482673,-0.38743131038670964,-0.26032729474913385,-0.7124468915994762,-0.5373703639137573,-0.6239279453861915,0.14216126182836453,-0.13070460049134347
21,200,0.15,0.3,True,0.0,0.0,0.38709575008718966,-0.43921947042065157,0.03166540945001972,-0.6001777655353264,-0.3858069034743018,-0.4412269137262017,0.1421612618283652,-0.13070460049134303
21,200,0.2,0.0,False,0.0,0.0,1.092201479693796,-0.37922517756436547,-0.028756437924761125,-0.6726956300479526,-0.4597308053615585,-0.5920844430362007,0.2164491149082819,-0.13445367404151853
21,200,0.2,0.0,True,0.0,0.0,0.6617524659582128,-0.43156785864796654,0.24094248006414176,-0.5830856776628801,-0.3837671053588626,-0.47051204138472036,0.21644911490828256,-0.1344536740415183
21,200,0.2,0.1,False,0.0,0.0,0.6417834285629169,-0.3778701666690336,-0.21762983986066664,-0.6369194365138637,-0.39328680158932183,-0.5400240960577998,0.10647865130770784,-0.11112189829573216
21,200,0.2,0.1,True,0.0,0.0,0.39799845310818527,-0.4575034400819633,-0.01684133000358401,-0.5459448469532011,-0.30753862543201493,-0.42138212805627406,0.10647865130770806,-0.11112189829573216
21,200,0.2,0.2,False,0.0,0.0,0.8301383705860765,-0.37225767286082645,-0.2308327788343557,-0.663731859360756,-0.41096524767912934,-0.5662795241950702,0.13787941036213947,-0.13305223636155405
21,200,0.2,0.2,True,0.0,0.0,0.530724808593414,-0.4407000631921504,-0.017158214380723402,-0.5716451909887332,-0.3436588505425787,-0.4618382509936134,0.13787941036213902,-0.13305223636155405
21,200,0.2,0.3,False,0.0,0.0,0.9974316022430294,-0.3792251783807229,-0.2316057995456573,-0.6707890565766139,-0.44799905839742116,-0.5834385875463217,0.1630076408238863,-0.13445367404151842
21,200,0.2,0.3,True,0.0,0.0,0.6598183006489688,-0.42428850779985505,-0.01818980753988486,-0.5806571192329821,-0.37022110729129465,-0.4658788303677641,0.16300764082388652,-0.1344536740415183
28,50,0.0,0.0,False,-0.2555734709096521,-0.38848418463546697,1.2163600946238038,-0.2784956617234301,0.9057573028024477,-0.6138482166895398,-0.26201695768739186,-0.3948293760179483,0.07398160494901385,-0.30350437349829085
28,50,0.0,0.0,True,-0.3139801346997382,-0.4468491347818243,1.165908657922492,-0.2809908214190241,1.1571277873712953,-0.5678298695582665,-0.25255928543469663,-0.34658830458620404,0.05627220659923471,-0.31498922430184206
28,50,0.0,0.1,False,-0.21557343420836872,-0.33521233518993276,0.8950581587652597,-0.3000111068890673,0.4366775018944644,-0.5909748575610105,-0.17218343516691814,-0.2921496407906653,-0.06631528024201372,-0.29705202587312385
28,50,0.0,0.1,True,-0.24206682184710293,-0.3594284422580565,0.8410381159595179,-0.31996481110363006,0.621554160201363,-0.543448244272037,-0.1575237109172487,-0.24339017116881445,-0.10054479506407143,-0.32282257517133695
28,50,0.0,0.2,False,-0.2715583057631735,-0.41191881659440444,1.0768259122182382,-0.2740869805725069,0.47766427847184034,-0.6139042500548788,-0.2460948766668033,-0.3732984287271115,-0.06078507502477781,-0.32881884631710334
28,50,0.0,0.2,True,-0.2856152407156898,-0.43389665517356446,1.0142496509985963,-0.29595926291412855,0.6723578698075661,-0.567892580512076,-0.23721400612441856,-0.3274165740599124,-0.07627224087468243,-0.33988627461919474
28,50,0.0,0.3,False,-0.2788244145193781,-0.4004264107322608,1.1305386033126634,-0.27849566407679227,0.5088356581643056,-0.6138562584650107,-0.2367903516434846,-0.37629345335492337,-0.0327290970226215,-0.3304513305644181
28,50,0.0,0.3,True,-0.2990457708591572,-0.42797871248236896,1.0814975702303338,-0.2852898037764573,0.7078519494681419,-0.5678388696852799,-0.2454601508455031,-0.34073595881199104,-0.048678891368554855,-0.3414918400527309
28,50,0.05,0.0,False,-0.020664471401204088,-0.18160674821042,-0.08925979815430651,-0.40359054620266865,0.3994888132234322,-0.4237210135145517,-0.38566694865295315,-0.40262623908831097,0.18080714592461078,-0.18695876905695707
28,50,0.05,0.0,True,-0.11828193181959712,-0.20175189287249107,-0.03973371684339999,-0.3711577810260581,0.5144445657937857,-0.38973870536656186,-0.3446074017329832,-0.35082845549109376,0.16203219488100284,-0.19988620559783776
28,50,0.05,0.1,False,-0.051947439235383586,-0.18542187374515617,-0.18154987795488475,-0.39425062396767574,0.13724791156348592,-0.3805360020033818,-0.36475785221960555,-0.38229646175225707,0.016908485836647502,-0.14467112960851636
28,50,0.05,0.1,True,-0.0978886890216738,-0.18176558847547364,-0.14279566580587943,-0.3655679477781665,0.2271725197979062,-0.3457544966403705,-0.30468360815135964,-0.3112844845147327,-0.019779642068740833,-0.17469687119077626
28,50,0.05,0.2,False,-0.05605180629758455,-0.18162368437664578,-0.151949739655307,-0.38866877889854523,0.09655726164530609,-0.404945969086678,-0.373650788587496,-0.39094391025779707,0.04094244409864922,-0.18695876905695685
28,50,0.05,0.2,True,-0.09559154596504393,-0.1816236843766461,-0.10591405816743282,-0.35548318755543173,0.18647166709886953,-0.369856524707448,-0.3319335242156298,-0.34093201593526645,0.024391355728821562,-0.19988620559783798
28,50,0.05,0.3,False,-0.04252860508891776,-0.18163566076662185,-0.13387842313020226,-0.39942200277629347,0.10579454245535036,-0.42214114086263543,-0.37657505086767096,-0.3937853324141386,0.05344888881638221,-0.18695876905695719
28,50,0.05,0.3,True,-0.09081384124714953,-0.18163566076662174,-0.08677870407283284,-0.36676255207480546,0.19662588216670995,-0.3880656699921611,-0.3446074017329843,-0.35082845549109476,0.03669894672813645,-0.19988620559783754
28,50,0.1,0.0,False,0.02116427621185024,-0.256081199871912,0.3396392004472659,-0.3174896973508279,0.20236447888273656,-0.6215779222966746,-0.3429798389278379,-0.4526512201803925,0.14941223860175912,-0.23529715492885195
28,50,0.1,0.0,True,-0.08176717723366111,-0.25608119987191147,0.3564294806067043,-0.3089354991836226,0.33860313024236066,-0.5834378679573917,-0.3272032985825256,-0.39312430893112027,0.13045902831610356,-0.2479067075558845
28,50,0.1,0.1,False,-0.01967889443601767,-0.2391151861492945,0.11307522800381586,-0.35725104301067334,-0.009530766103083566,-0.5933533380905173,-0.2926904488612305,-0.3888536750664413,-0.020440843865076053,-0.23978043352413836
28,50,0.1,0.1,True,-0.07445612992775541,-0.23620803237285337,0.12040817189416253,-0.3530166104057595,0.09956034120007318,-0.5535648070715574,-0.2548405674205515,-0.3138396301206149,-0.05635214662548993,-0.2676505982253967
28,50,0.1,0.2,False,-0.04009664149013836,-0.2566011100537673,0.2375208726100535,-0.32660262492852077,-0.02451509705569177,-0.6212522854940468,-0.32884369927254875,-0.43320648788169414,0.004830299398782989,-0.25822611720191746
28,50,0.1,0.2,True,-0.0814406180666527,-0.2566011100537675,0.2435215409182523,-0.3233373593666614,0.08587888044855485,-0.5830794111739047,-0.3134286823190702,-0.37535263441761146,-0.01173882986437047,-0.2704575829085807
28,50,0.1,0.3,False,-0.01174952656034467,-0.2560862988575332,0.2765857104221465,-0.32136235182312334,-0.06270599759028561,-0.6220428322792495,-0.3205179034913175,-0.4358849408121177,0.03528447917531752,-0.2576988089475376
28,50,0.1,0.3,True,-0.0627444583930491,-0.25608629885753376,0.29224853598050227,-0.31303593628051773,0.04349779756376004,-0.5839496348572639,-0.32081298989953233,-0.3876886496055525,0.01821317631532815,-0.2699389696962833
28,50,0.15,0.0,False,-0.06016029291088887,-0.26900944757165146,0.7350990224848912,-0.33945849097082725,0.15097690670107977,-0.6580411014756626,-0.36645844356801727,-0.4721650785653241,0.03833336262077491,-0.311166149406218
28,50,0.15,0.0,True,-0.14296925059702992,-0.27180722800346824,0.7550325114279357,-0.32404921569170286,0.300740424807467,-0.6178917307008309,-0.32974350052380297,-0.3925732651868348,0.021211785255028204,-0.3225246615080718
28,50,0.15,0.1,False,-0.06871207769266141,-0.25563285478735975,0.4916614676187623,-0.3641518457400935,-0.09425688927112297,-0.6366328856629832,-0.32081106507906765,-0.40999242314522133,-0.11408709544906259,-0.3199352680798362
28,50,0.15,0.1,True,-0.10925276366671677,-0.25563285478735953,0.4999342476440858,-0.36062542099567907,0.020683981312465072,-0.5950554996007745,-0.26071691714091727,-0.31605552720764574,-0.1465652631385138,-0.3448669022049544
28,50,0.15,0.2,False,-0.0806789816638428,-0.2508781889277515,0.6247704396722236,-0.34067243400092473,-0.09709945782315255,-0.659182889302127,-0.3527986245274366,-0.4533930102517819,-0.09197735696990517,-0.3361975147181242
28,50,0.15,0.2,True,-0.10786139615011925,-0.25469759398266556,0.6310486536703588,-0.3381247512925626,0.020255881140142096,-0.619167575757532,-0.3159919515967605,-0.37476043577637586,-0.10695017830624232,-0.34714327261417777
28,50,0.15,0.3,False,-0.09007601438838475,-0.2690154346914424,0.6522671877535064,-0.3394584934006871,-0.09406141991131223,-0.6584432731619556,-0.3448020471198814,-0.4559979791693525,-0.06484847454128628,-0.33781401930047805
28,50,0.15,0.3,True,-0.12485197781035517,-0.2690154346914423,0.6708131737737133,-0.32808989993462434,0.02381805112973656,-0.6183411213371727,-0.32337933377626826,-0.3871344081298862,-0.08026863704947373,-0.34873312187909045
28,50,0.2,0.0,False,-0.1249843757777418,-0.2841520568064344,1.182977509415227,-0.28742220196667745,0.0925157885431327,-0.6523274239363885,-0.32227536071502816,-0.44423508379073784,0.06899876713363096,-0.30637688052858836
28,50,0.2,0.0,True,-0.193358628722354,-0.3475042785259197,1.1332862604192329,-0.2898863935707664,0.24689863431387238,-0.6076594369446471,-0.2964418687627528,-0.3642501205562426,0.051371533189068286,-0.3178143651845008
28,50,0.2,0.1,False,-0.11488172924801054,-0.2589937799420947,0.8667658493525718,-0.30867145579449085,-0.13399067947115895,-0.6279794496995492,-0.2576299898739466,-0.36521338068906495,-0.07062744084213857,-0.29990891857038693
28,50,0.2,0.1,True,-0.1444871124002215,-0.2746774091952181,0.8135525475150525,-0.32837819861092976,-0.014421052153160474,-0.5812989289349898,-0.20676031269129957,-0.2680350781507046,-0.1046988689331465,-0.3255747322454744
28,50,0.2,0.2,False,-0.14366092629454807,-0.3065076010755149,1.0456839110858636,-0.2830680655604747,-0.13910356260424916,-0.6523797551360121,-0.3076549137414556,-0.42446320458295317,-0.06517992573056897,-0.33158735137235984
28,50,0.2,0.2,True,-0.15989615004562252,-0.33219453037613267,0.9840462536854708,-0.30466964570436295,-0.017574711728851944,-0.6077184915084501,-0.2819981706918543,-0.34559720466874966,-0.08059462277705554,-0.34260912846533353
28,50,0.2,0.3,False,-0.15227009660009128,-0.29295126622851186,1.0984479343367086,-0.28742220429092324,-0.14137386252486628,-0.6523353274423487,-0.2991093014824956,-0.4272130118388243,-0.037244943675154074,-0.3332127676255674
28,50,0.2,0.3,True,-0.1757556537204097,-0.32520963168397266,1.050145850702219,-0.2941321889747095,-0.020041843393760583,-0.6076683558706478,-0.289759527659328,-0.3585559646319034,-0.05312027405739017,-0.3442077424522998
28,120,0.0,0.0,False,-0.38075687337390274,-0.4321219066598575,0.5562795488441299,-0.3980057684408901,0.8033512612182669,-0.6063645251358085,-0.44729646951684443,-0.569609183433501,0.10860675819436882,-0.32671035392593994
28,120,0.0,0.0,True,-0.38075687337390274,-0.4321219066598575,0.7508319200879414,-0.32274974820216984,1.0008223231228128,-0.5463152816783775,-0.4298022113766826,-0.5015338387041954,0.10860675819436771,-0.3267103539259403
28,120,0.0,0.1,False,-0.2865640908652025,-0.3478386094756123,0.4147682898823415,-0.41624090230230626,0.38243714384272365,-0.5770079849588877,-0.35263850964281707,-0.48318652373546145,-0.06553264829642547,-0.3097192055057848
28,120,0.0,0.1,True,-0.2865640908652025,-0.3478386094756123,0.5852488098012529,-0.34589754276095364,0.5316338043259459,-0.5204350382023643,-0.35394635088321724,-0.42368929258671395,-0.0655326482964258,-0.309719205505785
28,120,0.0,0.2,False,-0.35832009233682205,-0.409148754820427,0.5070927505835303,-0.4001269920522714,0.39988228140539905,-0.603260387572954,-0.4317369036241723,-0.5514272951793692,0.0017253872110276625,-0.3100506220897301
28,120,0.0,0.2,True,-0.35832009233682205,-0.409148754820427,0.6827219715189465,-0.3302207245015507,0.5617598767568917,-0.542724049460595,-0.41433347197447756,-0.4835909376410328,0.0017253872110274404,-0.3100506220897302
28,120,0.0,0.3,False,-0.36037321158683144,-0.4127540948520041,0.5354835303718533,-0.3890645405540296,0.42734465222263207,-0.6063727227623337,-0.4284032241503294,-0.5564265716921883,0.04340575417077952,-0.3159752913694154
28,120,0.0,0.3,True,-0.36037321158683144,-0.4127540948520041,0.7269855087958093,-0.3128700735610044,0.5836432040880655,-0.5463247298558392,-0.424386516506134,-0.49706927776484744,0.04340575417077952,-0.3159752913694155
28,120,0.05,0.0,False,-0.14206162759688246,-0.17768345267638186,-0.24623217348378035,-0.4257993346347384,0.2272934984913484,-0.4774085023184923,-0.4164189543462431,-0.45353750063237397,0.29797092855143403,-0.17399486279143095
28,120,0.05,0.0,True,-0.14206162759688246,-0.17768345267638186,-0.18138968763069996,-0.3764040205725039,0.36571638382606664,-0.40199958098090915,-0.33088406651890623,-0.35669814184651727,0.29797092855143337,-0.17399486279143084
28,120,0.05,0.1,False,-0.09579831921142057,-0.1368532103985941,-0.2867682649677623,-0.41134077987101414,-0.013442660463609646,-0.44660752000781534,-0.41214902525363506,-0.4283791962923321,0.08042112080440322,-0.1393696077719988
28,120,0.05,0.1,True,-0.09579831921142057,-0.1368532103985941,-0.22918825120513642,-0.36381764772239866,0.11160398061920951,-0.36841039471642933,-0.3001202531405206,-0.30676445099405536,0.08042112080440367,-0.13936960777199858
28,120,0.05,0.2,False,-0.13251316207443253,-0.1595292324279215,-0.2749455644195321,-0.40581824340930117,-0.04376418773167745,-0.46038258463504866,-0.40422152777970766,-0.45353822905629915,0.17467796950093017,-0.12946071335237408
28,120,0.05,0.2,True,-0.13251316207443253,-0.1595292324279215,-0.21264081916217403,-0.35475953503616386,0.06995434779846654,-0.38251685699084326,-0.31702693346984545,-0.35426996170749203,0.17467796950092995,-0.1294607133523743
28,120,0.05,0.3,False,-0.11533427002644969,-0.15109765471108172,-0.26491595437989035,-0.410360737737382,-0.030265494588427755,-0.47597581427212443,-0.40778217064085964,-0.45353750063237375,0.201024250441306,-0.14328243776947702
28,120,0.05,0.3,True,-0.11533427002644969,-0.15109765471108172,-0.20168073107612505,-0.35963732639413837,0.07910886262385697,-0.40036015887807574,-0.330884066518906,-0.3566981418465168,0.20102425044130467,-0.14328243776947724
28,120,0.1,0.0,False,-0.15260908914263926,-0.22289854488444727,0.008604016148091365,-0.4012401818884408,0.03221071293705435,-0.6367729342689203,-0.5132890451766263,-0.5952549802368177,0.24026811620881072,-0.2503545644126557
28,120,0.1,0.0,True,-0.15260908914263926,-0.22289854488444727,0.08131279818127068,-0.35807646609087584,0.21942549879051487,-0.5542256084021255,-0.40217816442274135,-0.460753094006486,0.24026811620880983,-0.25035456441265547
28,120,0.1,0.1,False,-0.08203449430733223,-0.1629005382630857,-0.10869166135909503,-0.4250570697960495,-0.1396832208961155,-0.5979148334044506,-0.4782662120888225,-0.5500029761397058,0.024904629432926928,-0.2195761105572095
28,120,0.1,0.1,True,-0.08203449430733223,-0.1629005382630857,-0.04828673891160418,-0.38609257052561863,0.020264810537846678,-0.5120329666728382,-0.3327350052696185,-0.3855666645634944,0.024904629432926484,-0.2195761105572096
28,120,0.1,0.2,False,-0.14371493230206167,-0.2115428698391293,-0.037152101534761006,-0.4033610678188334,-0.16160080709156766,-0.6279296742438892,-0.49960142216250314,-0.5781653990788371,0.11994089805263308,-0.20524047919373123
28,120,0.1,0.2,True,-0.14371493230206167,-0.2115428698391293,0.02442916341405077,-0.3652015825875836,-0.0040548728396059275,-0.5433579952610779,-0.3859742635998106,-0.4413551094186381,0.11994089805263353,-0.20524047919373112
28,120,0.1,0.3,False,-0.1246430930702952,-0.19632859591016272,-0.013607377835622603,-0.3923772105757346,-0.1955820883044591,-0.637219176438047,-0.49664956711716823,-0.582856907822557,0.16655045854078798,-0.21717708205202957
28,120,0.1,0.3,True,-0.1246430930702952,-0.19632859591016272,0.057224362910172744,-0.3487445039590744,-0.049682042431073103,-0.554773263987888,-0.3964999765560011,-0.45592317164102747,0.16655045854078843,-0.217177082052029
28,120,0.15,0.0,False,-0.21081528758506707,-0.27627665046336003,0.22651993255683367,-0.4495537175645481,0.06909736493141594,-0.6618986839259587,-0.5818072776697618,-0.6542293385681819,0.09984056691541388,-0.3287407535558975
28,120,0.15,0.0,True,-0.21081528758506707,-0.27627665046336003,0.35739717427732165,-0.39081770419192363,0.2646314123669151,-0.5845436840434866,-0.4429803686407433,-0.4951953227342003,0.09984056691541365,-0.3287407535558974
28,120,0.15,0.1,False,-0.14039280533165588,-0.21422146516351703,0.12104906813700977,-0.4661890177360689,-0.1441446366510304,-0.6328826849536786,-0.5545864296941423,-0.6180496208369439,-0.08408083566295443,-0.31014932010966767
28,120,0.15,0.1,True,-0.14039280533165588,-0.21422146516351703,0.23568087070271249,-0.4116046851983568,0.010557740025879392,-0.5564210565457435,-0.38223375396848736,-0.42847629108879215,-0.08408083566295421,-0.31014932010966745
28,120,0.15,0.2,False,-0.18219155247342322,-0.246971685151956,0.18742046807917223,-0.4512827625370892,-0.16035897769273877,-0.6595496541202786,-0.5700403552625899,-0.6396271185341833,0.000493032671990079,-0.2950634266228178
28,120,0.15,0.2,True,-0.18219155247342322,-0.246971685151956,0.3042264956900531,-0.39730568995610205,-0.001300331898228646,-0.5816448108544439,-0.4278767918081654,-0.4770323738044625,0.0004930326719894129,-0.29506342662281804
28,120,0.15,0.3,False,-0.1847825287380056,-0.25154303966632596,0.19973806121086812,-0.44093047928371654,-0.15875297860133586,-0.6622963187791826,-0.5675121608686995,-0.6436386963150776,0.04212083582499915,-0.3011232235733535
28,120,0.15,0.3,True,-0.1847825287380056,-0.25154303966632596,0.327411203521887,-0.38143569055614823,-0.004891264948048035,-0.5850322947153839,-0.4376913996887135,-0.49067533649721595,0.042120835824998926,-0.30112322357335364
28,120,0.2,0.0,False,-0.26023064572604093,-0.3215930991346756,0.5913633894318739,-0.3827537178172986,0.03384634799870656,-0.6455767989196082,-0.5442451214427854,-0.6451031965959129,0.09082169564074771,-0.33716873337758346
28,120,0.2,0.0,True,-0.26023064572604093,-0.3215930991346756,0.7235235950256482,-0.33149239303315736,0.1565806576234796,-0.5881161901073038,-0.4345137779408931,-0.4890147927521379,0.09082169564074749,-0.33716873337758324
28,120,0.2,0.1,False,-0.1818241476231346,-0.25209441416165534,0.4468719508435077,-0.401444428514223,-0.16665694096212647,-0.6152626860173794,-0.4800381840197072,-0.5848945639524583,-0.08027538456674543,-0.32023118769763237
28,120,0.2,0.1,True,-0.1818241476231346,-0.25209441416165534,0.5607325548348685,-0.3543415049610825,-0.06904863699269104,-0.5601813417663963,-0.35910325289998624,-0.4086101024570058,-0.0802753845667451,-0.3202311876976319
28,120,0.2,0.2,False,-0.23332212205186276,-0.2940521069344929,0.5411724241711247,-0.38492868424144344,-0.1843906674080289,-0.6427838155732167,-0.5314158771203539,-0.6301113900275241,-0.014014691529383838,-0.3205134687561336
28,120,0.2,0.2,True,-0.23332212205186276,-0.2940521069344929,0.6565884913564703,-0.33886692555046005,-0.08251981400545794,-0.5848580882403127,-0.41917338573610974,-0.47062173874497215,-0.014014691529383616,-0.3205134687561334
28,120,0.2,0.3,False,-0.23583999827814162,-0.298419265705964,0.5700980205592923,-0.37358595609802214,-0.18771849992330047,-0.6455848558849109,-0.5286664194549434,-0.6342333214300432,0.02714928243622583,-0.3262642866850808
28,120,0.2,0.3,True,-0.23583999827814162,-0.298419265705964,0.7000485425768643,-0.3217402554231028,-0.09128691407397249,-0.5881255533023627,-0.4291428332281372,-0.4844381038070371,0.02714928243622583,-0.3262642866850808
28,200,0.0,0.0,False,0.0,0.0,0.7926565908970096,-0.36055798969499064,0.6534753852263417,-0.6390735749118865,-0.4276516400651428,-0.5543117342175776,0.29762052741554856,-0.13912768702413325
28,200,0.0,0.0,True,0.0,0.0,0.6464625200185703,-0.3300723344399682,0.9772129711279236,-0.551661410843062,-0.3837891641909049,-0.46130929301524426,0.29762052741554745,-0.13912768702413358
28,200,0.0,0.1,False,0.0,0.0,0.5012721493280368,-0.3602381927917049,0.2607581169362414,-0.6123914276902769,-0.34051419086231804,-0.47350721560603914,0.1457017416172275,-0.12368577775655376
28,200,0.0,0.1,True,0.0,0.0,0.47717736832222046,-0.35296223816250927,0.5020778818202922,-0.5274369308420989,-0.31634407525476227,-0.3933110676991335,0.14570174161722704,-0.12368577775655398
28,200,0.0,0.2,False,0.0,0.0,0.6316888800551324,-0.35344799138440564,0.29047944878572185,-0.6342602310982721,-0.4127849118337258,-0.5364670658887509,0.18095016416556686,-0.13925290781868027
28,200,0.0,0.2,True,0.0,0.0,0.5654496974056462,-0.33745798345332734,0.5516920763499735,-0.5456644836944348,-0.3684121673437809,-0.44310001536383337,0.18095016416556664,-0.13925290781868005
28,200,0.0,0.3,False,0.0,0.0,0.7087069547182443,-0.36055799178068615,0.30871855053789754,-0.6390810913585108,-0.40808686907495506,-0.5406605708113984,0.2157246719363699,-0.13912768702413314
28,200,0.0,0.3,True,0.0,0.0,0.6240460791009075,-0.320295942768814,0.5649564924308932,-0.5516707476851072,-0.37793644092671097,-0.4564844569972054,0.21572467193636924,-0.13912768702413358
28,200,0.05,0.0,False,0.0,0.0,-0.03346606259782803,-0.2764888475070598,0.15224916877487482,-0.5093629848491048,-0.4588365119356772,-0.4902656639916302,0.25076627173794197,-0.06279197561692229
28,200,0.05,0.0,True,0.0,0.0,-0.13991282941024585,-0.35617091551866065,0.3637665195879811,-0.40285335973255976,-0.3601345867829132,-0.3811886295007595,0.2507662717379413,-0.06279197561692207
28,200,0.05,0.1,False,0.0,0.0,-0.16321718340774072,-0.324121223087668,-0.08086356783879967,-0.4844261258210839,-0.4555568355594113,-0.47058854607674583,0.09194410587611457,-0.06258272423497768
28,200,0.05,0.1,True,0.0,0.0,-0.20292252307802805,-0.3561916670321672,0.10155619647331982,-0.374119330752926,-0.3314347823580225,-0.33778170067354374,0.09194410587611501,-0.06258272423497746
28,200,0.05,0.2,False,0.0,0.0,-0.11669893116580854,-0.2886890692696352,-0.09730995935637587,-0.49059922211809803,-0.44587646051375796,-0.4887432045884883,0.1479840723283956,-0.06274281643015145
28,200,0.05,0.2,True,0.0,0.0,-0.17274809253837708,-0.3338247342759031,0.07421743244801293,-0.3800565810790413,-0.34493359829430403,-0.37699683590214617,0.14798407232839517,-0.06274281643015178
28,200,0.05,0.3,False,0.0,0.0,-0.08941967215937097,-0.28225580635865943,-0.0895610714414965,-0.508017900227884,-0.4508274923993657,-0.4902656639916301,0.16106145590748877,-0.06279210664398516
28,200,0.05,0.3,True,0.0,0.0,-0.16123196732188338,-0.3388602116033689,0.07756819444083218,-0.40121627826981976,-0.3601345867829129,-0.38118862950076027,0.16106145590748855,-0.06279210664398494
28,200,0.1,0.0,False,0.0,0.0,0.2646491656594514,-0.33652259201763257,-0.04546829092735949,-0.6641075823881846,-0.5405371371551251,-0.6179142802115811,0.3206614766253666,-0.09498693195193775
28,200,0.1,0.0,True,0.0,0.0,0.11996558036875404,-0.3689713563625261,0.20504971853291254,-0.5594808328288726,-0.3889609060086163,-0.44883087022446,0.3206614766253655,-0.09498693195193775
28,200,0.1,0.1,False,0.0,0.0,0.033192445371455825,-0.3639182228451677,-0.20868829925254706,-0.6294304768879715,-0.5188953308992306,-0.585045718186273,0.14319607623611663,-0.08915524868938263
28,200,0.1,0.1,True,0.0,0.0,-0.019738286280470696,-0.3965048663171482,0.0005832563259620116,-0.5204948695326942,-0.33367854400623953,-0.3864354972725891,0.14319607623611685,-0.0891552486893824
28,200,0.1,0.2,False,0.0,0.0,0.147011648277382,-0.32911049762332223,-0.22050158522042584,-0.6540690502035647,-0.5286312905194609,-0.6026374968735033,0.20185004500090797,-0.09511218276094824
28,200,0.1,0.2,True,0.0,0.0,0.06105587866453188,-0.37597126058058417,-0.010463820582846117,-0.5462965052945026,-0.3737479102236536,-0.43023148798205924,0.20185004500090775,-0.09511218276094813
28,200,0.1,0.3,False,0.0,0.0,0.19482684318691623,-0.3365225938663494,-0.25611854784977983,-0.6645202426086629,-0.5248292058877521,-0.606210303161627,0.23739582336031728,-0.09498693195193764
28,200,0.1,0.3,True,0.0,0.0,0.09502177406662349,-0.35979444729319554,-0.06088531982571488,-0.5600220321150678,-0.38315717893957124,-0.4438941629805888,0.23739582336031706,-0.09498693195193775
28,200,0.15,0.0,False,0.0,0.0,0.411113648586265,-0.38813548605716397,-0.040685283518198334,-0.6966173719839353,-0.5676692795208679,-0.6425397401839126,0.26719858609345004,-0.1369467104176223
28,200,0.15,0.0,True,0.0,0.0,0.2764860789561825,-0.3974018979924907,0.24971510711529854,-0.5894439839703374,-0.398300376187798,-0.45470362746771786,0.26719858609345004,-0.13694671041762219
28,200,0.15,0.1,False,0.0,0.0,0.18816464239646336,-0.39939610472716636,-0.23614635706957954,-0.6723446177494681,-0.5469869672608442,-0.611532941168113,0.09795209311202258,-0.1347175880327125
28,200,0.15,0.1,True,0.0,0.0,0.15144521755816687,-0.417957361983213,-0.00894129983097458,-0.5649773916161733,-0.3465706924866353,-0.3954827675672806,0.09795209311202191,-0.13471758803271272
28,200,0.15,0.2,False,0.0,0.0,0.2840436637277177,-0.3813337782183579,-0.2425052711582103,-0.6928532925874982,-0.5564456222204002,-0.6282326233085569,0.15323677870845476,-0.13448232734587495
28,200,0.15,0.2,True,0.0,0.0,0.21333721598493893,-0.40381566773806354,-0.007733651300181998,-0.5843338721499804,-0.3832937463640127,-0.43627980668140576,0.15323677870845454,-0.13448232734587495
28,200,0.15,0.3,False,0.0,0.0,0.3334807483460833,-0.3881354883079612,-0.24513830610940202,-0.6969741748150001,-0.5528908823467149,-0.6315910561176088,0.18720128181944706,-0.1369467104176223
28,200,0.15,0.3,True,0.0,0.0,0.2482939945089142,-0.3881181030258527,-0.016628554961981235,-0.5899268314879684,-0.39258716528888304,-0.4498210813861844,0.18720128181944684,-0.1369467104176224
28,200,0.2,0.0,False,0.0,0.0,0.8331016957889514,-0.3443387343289068,-0.04876136095945427,-0.6738910847935713,-0.5288376823599434,-0.633105407572888,0.292439035652458,-0.1421212603365175
28,200,0.2,0.0,True,0.0,0.0,0.6207820802323893,-0.33872045177458,0.14293324520111028,-0.592969732911061,-0.389154837316834,-0.44802750292758464,0.29243903565245843,-0.1421212603365174
28,200,0.2,0.1,False,0.0,0.0,0.5353660054128708,-0.34400377706477314,-0.2373471808716927,-0.6462127386094927,-0.4711669183965208,-0.5778122927709417,0.1411512374517352,-0.1266802936284337
28,200,0.2,0.1,True,0.0,0.0,0.454332464248834,-0.361315000550948,-0.08701316252918867,-0.5666029020956709,-0.3221050881855123,-0.3764168039194228,0.1411512374517352,-0.12668029362843358
28,200,0.2,0.2,False,0.0,0.0,0.6686156444809561,-0.3370483927748802,-0.24550243328643784,-0.6695438569979761,-0.5166003394761973,-0.6184163744313607,0.1761877563838663,-0.1422464791304443
28,200,0.2,0.2,True,0.0,0.0,0.5411375119674464,-0.34601075850619667,-0.08843426689313827,-0.5875275716781986,-0.3739123056770359,-0.4293697863106589,0.17618775638386586,-0.14224647913044397
28,200,0.2,0.3,False,0.0,0.0,0.7472574375140579,-0.3443387364675061,-0.2526224519252688,-0.6738984981011844,-0.5127323202897628,-0.6218680608837595,0.21083497041049704,-0.1421212603365175
28,200,0.2,0.3,True,0.0,0.0,0.5987147290994512,-0.32907026385142535,-0.10200954043998267,-0.5929789857724118,-0.38335307686919773,-0.4430837073156585,0.2108349704104968,-0.1421212603365175
mix7_28,50,0.0,0.0,False,-0.30688100018915787,-0.41453013425241925,1.3015968275179355,-0.2740387691776218,0.9342129705369426,-0.6147117056655489,-0.3365512774871231,-0.4638486347115178,0.12690356082654386,-0.2643713886861384
mix7_28,50,0.0,0.0,True,-0.2867544498219957,-0.41453013425241947,1.3059108443327179,-0.253386117156541,1.128256674563831,-0.562687523857373,-0.30784562234124324,-0.3620166078723025,0.07732745633022531,-0.2967340523361033
mix7_28,50,0.0,0.1,False,-0.27340185765417824,-0.35998392278579017,0.9369089949084797,-0.2967303968994097,0.4399720873049777,-0.5910422632073817,-0.2539474073458612,-0.37436147374978224,-0.06749575694347343,-0.2892563627147746
mix7_28,50,0.0,0.1,True,-0.2523031514975136,-0.3599839227857903,0.9369651773852872,-0.2827710735933191,0.5868398932598162,-0.5358200569460141,-0.21123295597471914,-0.2666395551290033,-0.10994326187499848,-0.3216093458495507
mix7_28,50,0.0,0.2,False,-0.3226529252181416,-0.4369673916767426,1.1240021657527106,-0.26430367493869833,0.47563051029302494,-0.6166821001589045,-0.31578290052558444,-0.4394862503678726,-0.033873637254600686,-0.3032990694856458
mix7_28,50,0.0,0.2,True,-0.30298435456812556,-0.43696739167674226,1.1274757843302212,-0.24763443569926513,0.6006203515397015,-0.5649239740876822,-0.2901605253609959,-0.3400197712525562,-0.07278575921806962,-0.33135969656883457
mix7_28,50,0.0,0.3,False,-0.32853415227752625,-0.4259637224604965,1.274506164216235,-0.2555843677536843,0.5225822068691495,-0.615078790655672,-0.3138709296659915,-0.4474254767253504,0.01325489132316826,-0.29201647815864307
mix7_28,50,0.0,0.3,True,-0.3090363586696405,-0.4259637224604965,1.2785444094953942,-0.2344118603447568,0.673579715070006,-0.5631041750981499,-0.3013233749803571,-0.3563530090842624,-0.03677145740783072,-0.3269709904563195
mix7_28,50,0.05,0.0,False,-0.07778152794091164,-0.21806951614047043,-0.11553580708158984,-0.4312082107830798,0.3780949598467389,-0.42721312265505607,-0.4676029198466499,-0.48706527649921505,0.3611266210954194,-0.14594143716402286
mix7_28,50,0.05,0.0,True,-0.05638416650810241,-0.21806951614047088,-0.08324957285948775,-0.3986539857591662,0.5071712754034692,-0.37419442368458256,-0.40869578550563646,-0.4143085057522392,0.30665222371215006,-0.1559555180444775
mix7_28,50,0.05,0.1,False,-0.12118850196145292,-0.22152947014766544,-0.21030687776801504,-0.41574691400979646,0.13508785330447703,-0.3824533147670153,-0.43552415008176826,-0.45430759351284844,0.109674205280204,-0.12913239903082163
mix7_28,50,0.05,0.1,True,-0.10079827142003461,-0.22152947014766522,-0.18276272607638988,-0.3837173289264688,0.24798349595896219,-0.32529100224027485,-0.3683678886861693,-0.37436418838914887,0.06373889377228337,-0.1291176833935026
mix7_28,50,0.05,0.2,False,-0.1121018215615639,-0.2082891814564033,-0.1923906459331335,-0.4218552042019875,0.07932785159809663,-0.40844224711103194,-0.4519029881780785,-0.4719417002207439,0.17522534596276396,-0.14594143716402297
mix7_28,50,0.05,0.2,True,-0.09150076138418428,-0.2082891814564033,-0.16333188440429935,-0.3888034775195701,0.1770902078081109,-0.35368610278512536,-0.3941649935363194,-0.39991639712688054,0.13273326540450103,-0.1559555180444775
mix7_28,50,0.05,0.3,False,-0.09777645945998426,-0.21809771493427377,-0.1359400798485466,-0.4127397387395074,0.0888187129313942,-0.4255194421261683,-0.45972591114161554,-0.47947622044923377,0.21135059501694697,-0.14594143716402297
mix7_28,50,0.05,0.3,True,-0.07684302147861333,-0.21809771493427343,-0.10447192056427923,-0.3791238967668862,0.18924226987150772,-0.3723439715157264,-0.40869578550563657,-0.4143085057522392,0.15643846626289926,-0.15595551804447738
mix7_28,50,0.1,0.0,False,-0.05863015770637725,-0.2909417771762962,0.46374960029927825,-0.2949058013515219,0.17798119783085298,-0.6239757910547044,-0.39088061371148086,-0.5049960327729873,0.21754845231434938,-0.2162675756213217
mix7_28,50,0.1,0.0,True,-0.029677198736989818,-0.2909417771762961,0.48248265217511754,-0.2712287958476962,0.31230205763509344,-0.5678899771608816,-0.35745720366260925,-0.40818358094009066,0.16396675251798198,-0.25075796112007953
mix7_28,50,0.1,0.1,False,-0.10094104978760432,-0.29341671977965056,0.19725740187602625,-0.33144229665355274,-0.006945957047480467,-0.5818186209588274,-0.3268691848423123,-0.4323460250217348,-0.01253052000102306,-0.2449026526237429
mix7_28,50,0.1,0.1,True,-0.07328941306941672,-0.2934167197796502,0.21034596549596762,-0.31074146374480416,0.10796586383204643,-0.5194431362328545,-0.2804810697065321,-0.33153901358766147,-0.05749528217441924,-0.27928626986988925
mix7_28,50,0.1,0.2,False,-0.11645312767027771,-0.2988025843342713,0.3313165198006114,-0.2935400066896092,-0.05050283169564318,-0.6151248682187903,-0.3718236606574896,-0.4825103228758477,0.043541302085202016,-0.25006044164171115
mix7_28,50,0.1,0.2,True,-0.08927858351899554,-0.2988025843342713,0.3480334281491404,-0.2696594967308351,0.04275174504935486,-0.5577188967416142,-0.3410536263381724,-0.38779562226103337,0.0014953661489869319,-0.28027669715911063
mix7_28,50,0.1,0.3,False,-0.0889715761566573,-0.2994194959103239,0.4338280786390796,-0.2807696081779606,-0.0824972465101016,-0.6285687359508867,-0.3700547723227938,-0.4898314994793215,0.09488126478860148,-0.24223188701692266
mix7_28,50,0.1,0.3,True,-0.060951803915796576,-0.29941949591032424,0.45203502005816487,-0.2566228373335093,0.021054367546274433,-0.573167981812643,-0.3514077080516773,-0.4029344076518946,0.04080829992391788,-0.27965582499692176
mix7_28,50,0.15,0.0,False,-0.12612667099052577,-0.28947405522436476,0.8696917173268288,-0.3106503188432863,0.11333669773481492,-0.6870316723325833,-0.4432827257593027,-0.5429612872204947,0.08815973043099157,-0.2877648410256384
mix7_28,50,0.15,0.0,True,-0.1010086892062636,-0.28947405522436476,0.8957882026558328,-0.2842581749785087,0.28985119800910697,-0.6259768688428613,-0.39131017286675296,-0.43105662488320484,0.040283682978558666,-0.31910123706635696
mix7_28,50,0.15,0.1,False,-0.1384032217868807,-0.2790031565033011,0.5818036222342138,-0.33740502850444876,-0.12876983922257101,-0.6570622551069162,-0.3868733988655173,-0.4777070002064506,-0.11650109683068322,-0.3136519552437824
mix7_28,50,0.15,0.1,True,-0.11363810828345577,-0.2790031565033011,0.6009276890491864,-0.31610309394146663,0.010896069740955472,-0.5901593268222229,-0.3210203679924648,-0.3640877346456638,-0.15672178992496932,-0.3448974881640564
mix7_28,50,0.15,0.2,False,-0.14625153317436312,-0.26859752288706107,0.7241946541460529,-0.30692425099878506,-0.14544111556942885,-0.68860807321017,-0.42585175023881383,-0.5221905517696941,-0.06708801205304393,-0.3182912869368577
mix7_28,50,0.15,0.2,True,-0.12171200584678743,-0.26859752288706096,0.7478433849887081,-0.2826723411815676,-0.02400552908988085,-0.6278607987490863,-0.37575261298460316,-0.4165198626130099,-0.10466644526018476,-0.3457510534223819
mix7_28,50,0.15,0.3,False,-0.15394356139074372,-0.2976699463249689,0.8303219591629571,-0.294414415225828,-0.12891242484148357,-0.6875245782661993,-0.42425143292223644,-0.528961815943339,-0.02158022824588135,-0.31137298495387855
mix7_28,50,0.15,0.3,True,-0.1296251281487849,-0.29766994632496846,0.8556856966456927,-0.2698872930791484,0.008139940870810936,-0.6265659323498021,-0.3855776070299527,-0.42569838623704703,-0.06989085527135452,-0.3453747537692361
mix7_28,50,0.2,0.0,False,-0.1852660576747116,-0.31409964230076204,1.2669436921579504,-0.28301625153068943,0.06204120452092332,-0.6619118790110234,-0.3753215995135104,-0.49518000511694016,0.12223733025327421,-0.2644841120970872
mix7_28,50,0.2,0.0,True,-0.16160809456805592,-0.31409964230076204,1.2721572792926907,-0.26230584864525486,0.2167772020306109,-0.6004354687199234,-0.3380261870798954,-0.3898351055845426,0.07286213182035262,-0.29684468497838357
mix7_28,50,0.2,0.1,False,-0.18012884745776425,-0.2945384994800311,0.908003045133698,-0.3054272679958586,-0.16446139683655703,-0.6316627130736008,-0.2976350230829695,-0.41099783910533105,-0.07131610027279711,-0.2917772760935172
mix7_28,50,0.2,0.1,True,-0.15632171181333865,-0.29453849948003097,0.9088686956367795,-0.2913397472266216,-0.041269273291706154,-0.5646842314816766,-0.24572760116577097,-0.29871113729611476,-0.11359365630292362,-0.32401852190445546
mix7_28,50,0.2,0.2,False,-0.2037015199212575,-0.3360137210144597,1.0921650098090554,-0.27340154476674317,-0.180868416773331,-0.6636312619292986,-0.35576836538318934,-0.4722425261107386,-0.03789448751405622,-0.30581621120624436
mix7_28,50,0.2,0.2,True,-0.1805788794064629,-0.3360137210144597,1.0964765083579802,-0.2566228820348022,-0.07484545706309087,-0.6024674964286221,-0.321112895908643,-0.3687980405106226,-0.0766487020501384,-0.33377837037615843
mix7_28,50,0.2,0.3,False,-0.2106776083749461,-0.3230333913369806,1.2402601426657451,-0.26479006348246115,-0.17010317468820602,-0.6623480038636156,-0.3539672776360987,-0.4797170930996938,0.009043710242603309,-0.29457732607909826
mix7_28,50,0.2,0.3,True,-0.1877575371096848,-0.3230333913369805,1.2451906617215647,-0.24355827563864518,-0.05018342730831149,-0.6009508965373687,-0.33178833460312274,-0.38441846127656354,-0.04077884943960941,-0.3294082882226116
mix7_28,120,0.0,0.0,False,-0.3792691212451137,-0.43045263177555615,0.655877055523066,-0.3847947003063792,0.7533660615265028,-0.59935029459746,-0.4783260538846815,-0.5997451277577035,0.1680426093173617,-0.30313133859821795
mix7_28,120,0.0,0.0,True,-0.3792691212451137,-0.43045263177555615,0.6960849660313546,-0.36985632094312826,1.0073867503532075,-0.5270917905683792,-0.5008716438320663,-0.5456565874499053,0.19023042181234717,-0.28989381535251035
mix7_28,120,0.0,0.1,False,-0.27622852501953377,-0.3335473006232227,0.48083744199039447,-0.39969230341447326,0.3537794829180394,-0.5681097198624409,-0.37529979656097145,-0.5083657563692747,-0.050233902905591155,-0.30807284524118694
mix7_28,120,0.0,0.1,True,-0.27622852501953377,-0.3335473006232227,0.5177969862654708,-0.38470949823850453,0.5387188561995937,-0.49440689237936697,-0.39397070845012117,-0.4435477157420916,-0.032052783047407885,-0.29482746769792934
mix7_28,120,0.0,0.2,False,-0.35667236036743266,-0.40763154277403246,0.5792549909540619,-0.3773998307163662,0.34673437450777667,-0.5969520747655561,-0.45851297346490005,-0.5788490074398647,0.03838394016593716,-0.2956955217037375
mix7_28,120,0.0,0.2,True,-0.35667236036743266,-0.40763154277403246,0.6179515544033478,-0.3621442278579161,0.5200273072783343,-0.5240030825203195,-0.4848049406460263,-0.5269488999335734,0.05805405539397812,-0.28235387637600007
mix7_28,120,0.0,0.3,False,-0.3588314284052264,-0.4110571690188781,0.6795596148941356,-0.3594543144483171,0.3798225383685061,-0.5997320152344708,-0.46049231072174746,-0.587484660911906,0.09107921718003054,-0.29538068839237674
mix7_28,120,0.0,0.3,True,-0.3588314284052264,-0.4110571690188781,0.7203310153126219,-0.343905033315115,0.5780902971045987,-0.5275423557888622,-0.4961683020504658,-0.5416232241485641,0.1115463265977934,-0.282163022505737
mix7_28,120,0.05,0.0,False,-0.16013267958452038,-0.1950041898703091,-0.28392480640796114,-0.4646169980980428,0.13715717153196083,-0.4862847115482464,-0.499764311390098,-0.5180509732539518,0.4022714276302377,-0.17645576852367784
mix7_28,120,0.05,0.0,True,-0.16013267958452038,-0.1950041898703091,-0.25078991640950676,-0.43984326339278834,0.3270086564681711,-0.40112158968542766,-0.42447160478812007,-0.42993457934016643,0.43538775587192746,-0.16688307562973803
mix7_28,120,0.05,0.1,False,-0.1193006422174524,-0.15928842046493652,-0.32716688992076826,-0.44520207114699195,-0.055067444837331725,-0.4519777581030948,-0.47451126593498394,-0.49199737789426434,0.12284406400007275,-0.1455452277864907
mix7_28,120,0.05,0.1,True,-0.1193006422174524,-0.15928842046493652,-0.2953960597776082,-0.41900480098100645,0.10830878990973236,-0.36125797315784525,-0.38584971944310864,-0.39168005814648477,0.1497734767106731,-0.13577462968725396
mix7_28,120,0.05,0.2,False,-0.15039656744910213,-0.1768556963982496,-0.3245564283068991,-0.45062044697103043,-0.10937216688391371,-0.4694496789628486,-0.4843169087884509,-0.503170551021803,0.24744923438366584,-0.13204244501184204
mix7_28,120,0.05,0.2,True,-0.15039656744910213,-0.1768556963982496,-0.29334539995468945,-0.4252346093906523,0.03638811319814694,-0.38149570093767826,-0.4095316964376743,-0.4151372185435094,0.27706755886790635,-0.12222096154435169
mix7_28,120,0.05,0.3,False,-0.13339073701937876,-0.16842417325768322,-0.2826390020305606,-0.43631084643793483,-0.10154502029214796,-0.48476570052362944,-0.4923631393718765,-0.5109203591610744,0.2867965789679774,-0.14583590911920075
mix7_28,120,0.05,0.3,True,-0.13339073701937876,-0.16842417325768322,-0.24943906228524526,-0.41022294092547806,0.04708244451763077,-0.3993507587833248,-0.4244716047881205,-0.42993457934016677,0.31705986609598935,-0.13626250716006938
mix7_28,120,0.1,0.0,False,-0.15336805915552565,-0.22317865879339804,0.07968340979585276,-0.3943056683750146,-0.011092072125733599,-0.6307334006817873,-0.5244657891462052,-0.6142431017651401,0.30993374331337953,-0.2569140306009168
mix7_28,120,0.1,0.0,True,-0.15336805915552565,-0.22317865879339804,0.11587001085878557,-0.3740052553597427,0.164999562108481,-0.5515037906338631,-0.4399787984937569,-0.4841904010717081,0.3342535952345693,-0.24928441973379334
mix7_28,120,0.1,0.1,False,-0.07180941860921752,-0.16368840396641537,-0.06122275212106176,-0.4147313532359612,-0.1397110521306666,-0.5774681865670981,-0.46754446930973037,-0.5517779369655035,0.04393939231266364,-0.2369796924524067
mix7_28,120,0.1,0.1,True,-0.07180941860921752,-0.16368840396641537,-0.029120214899710284,-0.39471743773078327,0.0061757984963859425,-0.4910182025505806,-0.3593405736103774,-0.404802550581819,0.06348647234713622,-0.2226926379266455
mix7_28,120,0.1,0.2,False,-0.1444808622067184,-0.21224812900726298,0.014814860425655718,-0.3870970031546005,-0.1974993532033883,-0.6131774217610664,-0.5063975276382049,-0.5940961975407979,0.1638180981609496,-0.21333150772333875
mix7_28,120,0.1,0.2,True,-0.1444808622067184,-0.21224812900726298,0.04905375113193555,-0.36641823745960533,-0.06797763325411776,-0.5301597149090091,-0.42194537034373913,-0.4629493552240782,0.1853903509323911,-0.20454470045940754
mix7_28,120,0.1,0.3,False,-0.12541990977072515,-0.1966579506880609,0.08541104299326929,-0.36943905838141133,-0.22998612937202645,-0.6352438048055706,-0.5082072329359266,-0.6024253692805626,0.2228583851400785,-0.224051853629892
mix7_28,120,0.1,0.3,True,-0.12541990977072515,-0.1966579506880609,0.12178217622907006,-0.3483095368338376,-0.09381108138428895,-0.5569819442387687,-0.4347062379423793,-0.4796153776670007,0.24530151541991785,-0.2164199341185633
mix7_28,120,0.15,0.0,False,-0.2116209851727796,-0.27662823225597666,0.31453721544715174,-0.43361740064174903,0.007221274507195563,-0.675204076251525,-0.6133067326356898,-0.6850089105070383,0.15940298556106725,-0.31578098542751354
mix7_28,120,0.15,0.0,True,-0.2116209851727796,-0.27662823225597666,0.3755067463302981,-0.40734801779167595,0.24624798222790845,-0.585673903823924,-0.5136618546709214,-0.545418941606532,0.18149845767799433,-0.3084250656479308
mix7_28,120,0.15,0.1,False,-0.1309038194694213,-0.1997315236162307,0.18178797790811663,-0.4473005508228709,-0.1822433849883932,-0.6384166846572621,-0.5694799507158796,-0.636109435525432,-0.06891737657165298,-0.3086337806481918
mix7_28,120,0.15,0.1,True,-0.1309038194694213,-0.1997315236162307,0.23741955158827932,-0.4212827365408971,0.004360012225907761,-0.5426092678684687,-0.44704712722985884,-0.48212067434513817,-0.05110385677810392,-0.2954065272088916
mix7_28,120,0.15,0.2,False,-0.1828225173691176,-0.2475526701412527,0.2533062855904289,-0.42659038441137365,-0.2216472696124414,-0.6732345682910884,-0.5986176816787767,-0.6685620057064613,0.03765738701519861,-0.2868150289726966
mix7_28,120,0.15,0.2,True,-0.1828225173691176,-0.2475526701412527,0.31171896026709356,-0.3998655608650916,-0.050558483698212475,-0.5829354765120063,-0.49800279891710286,-0.5307863485722384,0.05730288294976549,-0.273312621892829
mix7_28,120,0.15,0.3,False,-0.18560859647330086,-0.2519440284998319,0.32186524928006266,-0.4098154680213517,-0.21216672024089056,-0.6757156099240319,-0.6000876813838563,-0.6753604726379585,0.09030842690636165,-0.2907456269375892
mix7_28,120,0.15,0.3,True,-0.18560859647330086,-0.2519440284998319,0.3831653602892271,-0.38244628092313093,-0.026212869817802242,-0.5863264420305198,-0.50908158190675,-0.5411377531764966,0.11074989823811676,-0.27744828595031057
mix7_28,120,0.2,0.0,False,-0.25846540877422974,-0.31961001243052534,0.6625161700172268,-0.380641277077831,-0.037226846755170295,-0.6484207732246898,-0.4923372946146797,-0.610495262662643,0.14988915274393788,-0.3112149501337834
mix7_28,120,0.2,0.0,True,-0.25846540877422974,-0.31961001243052534,0.7028006736180437,-0.36563356818830084,0.14767289773133263,-0.5679122878755998,-0.4894098061767299,-0.5352231736386739,0.1718700733697167,-0.2980483510114209
mix7_28,120,0.2,0.1,False,-0.17000555939292517,-0.2357366177974447,0.48698327267130304,-0.3956359216307338,-0.21444917237026162,-0.6109954661145047,-0.3973365149779329,-0.5257084836838624,-0.06472112050425982,-0.31825083263190634
mix7_28,120,0.2,0.1,True,-0.17000555939292517,-0.2357366177974447,0.5240193773858683,-0.38058310180176846,-0.07034298683171136,-0.5258462680338879,-0.38535247087022906,-0.43563450288951233,-0.04671041166679024,-0.3051223572404018
mix7_28,120,0.2,0.2,False,-0.2313667181625405,-0.29225159423487845,0.5856945876209869,-0.37319648325021304,-0.2523948508678733,-0.6463061587858749,-0.47305757858924935,-0.5901613294109855,0.022606704570728775,-0.3060144468570474
mix7_28,120,0.2,0.2,True,-0.2313667181625405,-0.29225159423487845,0.624468216889847,-0.3578697946352657,-0.12142800827733546,-0.5650777443748743,-0.4729746709811943,-0.5160863682206023,0.042092288255967114,-0.2927906790960194
mix7_28,120,0.2,0.3,False,-0.2340105378845171,-0.29640343849368334,0.6862931057376704,-0.35512981117983256,-0.24789081694225668,-0.6488743012516536,-0.47498305659224205,-0.5985644895363633,0.07464089739617208,-0.30562093754775865
mix7_28,120,0.2,0.3,True,-0.2340105378845171,-0.29640343849368334,0.7271421349067124,-0.339508374394181,-0.10437706625721832,-0.5684696697475391,-0.48459845829106907,-0.5310971893776453,0.09491705327354061,-0.29251950232192947
mix7_28,200,0.0,0.0,False,0.0,0.0,0.8717848789000413,-0.34106115874698373,0.642190372624629,-0.6247542920727083,-0.5078378161945996,-0.6223880577735914,0.3292608118452056,-0.13843650030097476
mix7_28,200,0.0,0.0,True,0.0,0.0,0.5759119187081918,-0.3795335547351366,0.8884715211548877,-0.5551063164671481,-0.49125267753774593,-0.5369006954686943,0.32926081184520584,-0.13843650030097465
mix7_28,200,0.0,0.1,False,0.0,0.0,0.543482397178588,-0.3378516173201461,0.2598010961693138,-0.5972834976640012,-0.425382174050709,-0.5477802013155836,0.14167143217843714,-0.12328716025217634
mix7_28,200,0.0,0.1,True,0.0,0.0,0.39162123780064606,-0.3941586320755751,0.4382745996429189,-0.5264611426218603,-0.39970900344522453,-0.44881658211916853,0.1416714321784378,-0.12328716025217645
mix7_28,200,0.0,0.2,False,0.0,0.0,0.6769742786052346,-0.32359593604524084,0.2680018425028874,-0.6205100441300315,-0.49022766074396984,-0.6035156594034065,0.1906712313274559,-0.13864222002467796
mix7_28,200,0.0,0.2,True,0.0,0.0,0.48732306279189075,-0.37193989769918046,0.4375329573690372,-0.5498303447664245,-0.4759886426982536,-0.5188537923292089,0.19067123132745745,-0.13864222002467785
mix7_28,200,0.0,0.3,False,0.0,0.0,0.8333555894569911,-0.32431050957844065,0.2923321251405422,-0.6251118089477595,-0.49101295069028683,-0.610821181217392,0.23620125655481683,-0.13849788224535187
mix7_28,200,0.0,0.3,True,0.0,0.0,0.5984400578109395,-0.3539808058625312,0.4846060846879974,-0.5555301907341098,-0.4864586951713966,-0.5327896030919181,0.23620125655481794,-0.13849788224535153
mix7_28,200,0.05,0.0,False,0.0,0.0,-0.09248415298426493,-0.319322643371576,0.13411321352403038,-0.4876598317199393,-0.5603715058807974,-0.5764426055658547,0.3108683212040859,-0.06279197561692251
mix7_28,200,0.05,0.0,True,0.0,0.0,-0.21602349297863133,-0.4119826576991579,0.3342572024236101,-0.3978503241521738,-0.46271422638560644,-0.4678141980513856,0.3108683212040866,-0.06279197561692262
mix7_28,200,0.05,0.1,False,0.0,0.0,-0.22795772295615324,-0.3631252884054621,-0.06365263397352305,-0.45695681673730093,-0.5404765869432366,-0.5557676433022622,0.11477077281898374,-0.06258272423497757
mix7_28,200,0.05,0.1,True,0.0,0.0,-0.28562704839739816,-0.41069798759607756,0.10720195291574797,-0.3618958669572614,-0.4313991267135544,-0.436797049312058,0.11477077281898418,-0.06258272423497746
mix7_28,200,0.05,0.2,False,0.0,0.0,-0.18720720896688758,-0.33680018139489765,-0.10706294872919964,-0.46807406909761384,-0.5454424382329186,-0.5620612992932779,0.18252512750161687,-0.06274281643015167
mix7_28,200,0.05,0.2,True,0.0,0.0,-0.26055372565311896,-0.3966474107235378,0.0475551299461443,-0.37483135600882556,-0.4471211071555541,-0.4523697798395774,0.1825251275016173,-0.06274281643015145
mix7_28,200,0.05,0.3,False,0.0,0.0,-0.12207132358160377,-0.30794232547674105,-0.10395001697895956,-0.48614488680499,-0.5538670397197973,-0.5701759172683688,0.20671757475883834,-0.06279210664398527
mix7_28,200,0.05,0.3,True,0.0,0.0,-0.214609953677664,-0.3808891044897178,0.05280194392081894,-0.39606982040497307,-0.462714226385607,-0.46781419805138613,0.20671757475883812,-0.06279210664398505
mix7_28,200,0.1,0.0,False,0.0,0.0,0.32805488559619533,-0.32152133885579826,-0.06477142368184985,-0.6507777253528426,-0.5816073381052238,-0.6605967524250786,0.35484106258259085,-0.10466580299615269
mix7_28,200,0.1,0.0,True,0.0,0.0,0.1423749547804105,-0.38710732536506387,0.12326387985715859,-0.5675710028960292,-0.4516038763728577,-0.4948977220484878,0.3548410625825904,-0.10466580299615269
mix7_28,200,0.1,0.1,False,0.0,0.0,0.06806498678143669,-0.3566657439507287,-0.19163389760842342,-0.6029667281489025,-0.5442839586893993,-0.616377382859845,0.14048781469392368,-0.10466580299615291
mix7_28,200,0.1,0.1,True,0.0,0.0,-0.016140899934903197,-0.40738600175907813,-0.03610053547943737,-0.5123998147610168,-0.3917223504121884,-0.4348864768711441,0.14048781469392457,-0.1046658029961528
mix7_28,200,0.1,0.2,False,0.0,0.0,0.18521487170716555,-0.31542553572411214,-0.2370518840411886,-0.6322425926347051,-0.5666442277368291,-0.643638827541497,0.21353775483052462,-0.10466580299615269
mix7_28,200,0.1,0.2,True,0.0,0.0,0.07397162738811325,-0.3796791037495758,-0.09662083449178283,-0.5445989926765147,-0.4351621933450128,-0.4752286502086097,0.21353775483052417,-0.1046658029961528
mix7_28,200,0.1,0.3,False,0.0,0.0,0.2892500743500497,-0.30432852305458,-0.2717835951347287,-0.6550432982223999,-0.5673024564455619,-0.6501990724287117,0.2600872309685984,-0.10466580299615269
mix7_28,200,0.1,0.3,True,0.0,0.0,0.14842755013581632,-0.3619494182279053,-0.126274967197889,-0.5728529036565699,-0.4464407651188773,-0.49041766826856525,0.26008723096859865,-0.10466580299615258
mix7_28,200,0.15,0.0,False,0.0,0.0,0.48413974481734656,-0.36516777762768504,-0.07521330868813769,-0.7017865336246516,-0.6355766733620891,-0.7031494717331621,0.29808446271702516,-0.12773394799026638
mix7_28,200,0.15,0.0,True,0.0,0.0,0.27805859363991736,-0.4164445038295532,0.1794725269007167,-0.6078739908984208,-0.5042790147783833,-0.5366487858413488,0.2980844627170247,-0.1277339479902665
mix7_28,200,0.15,0.1,False,0.0,0.0,0.2302910084375156,-0.38208510270929774,-0.2539912545704168,-0.6694781481280687,-0.604420277889085,-0.6656422189559035,0.09369272718071264,-0.1277339479902666
mix7_28,200,0.15,0.1,True,0.0,0.0,0.13456150312335158,-0.4301653431062554,-0.05555657694313121,-0.5690311946939861,-0.45227340248813175,-0.4870154493607409,0.0936927271807122,-0.12773394799026627
mix7_28,200,0.15,0.2,False,0.0,0.0,0.32924617817977797,-0.34859349348859503,-0.2815771942868285,-0.6983902198265189,-0.6225348058187385,-0.6883113650887414,0.16272106129521036,-0.12773394799026627
mix7_28,200,0.15,0.2,True,0.0,0.0,0.20582504635444332,-0.40907689350266796,-0.09668638585643408,-0.6031930745116985,-0.48940167845310234,-0.5227469349448759,0.1627210612952099,-0.1277339479902665
mix7_28,200,0.15,0.3,False,0.0,0.0,0.4411610920650755,-0.34902993503088064,-0.27664580709823583,-0.702256201556088,-0.6231189166883697,-0.6940566942739762,0.20718790175658497,-0.12773394799026627
mix7_28,200,0.15,0.3,True,0.0,0.0,0.2851746309933134,-0.39192497828998907,-0.07838954728135317,-0.6084915653285617,-0.4996103755835237,-0.5322850011642893,0.20718790175658475,-0.1277339479902665
mix7_28,200,0.2,0.0,False,0.0,0.0,0.8792840491066138,-0.33661133351434136,-0.11257673323064321,-0.6759365537929414,-0.5215745720786931,-0.6329275941265751,0.32395954543944905,-0.1414324588505338
mix7_28,200,0.2,0.0,True,0.0,0.0,0.5821581362075521,-0.37537314886738415,0.06272217641338651,-0.5998954103194452,-0.47955922169597187,-0.5262564456283125,0.3239595454394495,-0.14143245885053368
mix7_28,200,0.2,0.1,False,0.0,0.0,0.5498836082381611,-0.33337621884503854,-0.280577067770154,-0.6430259948708479,-0.4462479067864532,-0.5642013719416379,0.13714234023825167,-0.12628289032701456
mix7_28,200,0.2,0.1,True,0.0,0.0,0.3973319566688387,-0.39009316104199554,-0.14468219146495886,-0.5628848289255877,-0.39116189807944246,-0.44096868243058507,0.13714234023825123,-0.12628289032701456
mix7_28,200,0.2,0.2,False,0.0,0.0,0.6838073279877364,-0.3190281685149451,-0.3072665491634974,-0.6722618260029231,-0.5044570816419851,-0.61458284126011,0.185876174918868,-0.14163822162916073
mix7_28,200,0.2,0.2,True,0.0,0.0,0.49331957308617946,-0.36772857440039997,-0.1821644068753846,-0.5951390015779527,-0.46394487401589457,-0.507795226214498,0.18587617491886732,-0.14163822162916107
mix7_28,200,0.2,0.3,False,0.0,0.0,0.8407001785121171,-0.31974756692629824,-0.30675342789977333,-0.6763545871810832,-0.5052197982021469,-0.6216839373091223,0.23123581346542887,-0.141493865953087
mix7_28,200,0.2,0.3,True,0.0,0.0,0.604775017691471,-0.3496490614684866,-0.17067105507546998,-0.6004115347981328,-0.47465505066292646,-0.5220508606287239,0.23123581346542865,-0.14149386595308688
